customer_id,first_name,last_name,gender,age,city,state,country,signup_date,customer_segment
1,Isaac,Bakshi,Male,69,Sambalpur,West Bengal,India,2023-08-12,Regular
2,Liam,Chaudry,Male,56,Gudivada,Andhra Pradesh,India,2025-04-20,VIP
3,Azad,Balan,Male,28,Bellary,West Bengal,India,2023-09-10,Regular
4,Yashasvi,Bala,Female,57,Bongaigaon,West Bengal,India,2025-04-13,VIP
5,Thomas,Sen,Female,19,Chennai,West Bengal,India,2023-01-27,Premium
6,Pahal,Oak,Female,19,Bhatpara,Delhi,India,2023-07-18,Regular
7,Gayathri,Chaudry,Female,39,Nadiad,Rajasthan,India,2022-07-15,Regular
8,Jagrati,Padmanabhan,Male,59,Varanasi,Tamil Nadu,India,2025-08-15,VIP
9,Jeet,Radhakrishnan,Female,20,Suryapet,Delhi,India,2024-03-16,VIP
10,Janaki,Handa,Male,38,Ranchi,Rajasthan,India,2023-08-27,VIP
11,Bimala,Buch,Female,21,Salem,Rajasthan,India,2024-12-12,Premium
12,Arunima,Setty,Female,26,Ujjain,Andhra Pradesh,India,2024-11-11,Regular
13,Isha,Kadakia,Female,37,Madurai,Kerala,India,2023-03-03,Regular
14,Yash,Gade,Female,64,Nadiad,Tamil Nadu,India,2024-01-04,Premium
15,Theodore,Nair,Male,53,Berhampur,Karnataka,India,2021-12-26,Premium
16,Diya,Rattan,Female,23,Amritsar,Gujarat,India,2023-07-05,Premium
17,Divya,Kala,Female,46,Tenali,Karnataka,India,2025-08-13,Premium
18,Luke,Lanka,Female,51,Shahjahanpur,Andhra Pradesh,India,2026-06-28,Premium
19,Adya,Sangha,Female,31,Mirzapur,West Bengal,India,2023-07-31,Premium
20,Lakshit,Upadhyay,Male,57,Mysore,Delhi,India,2022-02-11,Regular
21,Imaran,Dua,Female,64,Bhusawal,Delhi,India,2022-04-03,Premium
22,Lekha,Raj,Male,62,Dehri,Rajasthan,India,2023-11-08,Regular
23,Advay,Contractor,Male,62,Mau,Telangana,India,2022-08-30,Regular
24,Chaaya,Saran,Male,26,Malda,West Bengal,India,2021-09-28,Regular
25,Adya,Tella,Female,25,Guna,West Bengal,India,2022-08-14,VIP
26,Chanchal,Tripathi,Male,68,Jamnagar,Telangana,India,2024-11-22,VIP
27,Neel,Zacharia,Male,50,Khora ,Delhi,India,2024-06-21,Premium
28,Vrinda,Bahl,Male,58,Mirzapur,Kerala,India,2024-04-30,Regular
29,Wriddhish,Bhardwaj,Female,29,Tezpur,Karnataka,India,2022-05-20,Regular
30,Frederick,Sunder,Female,40,Katihar,West Bengal,India,2022-10-13,Regular
31,Kabir,Soman,Male,61,Bilaspur,West Bengal,India,2026-03-15,Premium
32,Pallavi,Kakar,Male,52,Bijapur,Telangana,India,2025-02-08,VIP
33,Kashvi,Sarma,Male,64,Jamshedpur,Tamil Nadu,India,2023-10-28,Regular
34,Umang,Bhatt,Male,43,Jaipur,Kerala,India,2026-06-04,VIP
35,Victor,Kannan,Female,56,Madurai,Rajasthan,India,2022-03-19,VIP
36,Veer,Bir,Male,43,Bathinda,Andhra Pradesh,India,2022-04-26,Regular
37,Yoshita,Khanna,Male,49,Shivpuri,Kerala,India,2023-07-15,Regular
38,Kevin,Solanki,Female,49,Bhalswa Jahangir Pur,Maharashtra,India,2025-03-05,Premium
39,Ranveer,Chandra,Male,40,Chinsurah,Kerala,India,2024-09-22,Regular
40,Pallavi,Roy,Male,60,Meerut,Maharashtra,India,2022-07-20,Regular
41,Darsh,Rau,Female,24,Moradabad,Tamil Nadu,India,2023-10-30,Premium
42,Rehaan,Gupta,Female,19,Kolhapur,Andhra Pradesh,India,2025-04-20,Regular
43,Qadim,Mallick,Female,23,Kulti,Maharashtra,India,2022-05-10,Premium
44,Saanvi,Chaudhari,Female,28,Panvel,Andhra Pradesh,India,2021-11-02,VIP
45,Girik,Khalsa,Female,42,Vellore,Kerala,India,2025-11-04,Premium
46,Vasana,Kala,Male,18,Allahabad,Rajasthan,India,2023-02-11,VIP
47,Ladli,Agate,Female,69,Bilaspur,Rajasthan,India,2025-08-01,VIP
48,Bhavika,Sampath,Male,23,Bhatpara,West Bengal,India,2023-04-30,VIP
49,Chaman,Kalla,Male,54,Adoni,Telangana,India,2026-04-29,VIP
50,Darsh,Murthy,Female,61,Dhanbad,West Bengal,India,2025-10-08,VIP
51,Yadavi,Wali,Male,49,Howrah,West Bengal,India,2026-01-12,Regular
52,Faris,Grewal,Female,66,Hindupur,Telangana,India,2022-04-17,Premium
53,Wahab,Raval,Female,29,Jehanabad,Kerala,India,2023-10-22,Premium
54,Balveer,Bumb,Male,66,Ballia,Delhi,India,2026-07-10,Regular
55,Diya,Lal,Female,34,Satara,Telangana,India,2023-09-29,Premium
56,Alka,Randhawa,Female,45,Dewas,Gujarat,India,2025-08-08,VIP
57,Diya,Bora,Male,49,Berhampore,Telangana,India,2026-07-03,Regular
58,Harish,Borah,Male,19,Guna,Delhi,India,2023-12-20,Premium
59,Kevin,Palla,Female,23,Sambalpur,Kerala,India,2024-11-09,VIP
60,Bhavani,Dugar,Male,34,Tinsukia,Gujarat,India,2024-04-14,Regular
61,Abhiram,Mistry,Female,51,Guntur,Gujarat,India,2023-12-18,Premium
62,Jack,Chhabra,Male,65,Darbhanga,Telangana,India,2024-02-10,Regular
63,Shivansh,Oza,Female,23,Bilaspur,Tamil Nadu,India,2026-01-05,VIP
64,Vrinda,Krishnamurthy,Female,36,Tiruchirappalli,Andhra Pradesh,India,2025-04-26,VIP
65,Aradhana,Basu,Male,36,Thoothukudi,Maharashtra,India,2022-10-29,VIP
66,Adweta,Edwin,Female,58,Suryapet,Telangana,India,2025-05-08,VIP
67,Aditya,Choudhury,Female,57,Jalgaon,Telangana,India,2026-05-10,VIP
68,Balendra,Pingle,Female,42,Chinsurah,Karnataka,India,2022-10-18,VIP
69,Benjamin,Morar,Male,47,Thane,Andhra Pradesh,India,2024-10-03,VIP
70,Shivansh,Krish,Male,33,Raichur,Andhra Pradesh,India,2026-06-23,Regular
71,Niharika,Dubey,Female,66,Ujjain,Karnataka,India,2023-03-22,Regular
72,Nitara,Bakshi,Female,29,Thoothukudi,Delhi,India,2025-03-20,Regular
73,Yuvraj,Loke,Female,26,Moradabad,Rajasthan,India,2024-12-19,VIP
74,Balvan,Singhal,Male,65,Kollam,Tamil Nadu,India,2025-08-18,Premium
75,Inaya,Mody,Female,50,Rajahmundry,West Bengal,India,2021-11-30,VIP
76,Reyansh,Rastogi,Male,25,Alwar,Maharashtra,India,2022-04-21,Premium
77,Arya,Panchal,Female,37,Jorhat,Tamil Nadu,India,2024-07-12,Premium
78,Ayaan,D’Alia,Male,52,Mangalore,Rajasthan,India,2023-12-21,Regular
79,Balvan,Chopra,Female,63,Hapur,Karnataka,India,2024-05-19,Premium
80,Rajata,Vaidya,Female,52,Kharagpur,Rajasthan,India,2026-08-14,Regular
81,Ranveer,Kumar,Female,50,Junagadh,Delhi,India,2021-09-23,VIP
82,Zinal,Yohannan,Male,34,Bharatpur,Telangana,India,2025-05-19,VIP
83,Ekaraj,Narayanan,Male,39,Amravati,Kerala,India,2024-04-08,Premium
84,Yashica,More,Female,47,Khammam,Gujarat,India,2025-02-19,Premium
85,Chakrika,Datta,Male,68,Bidar,Gujarat,India,2024-12-08,VIP
86,Owen,Mitra,Male,51,Motihari,Delhi,India,2021-09-19,Premium
87,Daksha,Mangat,Male,45,Chinsurah,Telangana,India,2024-06-15,Regular
88,Udyati,Sathe,Female,65,Kakinada,Tamil Nadu,India,2026-01-23,VIP
89,Urvashi,Gara,Female,66,Anantapuram,Telangana,India,2026-02-05,Premium
90,Gautami,Chander,Male,63,Tirupati,Delhi,India,2023-08-16,Premium
91,Rushil,Din,Male,58,Ranchi,Delhi,India,2023-10-18,Regular
92,Vaishnavi,Bora,Male,63,Vijayanagaram,Delhi,India,2026-08-11,VIP
93,Robert,Rajagopalan,Male,50,Silchar,Maharashtra,India,2023-10-16,VIP
94,Manbir,Ahluwalia,Male,38,Khandwa,Kerala,India,2023-07-29,Regular
95,Patrick,Vasa,Female,20,Dhanbad,Karnataka,India,2026-06-15,Regular
96,Zaid,Dara,Female,48,Guntur,Gujarat,India,2025-08-31,Premium
97,Edhitha,Savant,Male,57,Motihari,West Bengal,India,2025-07-04,Premium
98,Nathan,Soman,Female,64,Rampur,Gujarat,India,2023-10-26,VIP
99,Aradhana,Verma,Female,44,Mathura,Andhra Pradesh,India,2024-01-19,Premium
100,Ria,Brahmbhatt,Female,34,Noida,West Bengal,India,2024-01-10,Regular
101,Gautami,Nagarajan,Male,60,Durgapur,Gujarat,India,2022-12-30,VIP
102,Vihaan,Rajagopal,Male,59,Kakinada,Kerala,India,2022-04-05,Premium
103,Oeshi,Reddy,Male,67,Hosur,Rajasthan,India,2025-09-04,Regular
104,Ojasvi,Bhatia,Female,24,Bidar,Rajasthan,India,2025-01-10,Regular
105,Anmol,Rai,Female,18,Chennai,West Bengal,India,2024-09-14,Premium
106,Chanchal,Ramakrishnan,Female,31,Siwan,Tamil Nadu,India,2026-05-11,VIP
107,Thomas,Sura,Male,45,Darbhanga,Karnataka,India,2025-06-03,Premium
108,Vedika,Balakrishnan,Female,40,Naihati,Gujarat,India,2025-02-25,VIP
109,Noah,Sibal,Male,39,Deoghar,Andhra Pradesh,India,2021-12-10,Premium
110,Meera,Bala,Female,66,Haldia,Maharashtra,India,2022-11-13,Premium
111,Triya,Gopal,Female,32,Bhilwara,Gujarat,India,2024-12-08,VIP
112,Falak,Kakar,Female,54,Khammam,Telangana,India,2024-08-01,Regular
113,Ladli,Mall,Female,61,Nizamabad,Delhi,India,2022-05-30,VIP
114,Upma,Bahl,Female,23,Etawah,Maharashtra,India,2023-08-15,Premium
115,Ekapad,Baria,Male,52,Shahjahanpur,Kerala,India,2023-05-30,Regular
116,Anmol,Dua,Female,59,Cuttack,Tamil Nadu,India,2025-09-28,Regular
117,Ishwar,Kamdar,Female,36,Bardhaman,Andhra Pradesh,India,2024-11-07,VIP
118,Oliver,Contractor,Female,54,Bijapur,Andhra Pradesh,India,2022-08-19,Regular
119,Atharv,Muni,Female,40,Sikar,Rajasthan,India,2023-05-27,Regular
120,Faqid,Kibe,Male,18,Barasat,Karnataka,India,2022-09-29,Premium
121,Benjamin,Palan,Female,65,Uluberia,Rajasthan,India,2022-04-20,Regular
122,Yashawini,Om,Male,18,Bidar,Kerala,India,2025-11-19,VIP
123,Hitesh,Sant,Male,39,Jaunpur,Kerala,India,2023-01-06,VIP
124,Radhika,Goda,Female,43,Tadepalligudem,Tamil Nadu,India,2026-04-17,Regular
125,Veda,Shroff,Female,46,Guntakal,Delhi,India,2023-12-30,VIP
126,Ekantika,Korpal,Male,47,Alwar,Maharashtra,India,2025-07-19,Regular
127,Yagnesh,Shetty,Female,33,Naihati,Andhra Pradesh,India,2021-12-16,Premium
128,Warda,Nair,Female,38,Morbi,Kerala,India,2023-07-09,Regular
129,Isha,Kuruvilla,Female,47,Parbhani,Delhi,India,2024-01-24,VIP
130,Advaith,Varughese,Female,27,Guwahati,Gujarat,India,2023-10-07,Regular
131,Niharika,Suresh,Female,51,Fatehpur,Maharashtra,India,2025-11-20,VIP
132,Sara,Badal,Female,36,Durg,Andhra Pradesh,India,2023-08-07,Regular
133,Nidhi,Kohli,Female,22,Amaravati,Maharashtra,India,2024-11-07,VIP
134,Urvashi,Wali,Female,66,Khandwa,Maharashtra,India,2026-05-24,Premium
135,Ganga,Pandey,Male,50,Gopalpur,Telangana,India,2024-04-27,Regular
136,Zayan,Kashyap,Male,60,Nellore,Delhi,India,2024-05-25,VIP
137,Jagdish,Wason,Male,50,Nellore,West Bengal,India,2023-07-22,Premium
138,Veda,Malhotra,Male,61,Salem,Karnataka,India,2023-05-14,Regular
139,Chaman,Karan,Male,67,Mangalore,Tamil Nadu,India,2024-04-14,VIP
140,Akshay,Walla,Male,43,Panipat,West Bengal,India,2022-02-06,Regular
141,Chatura,Master,Female,27,Pallavaram,Andhra Pradesh,India,2022-08-02,Premium
142,Advik,Mane,Female,68,Nangloi Jat,Rajasthan,India,2025-06-17,VIP
143,Harini,Gour,Female,67,Nizamabad,West Bengal,India,2025-10-11,Regular
144,Ishaan,Bhattacharyya,Male,53,Pallavaram,Andhra Pradesh,India,2022-05-06,Regular
145,Chatresh,Doshi,Male,41,Phusro,Tamil Nadu,India,2024-04-18,Regular
146,Frederick,Kothari,Male,65,Proddatur,Maharashtra,India,2025-04-03,Premium
147,Upkaar,Virk,Male,56,Hospet,West Bengal,India,2025-06-24,VIP
148,Chameli,Sanghvi,Female,49,Jehanabad,Delhi,India,2022-03-24,Regular
149,Hardik,Johal,Male,30,Bilaspur,Kerala,India,2022-05-28,Regular
150,Naksh,Khatri,Male,58,Suryapet,Telangana,India,2022-05-09,Regular
151,Naksh,Agate,Female,37,Hospet,Rajasthan,India,2025-09-16,Premium
152,Bishakha,Bali,Male,36,Tumkur,Telangana,India,2024-02-13,Regular
153,Sudiksha,Bobal,Male,36,Bilaspur,Rajasthan,India,2023-05-25,VIP
154,Pavani,Contractor,Female,31,Jalgaon,Maharashtra,India,2023-12-22,VIP
155,Lucky,Bora,Female,64,Dehradun,Delhi,India,2024-04-30,Regular
156,Bhavya,Sarna,Male,29,Bhind,Rajasthan,India,2024-04-19,VIP
157,Neha,Magar,Male,53,Bahraich,Delhi,India,2022-05-25,VIP
158,Balveer,Sankaran,Female,56,Mahbubnagar,Delhi,India,2023-11-04,Premium
159,Atharv,Chand,Female,56,Ramgarh,Andhra Pradesh,India,2021-11-21,Regular
160,Amruta,Baria,Male,40,Nandyal,Karnataka,India,2026-02-16,VIP
161,Riya,Mall,Female,26,Bhimavaram,Andhra Pradesh,India,2025-06-03,Premium
162,Vyanjana,Chand,Female,34,Karnal,Gujarat,India,2025-03-09,VIP
163,Gauri,Nagi,Female,30,Nanded,West Bengal,India,2024-07-08,Premium
164,Nisha,Tandon,Male,67,Rewa,Andhra Pradesh,India,2026-05-24,Premium
165,Balhaar,Sha,Male,46,Satna,Delhi,India,2023-11-11,Premium
166,Ekiya,D’Alia,Male,25,Kottayam,Telangana,India,2021-09-21,Premium
167,Turvi,Sachdev,Female,34,Maheshtala,Kerala,India,2026-02-14,Regular
168,Janaki,Tara,Male,21,Faridabad,Maharashtra,India,2023-06-12,Premium
169,Amara,Deep,Female,48,Bahraich,Tamil Nadu,India,2025-11-01,Regular
170,Jairaj,Balakrishnan,Female,56,Kozhikode,Andhra Pradesh,India,2024-05-10,Premium
171,Akshay,Reddy,Male,56,Kamarhati,Tamil Nadu,India,2022-09-05,Regular
172,Triya,Dalal,Male,67,Panchkula,Andhra Pradesh,India,2024-03-12,Regular
173,Yashodhara,Mahajan,Male,58,Karawal Nagar,Kerala,India,2025-09-24,Regular
174,Yagnesh,Shan,Male,30,Yamunanagar,Rajasthan,India,2023-05-03,VIP
175,Yashoda,Deshpande,Female,66,Bally,Rajasthan,India,2025-03-30,Regular
176,Harini,Tripathi,Female,23,Delhi,Andhra Pradesh,India,2024-02-13,Regular
177,Chanchal,Suri,Female,62,Amroha,Delhi,India,2026-04-18,Premium
178,Veda,Pai,Male,28,Suryapet,Delhi,India,2026-05-03,VIP
179,Krishna,Shah,Male,37,Maheshtala,Rajasthan,India,2023-09-29,Premium
180,Leela,Kaur,Male,58,Varanasi,Telangana,India,2024-06-02,Premium
181,Urvashi,Raj,Male,48,Saharanpur,Telangana,India,2025-12-04,Regular
182,Balhaar,Date,Female,20,Salem,Kerala,India,2025-06-16,Regular
183,Harish,Vora,Male,29,Kanpur,Andhra Pradesh,India,2022-12-09,Premium
184,Nimrat,Dubey,Female,41,Nandyal,Delhi,India,2023-12-20,Premium
185,Hamsini,Rao,Female,53,Ozhukarai,Andhra Pradesh,India,2026-04-02,Premium
186,Lajita,Nadig,Female,67,Hosur,Delhi,India,2022-01-07,Regular
187,Ekapad,Keer,Female,44,Ambattur,Gujarat,India,2022-06-25,VIP
188,Radha,Chaudhari,Male,26,Raiganj,Telangana,India,2023-02-16,Regular
189,Chandani,Balakrishnan,Female,30,Anantapur,Tamil Nadu,India,2022-03-11,Regular
190,Chaaya,Parmer,Female,35,Chinsurah,Tamil Nadu,India,2022-12-14,Regular
191,Yash,Wali,Male,42,Buxar,Karnataka,India,2023-03-31,Premium
192,Onkar,Gill,Female,47,Phagwara,Karnataka,India,2024-12-19,VIP
193,Wridesh,Tank,Male,22,Ahmednagar,Kerala,India,2025-08-20,Regular
194,Aachal,Sharaf,Female,18,Bangalore,Karnataka,India,2025-09-02,VIP
195,Bhavna,Dugar,Male,28,Mango,Delhi,India,2024-08-26,Premium
196,Chandani,Samra,Male,42,Sirsa,Gujarat,India,2024-04-13,VIP
197,Rushil,Rajagopalan,Male,66,Aligarh,Telangana,India,2023-09-24,Premium
198,Lakshmi,Parmer,Male,52,Sagar,Telangana,India,2021-11-25,Regular
199,Meghana,Maharaj,Female,23,Buxar,Telangana,India,2022-02-17,Regular
200,Watika,Mangat,Male,22,Medininagar,Gujarat,India,2024-09-16,VIP
201,Theodore,Gupta,Male,40,Durgapur,Delhi,India,2022-07-16,Regular
202,Balveer,More,Male,27,Visakhapatnam,Andhra Pradesh,India,2024-10-25,VIP
203,Karan,Chana,Male,38,Khammam,Rajasthan,India,2025-03-31,Premium
204,Parth,Iyer,Male,68,Panvel,Maharashtra,India,2024-10-28,Premium
205,Yachana,Mahajan,Male,66,Bardhaman,West Bengal,India,2025-10-24,Premium
206,Chakrika,Nigam,Female,48,Bhind,West Bengal,India,2022-05-09,VIP
207,Lohit,Kara,Female,51,Proddatur,Gujarat,India,2024-10-28,Premium
208,Gautam,Rana,Male,67,Bilaspur,Telangana,India,2026-04-12,Premium
209,Jatin,Sha,Female,22,Firozabad,Rajasthan,India,2024-12-14,Regular
210,Kamya,Chokshi,Female,64,Chittoor,Kerala,India,2021-12-04,VIP
211,Falak,Kant,Male,38,Madhyamgram,Karnataka,India,2024-04-13,VIP
212,Nilima,Dada,Male,56,Ranchi,Gujarat,India,2022-01-11,Premium
213,Daksha,Tailor,Female,67,Jalandhar,Karnataka,India,2023-09-17,Premium
214,Krishna,Rama,Female,32,Uluberia,Tamil Nadu,India,2026-04-23,VIP
215,Oni,Dubey,Female,69,Navi Mumbai,Rajasthan,India,2025-11-16,Premium
216,Nikita,Mammen,Male,41,Uluberia,Kerala,India,2023-07-25,Premium
217,Sachi,Saxena,Male,34,Mirzapur,Delhi,India,2022-07-23,Regular
218,Jhalak,Parmer,Female,27,Sikar,West Bengal,India,2024-01-23,Regular
219,Ranveer,Das,Female,34,Mysore,Maharashtra,India,2023-07-08,Regular
220,Ansh,Bedi,Female,23,Latur,Delhi,India,2022-10-14,Premium
221,Samesh,Biswas,Male,60,Dharmavaram,Tamil Nadu,India,2023-07-20,VIP
222,Viraj,Narasimhan,Male,40,Kavali,Kerala,India,2021-09-26,VIP
223,Aradhana,Dhillon,Male,33,Panvel,West Bengal,India,2023-11-05,Regular
224,Owen,Choudhary,Male,49,Mira-Bhayandar,Tamil Nadu,India,2021-11-03,VIP
225,Ishita,Khanna,Male,49,Pune,Karnataka,India,2023-03-13,Regular
226,Alka,Ben,Female,68,Bidar,Tamil Nadu,India,2026-03-10,Regular
227,Ishaan,Bhatt,Male,35,Sultan Pur Majra,Andhra Pradesh,India,2024-10-16,Regular
228,Yochana,Chopra,Female,38,Ambala,Gujarat,India,2023-08-07,Regular
229,Caleb,Verma,Male,58,Berhampore,Andhra Pradesh,India,2021-12-23,Premium
230,Darsh,Srinivas,Female,66,Purnia,Andhra Pradesh,India,2022-08-19,Regular
231,Vritti,Sawhney,Male,26,Jodhpur,Andhra Pradesh,India,2024-06-14,Regular
232,Manbir,Bhatti,Male,39,Panipat,West Bengal,India,2026-05-18,Premium
233,Ekta,Raj,Male,65,Malda,Telangana,India,2026-01-05,Premium
234,Qushi,Chaudhary,Female,18,Suryapet,West Bengal,India,2023-07-18,Regular
235,Qushi,Seth,Male,69,Haridwar,West Bengal,India,2024-08-06,Premium
236,Sudiksha,Rastogi,Female,43,Bareilly,Kerala,India,2024-05-16,Premium
237,Prisha,Munshi,Female,19,Dindigul,Andhra Pradesh,India,2023-01-05,Premium
238,Urvi,Bhavsar,Male,68,Guwahati,Kerala,India,2022-07-04,VIP
239,Rachana,Char,Male,40,Bikaner,Karnataka,India,2026-06-12,Premium
240,Darpan,Narayan,Female,52,Bulandshahr,Tamil Nadu,India,2024-09-20,VIP
241,Pallavi,Behl,Female,42,Ghaziabad,Kerala,India,2024-05-15,Regular
242,Indira,Chawla,Female,27,Bhatpara,Kerala,India,2025-10-25,Regular
243,Udarsh,Chokshi,Male,56,Miryalaguda,Gujarat,India,2024-11-02,Premium
244,Ishwar,Mallick,Female,61,Haldia,Rajasthan,India,2026-06-26,Regular
245,Atharv,Loke,Male,37,Bokaro,Rajasthan,India,2024-01-15,Premium
246,Dayamai,Nori,Male,58,Chennai,Karnataka,India,2023-04-04,VIP
247,Luke,Rattan,Female,64,Ajmer,Gujarat,India,2021-12-22,Premium
248,Gavin,Wali,Male,25,Gandhinagar,West Bengal,India,2025-04-14,Regular
249,Sudiksha,Om,Female,36,Uluberia,Andhra Pradesh,India,2024-05-13,Regular
250,Ekta,Chad,Male,23,Bhatpara,Maharashtra,India,2023-01-20,Premium
251,Chandran,Bumb,Female,51,Mango,West Bengal,India,2025-04-27,VIP
252,Vedika,Sathe,Male,23,Darbhanga,Delhi,India,2023-07-19,Regular
253,Yauvani,Comar,Male,39,Chinsurah,Delhi,India,2022-08-28,Premium
254,Bhanumati,Sur,Female,65,Ranchi,Maharashtra,India,2023-08-04,Premium
255,Megha,Bhakta,Male,47,Kurnool,West Bengal,India,2024-04-11,VIP
256,Siddharth,Devan,Male,20,Ramagundam,Tamil Nadu,India,2024-07-03,VIP
257,Jagdish,Amble,Female,54,Chinsurah,Maharashtra,India,2023-03-17,VIP
258,Kai,Rai,Female,19,Orai,Maharashtra,India,2026-06-19,VIP
259,Irya,Bora,Female,32,Kalyan-Dombivli,Gujarat,India,2025-06-04,Premium
260,Anirudh,Sharaf,Male,47,Satara,West Bengal,India,2026-08-11,Premium
261,Pushti,Ravel,Male,19,Ramagundam,West Bengal,India,2022-09-10,Premium
262,Nidhi,Bail,Male,62,Tirunelveli,Delhi,India,2025-08-17,Premium
263,Janaki,Chakrabarti,Female,21,Aligarh,Tamil Nadu,India,2023-10-13,Regular
264,Rajata,Rattan,Female,66,Tenali,Telangana,India,2024-05-08,Premium
265,Harinakshi,Kant,Female,55,Gulbarga,Delhi,India,2022-05-13,Premium
266,Yashvi,Comar,Male,53,Karnal,Tamil Nadu,India,2024-09-12,Regular
267,Manbir,Keer,Female,67,Ulhasnagar,West Bengal,India,2023-11-22,Premium
268,Rudra,Ghose,Male,40,Aurangabad,Andhra Pradesh,India,2023-03-22,Premium
269,Wakeeta,Shetty,Male,57,Buxar,Karnataka,India,2024-06-18,Regular
270,Diya,Dora,Male,54,Jabalpur,Rajasthan,India,2025-09-13,Regular
271,Riya,Mitter,Male,28,Gudivada,West Bengal,India,2022-03-11,Premium
272,Indira,Tripathi,Male,52,Tirupati,Telangana,India,2025-08-22,Regular
273,Siya,Barad,Female,61,Arrah,Karnataka,India,2024-02-26,Premium
274,Faraj,Chana,Male,28,Surendranagar Dudhrej,Rajasthan,India,2026-06-06,Premium
275,Benjamin,Sengupta,Female,52,Pondicherry,Tamil Nadu,India,2025-10-04,Regular
276,Yachana,Dora,Female,39,Hospet,West Bengal,India,2022-08-05,VIP
277,Hemal,Chad,Male,54,Thane,Tamil Nadu,India,2023-10-27,Regular
278,Raksha,Sarna,Male,22,Bharatpur,Tamil Nadu,India,2024-11-19,VIP
279,Barkha,Ram,Female,43,Sonipat,Maharashtra,India,2022-02-27,Regular
280,Gaurika,Bhatti,Male,59,Bareilly,Rajasthan,India,2026-06-17,Premium
281,Libni,Mander,Female,25,Madanapalle,Kerala,India,2022-12-29,Premium
282,Gauri,Bumb,Female,68,Etawah,Gujarat,India,2024-05-08,Regular
283,Manya,Dayal,Male,32,Tirupati,Telangana,India,2026-06-20,Regular
284,Krisha,Narasimhan,Male,50,Hajipur,Kerala,India,2022-07-05,Premium
285,Pallavi,Trivedi,Female,57,Surat,West Bengal,India,2024-10-18,VIP
286,Dayamai,Gole,Male,68,Mau,Gujarat,India,2025-11-06,Premium
287,Rehaan,Kara,Male,24,Bhatpara,Tamil Nadu,India,2022-05-15,Premium
288,Chakrika,Chaudhuri,Female,69,Naihati,Telangana,India,2022-10-30,Premium
289,Krisha,Dube,Male,44,Bokaro,Maharashtra,India,2023-02-14,Regular
290,Raksha,Bassi,Female,50,Bharatpur,Delhi,India,2023-09-25,VIP
291,Sachi,Mane,Male,50,Muzaffarpur,Maharashtra,India,2026-04-04,Premium
292,William,More,Female,27,Jammu,Delhi,India,2024-11-03,VIP
293,Ridhi,Shenoy,Female,50,Eluru,Gujarat,India,2025-12-28,Premium
294,Omya,Edwin,Male,48,Mahbubnagar,Maharashtra,India,2022-11-21,Regular
295,Zashil,Ben,Female,69,Serampore,West Bengal,India,2026-06-06,VIP
296,Harshil,Varty,Male,25,Anantapuram,Delhi,India,2022-06-05,Regular
297,Naveen,Mahajan,Male,21,Anand,Karnataka,India,2022-12-19,VIP
298,Rajeshri,Chand,Male,68,Hospet,Tamil Nadu,India,2024-09-08,Premium
299,Avi,Sachdeva,Male,44,Tenali,Delhi,India,2025-12-25,VIP
300,Kashvi,Keer,Female,27,Jodhpur,West Bengal,India,2024-11-25,Premium
301,Udarsh,Bala,Female,25,Navi Mumbai,Kerala,India,2024-07-25,VIP
302,Madhav,Devan,Female,63,Baranagar,Andhra Pradesh,India,2025-09-24,Regular
303,Liam,Singh,Female,35,Tadepalligudem,Rajasthan,India,2021-10-04,Regular
304,Fariq,Bahl,Male,57,Thrissur,Maharashtra,India,2022-12-26,Regular
305,Pallavi,Choudhry,Female,54,Patiala,West Bengal,India,2024-04-10,VIP
306,Jairaj,Batta,Female,66,Gurgaon,Andhra Pradesh,India,2025-08-08,Regular
307,Dev,Choudhry,Female,68,Kavali,West Bengal,India,2026-04-10,Regular
308,Amol,Varma,Female,28,Asansol,Kerala,India,2024-03-10,Regular
309,Pushti,Agarwal,Female,54,New Delhi,Delhi,India,2026-07-26,Premium
310,Omaja,Grover,Female,53,Loni,Gujarat,India,2024-10-12,VIP
311,Ekansh,Vora,Male,18,Pali,Gujarat,India,2025-09-17,VIP
312,Caleb,Ram,Male,57,Nizamabad,Delhi,India,2021-11-07,VIP
313,Ishanvi,Bir,Male,26,New Delhi,Andhra Pradesh,India,2022-08-06,Regular
314,Gaurangi,Deol,Male,43,Nagercoil,Rajasthan,India,2026-05-11,VIP
315,Hamsini,Gill,Male,69,Nangloi Jat,Rajasthan,India,2023-04-07,Premium
316,Krishna,Bhatnagar,Male,55,Vadodara,Karnataka,India,2024-03-17,VIP
317,Saksham,Bassi,Female,44,Kalyan-Dombivli,Karnataka,India,2024-05-25,VIP
318,Dayita,Varma,Male,60,Tinsukia,Tamil Nadu,India,2025-09-27,Premium
319,Zehaan,Bansal,Female,42,Baranagar,Kerala,India,2024-10-01,Premium
320,Champak,Narula,Male,41,Amravati,Telangana,India,2024-11-04,Regular
321,Rajeshri,Ratta,Male,60,Kharagpur,Gujarat,India,2024-08-06,Premium
322,Rachit,Taneja,Female,67,Arrah,Delhi,India,2026-02-17,Regular
323,Amara,Butala,Male,34,Vijayawada,Maharashtra,India,2025-05-17,Regular
324,Pranit,Memon,Male,37,Kota,Gujarat,India,2022-05-24,Premium
325,Falak,Merchant,Female,57,Amroha,Telangana,India,2025-05-03,VIP
326,Ojas,Sawhney,Male,49,Amroha,Kerala,India,2022-01-27,VIP
327,Ira,Saran,Male,36,Howrah,Telangana,India,2022-05-09,Regular
328,Nidra,Patla,Male,47,Ludhiana,West Bengal,India,2022-12-05,VIP
329,Raksha,Banerjee,Female,18,Jabalpur,Tamil Nadu,India,2023-09-21,VIP
330,Jeevika,Pathak,Female,19,Tezpur,Gujarat,India,2021-12-27,Regular
331,Mitesh,Sengupta,Female,47,Serampore,Gujarat,India,2025-06-28,VIP
332,Faraj,Devan,Male,21,Sikar,Telangana,India,2024-05-21,Regular
333,Arya,Krish,Male,56,Indore,Tamil Nadu,India,2023-04-19,Premium
334,Xalak,Vasa,Female,36,Kishanganj,Karnataka,India,2022-09-18,Regular
335,Adweta,Lad,Male,45,Kakinada,Karnataka,India,2024-02-22,VIP
336,Vritti,Iyengar,Male,25,Bhavnagar,Telangana,India,2022-05-06,Regular
337,Siya,Gera,Male,20,Chandigarh,West Bengal,India,2024-06-06,VIP
338,Idika,Bhattacharyya,Male,25,Dewas,Gujarat,India,2023-01-20,Regular
339,Owen,Pathak,Male,54,Bhilai,Tamil Nadu,India,2023-06-04,VIP
340,Liam,Khalsa,Male,45,Indore,West Bengal,India,2024-10-13,Premium
341,Jyoti,Sibal,Male,49,Pudukkottai,West Bengal,India,2022-06-12,Premium
342,Dominic,More,Female,63,Nangloi Jat,Maharashtra,India,2026-03-09,Regular
343,Nirja,Rout,Female,38,Cuttack,Kerala,India,2024-05-29,Premium
344,Ethan,Sengupta,Male,27,Hazaribagh,Kerala,India,2024-08-23,Regular
345,Kabir,Gopal,Male,38,Bhiwani,Tamil Nadu,India,2025-12-28,Regular
346,Christopher,Dash,Male,53,Avadi,Karnataka,India,2023-02-11,Premium
347,Neel,Naidu,Male,64,Sri Ganganagar,Delhi,India,2026-02-16,VIP
348,Bhanumati,Brar,Female,19,Thiruvananthapuram,Tamil Nadu,India,2026-05-26,VIP
349,Anvi,Dass,Male,29,Srikakulam,Maharashtra,India,2026-04-02,Regular
350,Girik,Thakkar,Male,55,Guntakal,Rajasthan,India,2023-01-10,Premium
351,Onveer,Nazareth,Male,61,Bhopal,Tamil Nadu,India,2022-05-28,Premium
352,Chakradev,Lanka,Female,61,Aurangabad,West Bengal,India,2025-04-04,Regular
353,Azaan,Tank,Female,47,Barasat,West Bengal,India,2025-10-27,VIP
354,Yash,Ravi,Female,40,Malda,Telangana,India,2022-05-02,Premium
355,Darpan,Dugar,Male,34,Vijayanagaram,Rajasthan,India,2025-10-31,Premium
356,Ucchal,Jani,Male,42,Medininagar,Kerala,India,2022-12-08,Regular
357,Dhriti,Nagar,Female,39,Silchar,Maharashtra,India,2022-10-29,Premium
358,Kamala,Varma,Female,46,Imphal,Karnataka,India,2023-10-09,VIP
359,Unnati,Das,Male,28,Hospet,Gujarat,India,2023-10-28,Premium
360,Lohit,Chatterjee,Female,38,Ramagundam,Andhra Pradesh,India,2024-12-24,Regular
361,Omya,Kothari,Female,51,Khammam,Telangana,India,2026-08-17,Regular
362,Dhriti,Gupta,Male,55,Panchkula,Andhra Pradesh,India,2026-02-03,VIP
363,Unni,Tara,Male,59,Mehsana,Gujarat,India,2021-11-29,Regular
364,Gautam,Ramaswamy,Male,48,New Delhi,Gujarat,India,2023-07-18,VIP
365,Ira,Bava,Female,51,Ichalkaranji,Rajasthan,India,2025-12-03,Regular
366,Upma,Mangal,Male,27,Moradabad,Telangana,India,2025-05-18,Premium
367,Krish,Lalla,Male,45,Sambhal,Andhra Pradesh,India,2024-10-28,Premium
368,Chakradev,Rattan,Female,19,Jehanabad,Gujarat,India,2026-06-29,VIP
369,Robert,Patil,Male,68,Srinagar,Delhi,India,2024-12-31,VIP
370,Yamini,Seshadri,Female,46,Phagwara,Delhi,India,2022-09-22,VIP
371,Kabir,Chatterjee,Female,28,Dindigul,Maharashtra,India,2024-08-06,Regular
372,Jasmit,Dhawan,Male,56,Madanapalle,West Bengal,India,2026-01-16,VIP
373,Neelima,Tella,Female,51,Ranchi,Kerala,India,2022-01-16,VIP
374,Laksh,Nath,Female,39,Kadapa,Delhi,India,2025-08-07,Regular
375,Manthan,Varma,Female,53,Khammam,Maharashtra,India,2024-06-03,VIP
376,Nicholas,Ramaswamy,Male,69,Guntakal,Telangana,India,2024-07-29,Premium
377,Yashica,Upadhyay,Male,62,Phusro,Karnataka,India,2024-04-06,Regular
378,Vaishnavi,Badal,Female,19,Bathinda,Delhi,India,2022-08-24,Regular
379,Omaja,Morar,Male,57,Kavali,Telangana,India,2025-10-01,Regular
380,Alka,Kari,Male,60,Ballia,West Bengal,India,2025-10-19,Premium
381,Onkar,Viswanathan,Male,56,Siliguri,Tamil Nadu,India,2023-10-10,VIP
382,Azad,Choudhary,Female,54,Surat,Tamil Nadu,India,2025-06-19,Premium
383,Dipta,Sahota,Female,51,Haridwar,Tamil Nadu,India,2023-06-13,Regular
384,Nirja,Thaker,Female,66,Ghaziabad,Telangana,India,2022-11-21,Premium
385,Zilmil,Johal,Male,66,Morena,West Bengal,India,2026-03-08,VIP
386,Krisha,Murthy,Female,48,Jaunpur,Delhi,India,2026-04-01,Regular
387,Hema,Pandya,Male,54,Phagwara,Gujarat,India,2025-10-31,Premium
388,Rehaan,Koshy,Female,42,Proddatur,Karnataka,India,2024-04-02,Regular
389,Umang,Mishra,Female,32,Dhule,Andhra Pradesh,India,2025-11-15,Regular
390,Edhitha,Srinivasan,Male,43,Karaikudi,Andhra Pradesh,India,2024-01-15,VIP
391,Bhavna,Dara,Male,40,Tenali,Andhra Pradesh,India,2024-08-25,Regular
392,Madhav,Mannan,Female,24,Tumkur,Delhi,India,2022-05-21,VIP
393,Hiral,Sathe,Male,68,Nangloi Jat,West Bengal,India,2023-07-14,Premium
394,Saksham,Yohannan,Male,40,Kishanganj,Karnataka,India,2024-01-09,VIP
395,Laksh,Chopra,Female,69,Latur,Kerala,India,2022-02-22,VIP
396,Upkaar,Kaul,Female,59,Salem,Kerala,India,2025-03-25,Regular
397,Ganga,Sodhi,Female,48,Durgapur,West Bengal,India,2021-10-04,VIP
398,Nakul,Ray,Female,62,Morena,Karnataka,India,2023-05-30,VIP
399,Bhavna,Nagi,Male,60,Allahabad,West Bengal,India,2022-06-22,Premium
400,Vincent,Warrior,Male,40,Akola,Kerala,India,2025-04-08,VIP
401,Patrick,Bansal,Female,66,Shimla,Maharashtra,India,2023-04-19,Regular
402,Bimala,Barad,Female,42,Bihar Sharif,Karnataka,India,2026-07-18,Regular
403,Hredhaan,Nayak,Female,62,Malda,Andhra Pradesh,India,2026-05-02,Premium
404,Wakeeta,Desai,Female,52,Darbhanga,Andhra Pradesh,India,2023-05-10,Premium
405,Isaiah,Narayanan,Female,30,Berhampore,Karnataka,India,2023-11-26,VIP
406,Quincy,Atwal,Male,56,Sagar,Maharashtra,India,2026-07-18,Regular
407,Reyansh,Gill,Female,66,Purnia,Delhi,India,2026-02-04,Regular
408,Falak,Chadha,Female,61,Bareilly,Rajasthan,India,2023-04-15,Premium
409,Logan,Sood,Female,42,Kulti,Kerala,India,2021-10-09,Regular
410,Advika,Rajagopal,Male,47,Amroha,Telangana,India,2023-12-26,VIP
411,Forum,Mittal,Male,31,Bhilwara,West Bengal,India,2024-10-09,Premium
412,Warinder,Bhatia,Female,21,Kirari Suleman Nagar,Karnataka,India,2024-04-28,Premium
413,Nathaniel,Ravi,Male,42,Kochi,Telangana,India,2024-03-22,Regular
414,Jhalak,Kant,Female,32,Guntur,Rajasthan,India,2025-10-12,VIP
415,Michael,Sha,Male,41,Vijayanagaram,Maharashtra,India,2026-05-21,VIP
416,Urishilla,Yogi,Female,54,Shahjahanpur,Delhi,India,2022-05-30,VIP
417,Sanya,Wable,Female,23,Solapur,Kerala,India,2026-07-06,VIP
418,Isaac,Bhatia,Female,41,Chapra,Karnataka,India,2026-04-12,Regular
419,Mason,Gala,Male,69,Saharsa,Maharashtra,India,2025-06-21,VIP
420,Jackson,Jha,Female,37,Mysore,Gujarat,India,2026-01-20,Regular
421,Sanaya,Bhakta,Male,62,Mira-Bhayandar,Andhra Pradesh,India,2026-01-29,VIP
422,Ojasvi,Shan,Female,43,Karaikudi,Rajasthan,India,2025-08-24,Regular
423,Darika,Bains,Female,20,Rohtak,West Bengal,India,2021-09-27,Premium
424,Tejas,Bora,Male,22,Bhusawal,Gujarat,India,2024-08-23,VIP
425,Devansh,Bhasin,Male,66,Chittoor,Rajasthan,India,2021-12-25,VIP
426,Bhavini,Rege,Female,66,Bhavnagar,Andhra Pradesh,India,2025-04-16,VIP
427,Kavya,Raja,Female,35,Burhanpur,Telangana,India,2024-11-28,VIP
428,Faris,Zacharia,Female,52,Karnal,Gujarat,India,2022-09-21,Regular
429,Pranav,Yogi,Female,64,Dehri,Rajasthan,India,2022-10-18,Regular
430,Udant,Aggarwal,Female,31,Bihar Sharif,Delhi,India,2025-08-26,Premium
431,Panini,Wali,Male,58,Berhampur,West Bengal,India,2023-10-26,VIP
432,Triveni,Pal,Male,45,Bally,Rajasthan,India,2023-04-26,VIP
433,Isaiah,Balay,Male,51,Srikakulam,Andhra Pradesh,India,2021-11-05,Regular
434,Wridesh,Jhaveri,Male,57,Salem,Rajasthan,India,2021-12-31,Regular
435,Sanya,Bava,Male,51,Varanasi,West Bengal,India,2025-02-18,VIP
436,Reva,Kaur,Female,25,Pimpri-Chinchwad,Delhi,India,2022-11-27,Premium
437,Yahvi,Mann,Female,23,Ramgarh,Delhi,India,2024-06-04,Regular
438,Ekani,Khalsa,Female,22,Asansol,Telangana,India,2026-02-23,Premium
439,Timothy,Sachdev,Female,62,Panipat,Tamil Nadu,India,2022-03-26,Premium
440,Parth,Sane,Male,57,Nashik,Karnataka,India,2024-08-23,VIP
441,Lakshmi,Vohra,Male,62,Erode,Telangana,India,2025-03-09,Premium
442,Manthan,Mital,Female,36,Udaipur,West Bengal,India,2026-04-16,Regular
443,Urvashi,Khosla,Male,65,Dewas,Rajasthan,India,2022-12-10,Regular
444,Ubika,Bhardwaj,Male,62,Erode,Rajasthan,India,2026-06-15,Regular
445,Krish,Rama,Female,53,Rohtak,Gujarat,India,2023-06-11,VIP
446,Ganga,Brar,Male,60,Uluberia,Andhra Pradesh,India,2022-07-02,Regular
447,Rayaan,Behl,Male,48,Burhanpur,Kerala,India,2022-01-18,Premium
448,Elijah,Guha,Female,49,Nangloi Jat,Delhi,India,2023-06-28,Premium
449,Gaurangi,Mitter,Male,48,Rajpur Sonarpur,Karnataka,India,2023-05-01,Premium
450,Jacob,Srinivas,Female,30,Mahbubnagar,Kerala,India,2023-06-15,Premium
451,Mekhala,Khatri,Female,30,Ichalkaranji,Telangana,India,2024-12-13,Regular
452,Unnati,Walla,Male,57,Aizawl,Karnataka,India,2023-12-09,Regular
453,Jagvi,Varghese,Male,65,Kirari Suleman Nagar,Gujarat,India,2022-07-21,VIP
454,Upasna,Nagarajan,Female,24,Uluberia,Andhra Pradesh,India,2024-05-17,Regular
455,Odika,Bath,Female,51,Ulhasnagar,Delhi,India,2021-11-07,Regular
456,Advika,Sahni,Female,21,Jamnagar,Maharashtra,India,2023-05-20,Premium
457,Forum,Karpe,Female,44,Jehanabad,Telangana,India,2023-10-21,Premium
458,Xalak,Nazareth,Male,27,Unnao,Gujarat,India,2025-11-20,Regular
459,Triveni,Ganguly,Female,43,Gulbarga,West Bengal,India,2022-11-26,VIP
460,Vrinda,Gour,Female,67,Loni,Maharashtra,India,2022-01-01,VIP
461,Falan,Bava,Male,69,Haridwar,Kerala,India,2022-11-19,Regular
462,Vihaan,Bir,Male,50,Bangalore,Gujarat,India,2023-07-29,VIP
463,Yashasvi,Shah,Male,49,Allahabad,Tamil Nadu,India,2025-10-28,VIP
464,Vinaya,Babu,Female,40,Katihar,Andhra Pradesh,India,2026-05-28,Premium
465,Nisha,Arora,Female,51,Bettiah,Maharashtra,India,2024-01-19,Regular
466,Bhavini,Badal,Male,30,Mangalore,Rajasthan,India,2022-08-16,VIP
467,Gopal,Viswanathan,Male,46,New Delhi,Maharashtra,India,2023-05-07,Premium
468,Zayyan,Pandya,Male,31,Sikar,Maharashtra,India,2022-05-21,Premium
469,Kashvi,Ravi,Male,44,Buxar,Tamil Nadu,India,2023-10-13,Regular
470,Upkaar,Mital,Female,61,Patna,West Bengal,India,2022-07-05,Regular
471,Nidra,Raghavan,Male,64,Suryapet,Delhi,India,2025-10-05,VIP
472,Daksh,Andra,Female,23,Gwalior,Tamil Nadu,India,2025-12-19,Regular
473,Radha,Narula,Male,20,Dehri,Telangana,India,2022-01-28,Premium
474,Victor,Kakar,Female,55,Gopalpur,Karnataka,India,2022-02-09,Regular
475,Falan,Mand,Male,66,Mangalore,Rajasthan,India,2024-05-22,Premium
476,Amol,Johal,Male,61,Sikar,West Bengal,India,2022-05-15,Premium
477,Chandani,Gaba,Male,34,Tezpur,Delhi,India,2025-01-09,VIP
478,Garima,Rajagopalan,Male,63,Vijayawada,Karnataka,India,2025-12-21,VIP
479,Hiral,Bera,Male,46,Junagadh,Delhi,India,2023-09-09,Premium
480,Faqid,Oak,Male,37,Khammam,Rajasthan,India,2021-12-19,Premium
481,Anjali,Seshadri,Female,24,Ambattur,Telangana,India,2024-09-27,Premium
482,Keya,Sankaran,Female,37,Bhimavaram,Maharashtra,India,2024-12-11,Regular
483,Frederick,Merchant,Female,65,Srinagar,Rajasthan,India,2022-05-30,VIP
484,Amrita,Dube,Female,19,Jamnagar,West Bengal,India,2025-01-10,VIP
485,Edhitha,Patel,Female,30,Mysore,Telangana,India,2021-10-04,Regular
486,Darika,Saxena,Female,47,Gopalpur,Karnataka,India,2022-08-01,Premium
487,Kevin,Chahal,Male,48,Chinsurah,Gujarat,India,2025-07-13,VIP
488,Yauvani,Reddy,Male,42,Indore,Telangana,India,2022-06-23,Premium
489,Irya,Chander,Male,25,Kharagpur,Gujarat,India,2021-10-26,VIP
490,Bishakha,Sachdev,Female,58,Guwahati,Telangana,India,2026-06-22,Regular
491,Xavier,Verma,Female,49,Nadiad,Gujarat,India,2023-02-26,Premium
492,Liam,Luthra,Female,37,Agartala,Telangana,India,2025-11-28,Premium
493,Madhav,Bhatnagar,Female,49,Raebareli,Karnataka,India,2024-01-23,Regular
494,Oviya,Mistry,Female,50,Solapur,Telangana,India,2024-10-13,Regular
495,Zayan,Koshy,Male,47,Hindupur,Telangana,India,2023-05-18,Regular
496,Tanvi,Chhabra,Female,43,Avadi,Gujarat,India,2021-10-09,VIP
497,Meghana,Natarajan,Female,55,Ozhukarai,Kerala,India,2025-06-16,Premium
498,Gaurika,Sani,Female,67,Dewas,Karnataka,India,2024-06-10,Premium
499,Sai,Srinivas,Male,61,Belgaum,Telangana,India,2025-02-06,VIP
500,Eiravati,Manne,Male,20,Ramgarh,Gujarat,India,2023-10-11,Regular
501,Eshana,Puri,Female,26,Singrauli,Kerala,India,2024-10-26,VIP
502,Ishaan,Iyengar,Female,58,Jamalpur,Karnataka,India,2021-12-10,Premium
503,Triya,Kadakia,Female,37,Jalna,Kerala,India,2022-04-20,VIP
504,Nilima,Tata,Female,33,Avadi,Maharashtra,India,2023-10-09,Premium
505,Zayyan,Dube,Female,39,Burhanpur,Andhra Pradesh,India,2022-05-05,VIP
506,Saumya,Srinivas,Male,58,Deoghar,Andhra Pradesh,India,2026-01-08,Premium
507,Omya,Bansal,Male,35,Jorhat,Gujarat,India,2022-06-09,VIP
508,Ikbal,Kothari,Female,30,Rourkela,Rajasthan,India,2022-02-02,Regular
509,Mugdha,Narula,Male,36,Aligarh,Kerala,India,2021-10-20,Premium
510,Guneet,Kuruvilla,Female,62,Sasaram,West Bengal,India,2026-02-15,Regular
511,Timothy,Sehgal,Male,49,Katni,Tamil Nadu,India,2025-08-26,Premium
512,Xiti,Dora,Female,35,Nagpur,Tamil Nadu,India,2025-10-26,Premium
513,Henry,Merchant,Male,49,Guwahati,West Bengal,India,2022-09-13,Regular
514,Lucky,Pall,Male,20,Tiruvottiyur,Andhra Pradesh,India,2025-08-02,VIP
515,Samuel,Verma,Male,46,Karnal,Gujarat,India,2025-10-06,VIP
516,Gunbir,Sarma,Male,50,Imphal,Kerala,India,2022-04-14,Regular
517,Charita,Basu,Female,38,Lucknow,Andhra Pradesh,India,2024-08-18,Regular
518,Ikbal,Gala,Female,37,Hazaribagh,Delhi,India,2023-03-14,Premium
519,Nathaniel,Narayanan,Female,41,Surendranagar Dudhrej,Karnataka,India,2023-09-08,Regular
520,Nidhi,Gour,Male,49,Bhiwani,Rajasthan,India,2025-01-29,Premium
521,Ayush,Hora,Male,51,Guntakal,Maharashtra,India,2025-05-14,Premium
522,Lopa,Agrawal,Male,51,Tiruppur,Maharashtra,India,2024-01-30,Premium
523,Dev,Chaudry,Male,59,Ambarnath,Tamil Nadu,India,2024-06-26,VIP
524,Ronith,Shankar,Female,29,Firozabad,Tamil Nadu,India,2025-11-16,Regular
525,Dhriti,Rama,Female,57,Dharmavaram,Delhi,India,2022-09-07,VIP
526,Ijaya,Pandey,Male,52,Tadipatri,Andhra Pradesh,India,2023-03-08,Premium
527,Chameli,Chad,Male,59,Satara,Karnataka,India,2022-09-19,VIP
528,William,Mody,Male,22,South Dumdum,Gujarat,India,2024-11-20,Regular
529,Lohit,Vaidya,Male,64,Gurgaon,West Bengal,India,2022-11-20,VIP
530,Leela,Sampath,Male,37,Morbi,Karnataka,India,2026-04-14,VIP
531,Oscar,Ganesan,Female,34,Tumkur,Rajasthan,India,2022-11-27,Regular
532,Rachit,Murty,Female,19,Udupi,Tamil Nadu,India,2022-03-03,Regular
533,Jagrati,Andra,Male,18,Bhavnagar,West Bengal,India,2023-05-17,Regular
534,Leena,Tiwari,Male,64,Alappuzha,Andhra Pradesh,India,2025-11-23,VIP
535,Ojasvi,Sawhney,Female,31,Rourkela,Andhra Pradesh,India,2022-06-01,Regular
536,Azaan,Kannan,Female,29,Patna,Rajasthan,India,2024-01-19,Regular
537,Umang,Yogi,Male,37,Gulbarga,West Bengal,India,2025-08-08,VIP
538,Warhi,Vaidya,Female,18,Chapra,Rajasthan,India,2022-09-07,Premium
539,Amrita,Peri,Female,45,Gandhidham,Rajasthan,India,2026-05-12,VIP
540,Tejas,Sandal,Male,64,Shahjahanpur,Delhi,India,2024-03-30,Regular
541,Bachittar,Sengupta,Male,66,Karnal,West Bengal,India,2022-06-15,VIP
542,Reva,Dalal,Male,23,Bhagalpur,Maharashtra,India,2024-09-11,Premium
543,Priya,Gandhi,Female,19,Tiruppur,Rajasthan,India,2023-06-22,VIP
544,Daniel,Panchal,Male,37,Kavali,Andhra Pradesh,India,2026-04-18,Regular
545,Om,Naik,Male,52,Ramagundam,Gujarat,India,2026-08-02,Regular
546,Amara,Varkey,Male,22,Bhavnagar,Telangana,India,2025-03-19,Regular
547,Daniel,Malhotra,Male,31,Mira-Bhayandar,Andhra Pradesh,India,2023-11-02,Regular
548,Madhav,Nagy,Female,41,Singrauli,Karnataka,India,2025-11-16,Regular
549,Lucky,Luthra,Female,46,Gandhinagar,Rajasthan,India,2025-07-23,VIP
550,Faqid,Chander,Male,64,Kottayam,Karnataka,India,2024-01-30,VIP
551,Jyoti,Sha,Female,55,Khammam,Maharashtra,India,2021-09-25,VIP
552,Girik,Shanker,Female,62,Rajkot,Maharashtra,India,2026-04-05,Premium
553,Mitali,Kamdar,Female,25,Rajpur Sonarpur,Karnataka,India,2025-12-03,Regular
554,Amrita,Naidu,Male,25,Naihati,Gujarat,India,2026-05-15,Regular
555,Kalpit,Sundaram,Male,39,Nashik,Karnataka,India,2022-02-07,Regular
556,Hardik,Sharaf,Male,43,Amravati,Andhra Pradesh,India,2023-01-21,Premium
557,Ridhi,Shan,Female,35,Haldia,Telangana,India,2023-06-08,Premium
558,Kevin,Mittal,Female,64,Panipat,West Bengal,India,2022-07-04,Regular
559,Jalsa,Krishna,Female,44,Serampore,West Bengal,India,2023-02-14,Regular
560,Charles,Randhawa,Female,21,Muzaffarpur,Telangana,India,2025-05-13,Regular
561,Gavin,Chandran,Male,48,Kakinada,Delhi,India,2025-10-08,Regular
562,Faras,Deo,Male,43,Kadapa,Karnataka,India,2025-07-01,Premium
563,Aditya,Anand,Female,23,Jamshedpur,Rajasthan,India,2025-04-22,Regular
564,Kevin,Sridhar,Male,42,Berhampur,Rajasthan,India,2024-12-21,Regular
565,Gaurav,Chaudry,Male,48,Satara,Rajasthan,India,2024-11-02,VIP
566,Chandani,Devan,Female,51,Guntur,Gujarat,India,2022-12-05,Premium
567,Ekapad,Wali,Female,55,Phagwara,Tamil Nadu,India,2023-02-09,Premium
568,Ria,Panchal,Female,35,Saharanpur,Rajasthan,India,2025-03-20,VIP
569,Saanvi,Kalla,Male,62,Salem,Telangana,India,2022-11-27,Premium
570,Jatin,Rajagopalan,Female,24,Haldia,Rajasthan,India,2024-05-22,Regular
571,Logan,Kota,Male,18,Guwahati,Andhra Pradesh,India,2023-10-29,VIP
572,Bhavani,Bala,Male,38,Tiruppur,Tamil Nadu,India,2026-02-12,Regular
573,Yashodhara,Gulati,Male,50,Sagar,Telangana,India,2022-03-06,Regular
574,Wriddhish,Talwar,Male,61,Gorakhpur,Gujarat,India,2023-10-07,Premium
575,Xalak,Bobal,Male,52,Karimnagar,West Bengal,India,2024-05-28,Premium
576,Kevin,Ram,Female,27,Ambarnath,Karnataka,India,2026-05-12,Premium
577,Orinder,Sinha,Male,20,Pune,Delhi,India,2022-04-15,Premium
578,Akshay,Lala,Female,65,Thane,Karnataka,India,2022-03-24,Premium
579,Mitali,Toor,Female,46,Orai,Andhra Pradesh,India,2025-03-31,Regular
580,Pallavi,Ratti,Female,22,Jorhat,Karnataka,India,2026-04-15,Regular
581,Michael,Mall,Male,61,Tirupati,Maharashtra,India,2022-05-21,VIP
582,Yasti,Jani,Male,65,Jorhat,Kerala,India,2024-06-29,Premium
583,Mahika,Bhatti,Female,67,Junagadh,Delhi,India,2023-09-29,VIP
584,Dalbir,Konda,Male,33,Raebareli,Delhi,India,2022-09-13,VIP
585,Sudiksha,Bhakta,Male,53,Akola,Tamil Nadu,India,2022-09-24,VIP
586,Advik,Devan,Female,38,Ujjain,Gujarat,India,2025-12-08,VIP
587,Idika,Virk,Female,31,Rourkela,Maharashtra,India,2024-11-16,Regular
588,Jonathan,Luthra,Female,63,Ludhiana,Tamil Nadu,India,2024-07-24,Premium
589,Pushti,Magar,Female,47,Firozabad,Karnataka,India,2026-08-14,Premium
590,Faraj,Taneja,Male,30,Sasaram,Maharashtra,India,2024-10-10,Premium
591,Christopher,Tata,Male,47,Arrah,Kerala,India,2023-01-19,VIP
592,Aadhya,Chauhan,Female,27,Ambattur,Kerala,India,2026-01-15,Regular
593,Aarnav,Basu,Male,24,Sambalpur,West Bengal,India,2022-02-07,Regular
594,Urmi,Patla,Female,59,Jalgaon,West Bengal,India,2023-03-28,Premium
595,Balendra,Saini,Male,18,Pondicherry,West Bengal,India,2023-10-29,Regular
596,Omaja,Nagarajan,Female,64,Solapur,Kerala,India,2026-07-29,Premium
597,Kashish,Dar,Female,38,Mangalore,Gujarat,India,2023-08-12,Regular
598,Zaitra,Batra,Female,26,Coimbatore,Andhra Pradesh,India,2025-09-01,Premium
599,Barkha,Mukhopadhyay,Male,59,Chandigarh,West Bengal,India,2026-06-02,Regular
600,Tanmayi,Anand,Female,44,Kollam,Delhi,India,2024-03-11,Premium
601,Daksha,Kibe,Female,36,Arrah,Maharashtra,India,2025-11-28,VIP
602,Rohan,Korpal,Female,42,Chennai,Karnataka,India,2025-03-14,VIP
603,Arjun,Kaul,Female,27,Bangalore,Telangana,India,2024-07-24,VIP
604,Aarav,Puri,Female,22,Vasai-Virar,Telangana,India,2023-06-17,VIP
605,Wazir,Saini,Female,51,Allahabad,Telangana,India,2022-12-04,VIP
606,Ati,Chander,Male,34,Ahmednagar,Gujarat,India,2026-02-18,Regular
607,Nitara,Pradhan,Male,52,Guwahati,Kerala,India,2022-07-11,VIP
608,Yashasvi,Deol,Female,26,Aurangabad,Rajasthan,India,2026-07-18,Premium
609,David,Saran,Male,19,Patiala,Tamil Nadu,India,2024-03-12,VIP
610,Advika,Murty,Male,35,Khammam,Tamil Nadu,India,2024-06-02,Premium
611,Sneha,Magar,Female,56,Aurangabad,Rajasthan,India,2023-06-09,Regular
612,Laban,Chopra,Male,56,Aligarh,West Bengal,India,2023-02-10,Premium
613,Shivani,Shukla,Male,21,Vellore,Andhra Pradesh,India,2022-09-28,Premium
614,Ishita,Johal,Female,49,Aizawl,Kerala,India,2025-08-27,Regular
615,Alka,Dar,Female,53,Sangli-Miraj & Kupwad,West Bengal,India,2024-04-20,Regular
616,Banjeet,Kale,Male,53,Siliguri,Tamil Nadu,India,2022-06-28,Regular
617,Yuvraj,Parekh,Female,50,Anand,Gujarat,India,2022-02-17,Regular
618,Chandani,Lad,Male,21,Ludhiana,Telangana,India,2025-02-25,Premium
619,Sneha,Krish,Female,22,Surendranagar Dudhrej,Delhi,India,2022-07-31,Premium
620,Logan,Dara,Female,67,Ghaziabad,Tamil Nadu,India,2023-08-09,Premium
621,Kalpit,Hora,Female,20,Serampore,Gujarat,India,2022-06-06,Premium
622,Aashi,Borde,Female,40,Amritsar,Karnataka,India,2023-05-25,Premium
623,Sachi,Dave,Male,52,Bathinda,Karnataka,India,2022-10-03,VIP
624,Brijesh,Shenoy,Female,69,Gulbarga,West Bengal,India,2026-08-05,Premium
625,Rachita,Rana,Female,53,Ludhiana,Delhi,India,2024-12-20,Regular
626,Pooja,Gera,Male,48,Kakinada,Rajasthan,India,2023-04-22,VIP
627,Anvi,Mammen,Female,59,Jalgaon,Rajasthan,India,2022-01-03,VIP
628,Yatan,Merchant,Female,29,Bulandshahr,Telangana,India,2026-05-25,VIP
629,Varenya,Bhat,Female,47,Parbhani,Kerala,India,2024-12-20,VIP
630,Laksh,Saini,Female,22,Hajipur,Maharashtra,India,2023-11-01,Regular
631,Anirudh,Raja,Male,47,Nangloi Jat,Delhi,India,2026-05-06,Premium
632,Vedhika,Padmanabhan,Female,35,Munger,West Bengal,India,2024-01-06,VIP
633,Pranit,Bal,Female,50,Kavali,Delhi,India,2023-07-30,Premium
634,Ayushman,Mand,Female,51,Chittoor,Maharashtra,India,2026-03-20,Regular
635,Ishita,Kaul,Male,67,Salem,Karnataka,India,2023-10-28,Regular
636,Wridesh,Lata,Male,19,Muzaffarnagar,Rajasthan,India,2026-08-11,Regular
637,Lipika,Pant,Male,28,Belgaum,Tamil Nadu,India,2023-09-22,Premium
638,Eesha,Parmer,Male,43,Nagercoil,Maharashtra,India,2026-07-17,Premium
639,Lucky,Guha,Male,23,Hosur,Tamil Nadu,India,2024-05-05,Premium
640,Parth,Swaminathan,Male,32,Mysore,Gujarat,India,2022-03-11,Regular
641,Viraj,Kanda,Female,59,Hajipur,Telangana,India,2025-10-12,Premium
642,Aadi,Narula,Female,35,Bikaner,Tamil Nadu,India,2024-08-11,Premium
643,Peter,Naik,Female,59,Lucknow,Gujarat,India,2022-12-20,VIP
644,Lucky,Choudhry,Female,24,Srinagar,Maharashtra,India,2024-11-21,Premium
645,Meghana,Chaudhuri,Male,32,Barasat,Delhi,India,2024-06-16,VIP
646,Laban,Dugar,Female,44,Morbi,Karnataka,India,2024-05-30,VIP
647,Owen,Parikh,Female,31,Giridih,Maharashtra,India,2023-03-16,Premium
648,Kritika,Mohanty,Female,27,Warangal,Rajasthan,India,2023-03-24,Premium
649,Aarav,Raman,Male,50,South Dumdum,Maharashtra,India,2024-06-02,VIP
650,Timothy,Chawla,Female,18,Ajmer,Gujarat,India,2024-07-12,Premium
651,Faras,Khanna,Male,69,Imphal,Tamil Nadu,India,2023-02-21,VIP
652,Gaurang,Nayak,Male,23,Hyderabad,Rajasthan,India,2023-12-20,Regular
653,Shaurya,Krish,Male,51,Etawah,West Bengal,India,2023-11-24,Regular
654,Hritik,Agarwal,Female,21,Kharagpur,Rajasthan,India,2025-06-10,VIP
655,Oni,Ganesan,Female,62,Kumbakonam,Maharashtra,India,2024-12-07,Premium
656,Indali,Prashad,Male,23,Nangloi Jat,Karnataka,India,2026-08-18,VIP
657,Umang,Gaba,Male,48,Srinagar,Tamil Nadu,India,2021-12-30,Regular
658,Chaitaly,Bahri,Male,51,Bhilwara,Andhra Pradesh,India,2022-08-09,Regular
659,Ethan,Oommen,Female,28,Gandhinagar,Karnataka,India,2023-01-30,Regular
660,Falan,Chander,Male,32,Hindupur,Rajasthan,India,2025-10-26,VIP
661,Azaan,Sankar,Male,26,Medininagar,Tamil Nadu,India,2025-05-29,Regular
662,Naksh,Bera,Male,45,Bathinda,Tamil Nadu,India,2023-06-18,VIP
663,Ranveer,Rout,Female,33,Ichalkaranji,Telangana,India,2024-03-29,VIP
664,Wazir,Char,Female,34,Singrauli,Delhi,India,2026-07-30,VIP
665,Vritti,Dube,Female,69,Karimnagar,Maharashtra,India,2021-09-29,Premium
666,Prisha,Chahal,Male,67,Ghaziabad,Delhi,India,2025-10-19,VIP
667,Ryan,Chatterjee,Female,52,Tiruppur,Kerala,India,2023-03-02,VIP
668,Bishakha,Bumb,Female,39,Bhiwandi,Kerala,India,2024-05-03,Regular
669,Mitali,Sinha,Male,39,Bilaspur,Delhi,India,2022-06-28,Premium
670,Lila,Goyal,Male,19,Eluru,Delhi,India,2024-11-08,Premium
671,Rachit,Sehgal,Female,32,Firozabad,Delhi,India,2025-06-15,Premium
672,Udyati,Lall,Male,56,Agartala,Delhi,India,2026-07-07,Regular
673,David,Dora,Male,38,Guwahati,Andhra Pradesh,India,2024-08-21,Premium
674,Odika,Karan,Male,38,Munger,Delhi,India,2026-02-27,Premium
675,Omya,Wason,Male,62,Chapra,Maharashtra,India,2023-09-20,Regular
676,Vamakshi,Mistry,Male,66,Tenali,Delhi,India,2022-01-03,VIP
677,Yadavi,Varughese,Male,43,Jamshedpur,Maharashtra,India,2025-07-14,Premium
678,Oscar,Ganesh,Female,65,Nellore,Karnataka,India,2022-10-15,VIP
679,Brijesh,Sampath,Male,46,Raebareli,Maharashtra,India,2023-06-07,Regular
680,Manbir,Kuruvilla,Female,59,Jabalpur,Delhi,India,2022-06-15,Premium
681,Lipika,Ranganathan,Male,66,Bally,Rajasthan,India,2026-02-18,Regular
682,Tara,Arora,Female,26,Gorakhpur,Rajasthan,India,2025-03-28,Regular
683,Mason,Divan,Female,65,Aligarh,Telangana,India,2026-07-02,Premium
684,Harrison,Mangal,Female,57,Bulandshahr,Delhi,India,2023-12-17,VIP
685,Leela,Sunder,Male,51,Agra,West Bengal,India,2023-03-07,VIP
686,Anya,Rau,Female,25,Tadipatri,Telangana,India,2025-02-17,VIP
687,Balvan,Randhawa,Male,40,Patiala,West Bengal,India,2022-02-18,Regular
688,Vaishnavi,Luthra,Male,22,Jaipur,Telangana,India,2024-08-02,VIP
689,Chavvi,Mukhopadhyay,Male,25,Pallavaram,West Bengal,India,2022-07-20,Regular
690,Vedant,Desai,Male,60,Mango,Telangana,India,2024-06-10,Regular
691,Amruta,Saha,Male,41,Maheshtala,Tamil Nadu,India,2025-06-21,Regular
692,Siddharth,Ray,Male,37,Hazaribagh,Delhi,India,2024-11-22,Premium
693,Daksh,Varma,Male,63,Amritsar,Maharashtra,India,2024-05-11,VIP
694,Yashawini,Raval,Female,32,Loni,Tamil Nadu,India,2026-07-20,VIP
695,Ayush,Ghose,Male,45,Kollam,Tamil Nadu,India,2022-03-16,VIP
696,Zaid,Bali,Female,22,Dhanbad,Delhi,India,2024-10-11,Premium
697,Rushil,Mahal,Female,49,Madhyamgram,West Bengal,India,2026-01-04,Premium
698,Mekhala,Dasgupta,Female,64,New Delhi,Telangana,India,2024-11-18,VIP
699,Vrinda,Sehgal,Female,57,Bhalswa Jahangir Pur,Rajasthan,India,2026-05-27,Regular
700,Inaya,Padmanabhan,Female,32,Rampur,Karnataka,India,2022-06-25,VIP
701,Bhavani,Bala,Male,53,Dhanbad,Maharashtra,India,2023-02-06,Premium
702,Tanish,Kant,Male,58,Tiruppur,Rajasthan,India,2024-01-02,Premium
703,Nimrat,Varghese,Male,67,Bangalore,Andhra Pradesh,India,2025-09-29,Regular
704,Kevin,Ghose,Female,29,Rajahmundry,West Bengal,India,2023-11-11,Premium
705,Dalaja,Maharaj,Female,30,Gandhinagar,Delhi,India,2024-09-05,VIP
706,Tripti,Krishnan,Female,49,Kirari Suleman Nagar,Karnataka,India,2024-04-13,VIP
707,Mekhala,Chaudry,Female,32,Sasaram,Telangana,India,2024-11-23,Premium
708,Barkha,Misra,Male,26,Ongole,Rajasthan,India,2022-04-04,VIP
709,Gayathri,Malhotra,Female,42,Bally,Karnataka,India,2023-12-08,Premium
710,Chanchal,Guha,Female,47,Hazaribagh,Maharashtra,India,2023-10-04,Regular
711,Dakshesh,Raval,Female,49,Kolhapur,Tamil Nadu,India,2021-12-06,Premium
712,Widisha,Merchant,Male,38,Gurgaon,Tamil Nadu,India,2025-02-26,Premium
713,Lipika,Banik,Female,47,Tiruvottiyur,Kerala,India,2023-08-09,VIP
714,Vamakshi,Parmer,Male,29,Tirunelveli,Rajasthan,India,2026-06-18,VIP
715,Pratyush,Memon,Female,38,Chittoor,Delhi,India,2022-10-20,Premium
716,Aarna,Goswami,Female,63,Hubli–Dharwad,West Bengal,India,2023-08-09,Premium
717,Isha,Kapoor,Male,40,Bidar,Gujarat,India,2024-07-13,Premium
718,Kamya,Lad,Male,42,Madhyamgram,Gujarat,India,2022-09-18,Regular
719,Upma,Bera,Male,35,Chittoor,Karnataka,India,2023-05-15,Regular
720,Xiti,Dar,Male,32,Bettiah,Maharashtra,India,2024-04-01,VIP
721,Odika,Bhagat,Female,48,Durgapur,Tamil Nadu,India,2023-06-02,VIP
722,Hema,Rout,Female,61,Asansol,Gujarat,India,2024-05-27,VIP
723,Pranit,Buch,Male,50,Thoothukudi,West Bengal,India,2023-03-21,VIP
724,Dhriti,Bhardwaj,Male,36,Bidhannagar,Kerala,India,2024-01-15,Regular
725,Shaurya,Ganguly,Female,56,Unnao,Rajasthan,India,2022-06-18,Regular
726,Kai,Saraf,Male,25,Sambhal,Andhra Pradesh,India,2025-05-12,Premium
727,Vansha,Rajagopal,Female,25,Agra,Telangana,India,2026-04-03,Regular
728,Ryan,Prakash,Male,18,Pondicherry,Maharashtra,India,2026-03-25,VIP
729,Rayaan,Badami,Female,59,Kulti,Karnataka,India,2023-08-21,VIP
730,Hemangini,Muni,Male,27,Kota,Delhi,India,2024-12-22,Premium
731,Yahvi,Mohan,Male,44,Amritsar,Karnataka,India,2022-02-07,Regular
732,Chanchal,Mannan,Female,30,Saharsa,Rajasthan,India,2026-03-04,Premium
733,Geetika,Saraf,Female,43,Tiruvottiyur,Andhra Pradesh,India,2025-11-18,Premium
734,Jagrati,Guha,Female,34,Sambhal,Rajasthan,India,2021-11-16,Premium
735,Vedant,Kapur,Male,37,Rajpur Sonarpur,Tamil Nadu,India,2021-11-25,VIP
736,Yamini,Gara,Male,23,Ambarnath,West Bengal,India,2022-01-12,VIP
737,Keya,Kumer,Male,21,Hindupur,Maharashtra,India,2022-02-14,Premium
738,Hritik,Bahri,Female,52,Bhiwandi,Andhra Pradesh,India,2025-04-04,Regular
739,Sachi,Rai,Female,38,Motihari,Gujarat,India,2023-11-12,VIP
740,Urvi,Dua,Male,27,Bangalore,Gujarat,India,2024-04-10,Premium
741,Osha,Chaudhuri,Female,62,Medininagar,Maharashtra,India,2022-11-18,Regular
742,Omya,Cheema,Male,24,Ichalkaranji,Maharashtra,India,2022-09-07,Regular
743,Hitesh,Tank,Female,20,Narasaraopet,West Bengal,India,2023-05-31,Regular
744,Adya,Virk,Female,69,Secunderabad,Maharashtra,India,2025-03-14,Premium
745,Chakrika,Dyal,Female,51,Motihari,Karnataka,India,2025-12-08,VIP
746,Sarthak,Srivastava,Male,36,Noida,Telangana,India,2021-09-26,VIP
747,Agastya,Chakraborty,Female,36,Chapra,Gujarat,India,2025-12-01,Regular
748,Manthan,Chana,Female,47,Salem,Andhra Pradesh,India,2023-11-22,Premium
749,Vihaan,Shan,Male,48,Bilaspur,Maharashtra,India,2025-08-30,VIP
750,Chandresh,Chaudhry,Female,62,Thane,Maharashtra,India,2024-03-08,Premium
751,Jagvi,Munshi,Male,66,Bhiwandi,Kerala,India,2022-07-10,Regular
752,Chakradev,Andra,Female,69,Tirunelveli,Telangana,India,2024-07-05,VIP
753,Ishita,Sarma,Female,64,Tiruchirappalli,Rajasthan,India,2024-11-18,Premium
754,Hema,Goswami,Male,50,Rewa,Telangana,India,2025-02-12,Premium
755,Tanmayi,Magar,Female,37,Morena,Gujarat,India,2025-04-20,VIP
756,Ojas,Chowdhury,Female,28,Allahabad,Kerala,India,2023-01-26,Regular
757,Hemang,Saha,Female,33,Jehanabad,Delhi,India,2025-06-10,Regular
758,Pratyush,Raghavan,Female,27,Pudukkottai,Karnataka,India,2021-12-16,VIP
759,Kalpit,Subramanian,Male,60,Gorakhpur,Telangana,India,2025-03-18,Premium
760,Ridhi,Batra,Female,62,Bhilwara,Gujarat,India,2024-05-21,Regular
761,Advik,Vohra,Male,62,Sonipat,Tamil Nadu,India,2026-02-16,Regular
762,Girish,Sant,Male,59,Ongole,Tamil Nadu,India,2024-08-27,Premium
763,Lekha,Dixit,Female,68,Hyderabad,Delhi,India,2023-01-18,Regular
764,Yashasvi,Singh,Female,54,Dehradun,Maharashtra,India,2022-05-08,Regular
765,Vyanjana,Nagi,Male,27,Bathinda,Delhi,India,2024-01-30,Premium
766,Chandresh,Tripathi,Female,21,Jamalpur,Kerala,India,2024-12-07,VIP
767,Neha,Keer,Female,52,Jaunpur,Telangana,India,2025-06-29,Regular
768,Sara,Chakrabarti,Female,23,Amroha,Rajasthan,India,2024-05-26,Premium
769,Jagat,Tank,Female,61,Kota,Rajasthan,India,2025-02-22,VIP
770,Nitara,Banik,Female,41,Mysore,Rajasthan,India,2024-04-21,Regular
771,Yashoda,Jhaveri,Female,41,Mau,Andhra Pradesh,India,2024-10-20,Premium
772,Chatura,Kapoor,Female,45,Bathinda,Kerala,India,2026-06-24,VIP
773,Urvashi,Patla,Male,45,Raipur,West Bengal,India,2022-07-17,Premium
774,Tristan,Agate,Female,33,Raichur,Gujarat,India,2024-03-13,VIP
775,Kashvi,Cherian,Female,42,Dehradun,Gujarat,India,2025-11-25,Regular
776,Logan,Rout,Male,53,Rohtak,West Bengal,India,2023-05-19,VIP
777,Raghav,Dara,Female,35,Thrissur,Andhra Pradesh,India,2025-08-07,VIP
778,Rayaan,Nigam,Male,38,Vijayanagaram,Maharashtra,India,2022-02-09,Premium
779,Jatin,Seshadri,Male,44,Giridih,Kerala,India,2026-01-01,Premium
780,Krish,Tara,Male,32,Bettiah,Karnataka,India,2022-02-15,VIP
781,Rachita,Subramanian,Female,41,Adoni,Kerala,India,2023-03-11,Regular
782,Kabir,Chawla,Female,43,Ghaziabad,West Bengal,India,2024-06-13,Premium
783,Yamini,Rajagopalan,Male,54,Narasaraopet,Andhra Pradesh,India,2023-10-29,Regular
784,Anusha,Rao,Female,22,Durg,Tamil Nadu,India,2025-07-25,VIP
785,Kiaan,Devi,Female,54,Madanapalle,West Bengal,India,2026-01-26,Regular
786,Chandani,Murthy,Male,68,Kollam,Rajasthan,India,2023-07-01,Regular
787,Bina,Pai,Female,29,Mangalore,Rajasthan,India,2025-12-31,Regular
788,Ekantika,D’Alia,Male,50,Kishanganj,Karnataka,India,2025-10-19,Regular
789,Omisha,Walla,Female,59,Bhusawal,Rajasthan,India,2021-10-27,VIP
790,Hredhaan,Bakshi,Female,50,Ulhasnagar,Telangana,India,2022-03-01,Regular
791,Daksh,Iyengar,Male,51,Nanded,Andhra Pradesh,India,2024-02-25,VIP
792,Zashil,Dhingra,Male,56,Sagar,Gujarat,India,2023-06-13,Regular
793,Bachittar,Parmer,Male,51,Kota,Gujarat,India,2026-06-29,Premium
794,Udarsh,Ramachandran,Female,51,Sasaram,Telangana,India,2024-02-28,Premium
795,Champak,Raj,Male,22,Erode,Karnataka,India,2024-05-16,Premium
796,Chatura,Arya,Female,19,Panihati,Andhra Pradesh,India,2025-06-25,Premium
797,Umang,Pillai,Female,65,Jammu,Tamil Nadu,India,2024-03-19,Regular
798,Saumya,Goel,Male,39,Gaya,West Bengal,India,2023-03-11,VIP
799,Yoshita,Dar,Female,55,Thane,Andhra Pradesh,India,2025-05-11,VIP
800,Arya,Lalla,Female,68,Nanded,Telangana,India,2023-11-19,VIP
801,Abdul,Narayanan,Male,37,Bhatpara,Andhra Pradesh,India,2022-01-20,VIP
802,Mitesh,Naidu,Female,63,Tadepalligudem,Maharashtra,India,2024-04-10,Premium
803,Vritti,Parmar,Male,57,Ratlam,Delhi,India,2026-03-08,VIP
804,Thomas,Gour,Female,69,Dibrugarh,Rajasthan,India,2023-01-26,Premium
805,Ojasvi,Yadav,Female,43,Tiruchirappalli,Telangana,India,2024-09-07,VIP
806,Timothy,Kala,Female,42,Bathinda,West Bengal,India,2024-10-12,Premium
807,Chaaya,Kamdar,Male,25,Kishanganj,Telangana,India,2021-10-15,Premium
808,Ishwar,Pal,Female,52,New Delhi,Gujarat,India,2023-10-15,VIP
809,Balveer,Nagi,Female,40,Raipur,Rajasthan,India,2024-12-29,VIP
810,Aahana,Zachariah,Female,60,Nagpur,Tamil Nadu,India,2026-02-09,Regular
811,Kavya,Varkey,Male,28,Morbi,West Bengal,India,2022-02-01,Premium
812,Chaman,Hans,Female,41,Kottayam,Rajasthan,India,2022-05-31,Regular
813,Gopal,Ganesh,Male,25,Amritsar,Kerala,India,2023-07-04,Regular
814,Tanay,Samra,Male,32,Tiruppur,West Bengal,India,2026-04-15,Premium
815,Radhika,Bora,Female,37,Nagpur,Gujarat,India,2025-08-14,Premium
816,Garima,Barad,Male,33,Srinagar,Tamil Nadu,India,2022-03-05,Regular
817,Pranav,Krishnamurthy,Male,44,Ramgarh,Karnataka,India,2023-08-26,VIP
818,Aarna,Reddy,Female,55,Hospet,Telangana,India,2025-02-25,Regular
819,Rachita,Mutti,Male,25,Pali,Delhi,India,2022-09-20,VIP
820,Abeer,Bhatnagar,Male,21,Srinagar,Gujarat,India,2024-10-03,Premium
821,Yadavi,Cherian,Female,36,Barasat,Rajasthan,India,2022-06-13,VIP
822,Baghyawati,Sarma,Female,33,Tenali,Telangana,India,2021-12-22,VIP
823,Urvi,Dugar,Male,38,Bhavnagar,Karnataka,India,2025-01-14,Premium
824,Chakrika,Dhawan,Female,48,Dindigul,Kerala,India,2021-10-22,VIP
825,Lohit,Dasgupta,Male,42,Kolkata,Tamil Nadu,India,2026-08-02,Regular
826,Meera,Yogi,Female,42,Farrukhabad,Maharashtra,India,2023-07-02,Premium
827,Hemangini,Kakar,Female,22,Anand,Tamil Nadu,India,2022-12-04,Regular
828,Naveen,Gour,Female,46,Tadepalligudem,Rajasthan,India,2023-11-12,Premium
829,Rishi,Contractor,Female,23,Tezpur,Tamil Nadu,India,2022-03-05,Regular
830,Triya,Bora,Male,19,Jabalpur,Rajasthan,India,2023-11-05,Regular
831,Guneet,Hora,Female,51,Bathinda,Gujarat,India,2024-10-01,VIP
832,Kabir,Keer,Female,45,Anantapuram,Andhra Pradesh,India,2022-04-22,Regular
833,Rishi,Nadkarni,Female,43,Hospet,Telangana,India,2024-07-04,Regular
834,Damini,Dua,Male,69,Satna,Karnataka,India,2025-05-10,Regular
835,Om,Agrawal,Male,64,Shahjahanpur,Karnataka,India,2023-08-07,Premium
836,Rajata,Malhotra,Male,40,Guntur,Gujarat,India,2024-07-14,Regular
837,Varsha,Shere,Male,61,Secunderabad,Tamil Nadu,India,2024-04-24,Regular
838,Vidhi,Chopra,Female,33,Medininagar,Karnataka,India,2022-05-30,Premium
839,Avni,Dey,Male,57,Firozabad,West Bengal,India,2022-05-13,VIP
840,Faqid,Bahl,Male,23,Amaravati,Rajasthan,India,2025-02-27,Regular
841,Simon,Bansal,Female,40,Tinsukia,Tamil Nadu,India,2026-04-21,Premium
842,Urmi,Dixit,Male,64,Katni,Gujarat,India,2023-08-12,VIP
843,Bina,Desai,Male,38,Orai,Tamil Nadu,India,2026-01-20,Regular
844,Gautam,Ranganathan,Male,63,Ambala,Maharashtra,India,2021-10-20,Premium
845,William,Gandhi,Female,29,Amroha,Telangana,India,2023-01-25,VIP
846,Praneel,Dhingra,Male,52,Secunderabad,Karnataka,India,2022-01-21,VIP
847,Theodore,Sura,Male,23,Rajkot,Kerala,India,2023-12-18,VIP
848,Kala,Kaur,Male,51,Tiruppur,West Bengal,India,2026-02-13,Premium
849,Jalsa,Rama,Female,31,Malda,Maharashtra,India,2022-02-09,Regular
850,Balveer,Naik,Female,52,Saharsa,Tamil Nadu,India,2024-01-15,Premium
851,Adya,Ghosh,Male,31,Burhanpur,Maharashtra,India,2024-10-26,Regular
852,Faras,Varughese,Male,57,Gandhinagar,West Bengal,India,2023-08-11,Premium
853,Zaitra,Ravi,Female,55,Hapur,Kerala,India,2025-11-08,Premium
854,Vasatika,Ahuja,Female,36,Gandhidham,Tamil Nadu,India,2023-02-14,VIP
855,Victor,Bose,Female,36,Rajpur Sonarpur,Rajasthan,India,2022-12-28,Regular
856,Rachit,Dugar,Male,31,Madanapalle,Rajasthan,India,2022-09-20,VIP
857,Victor,Sachdeva,Female,36,Raipur,Maharashtra,India,2025-10-23,Premium
858,Varenya,Srinivas,Female,55,Gudivada,Delhi,India,2023-01-31,Regular
859,Nirja,Bains,Female,57,Varanasi,Telangana,India,2022-10-20,Premium
860,Naveen,Desai,Male,50,Chapra,West Bengal,India,2022-12-18,Regular
861,Daksh,Ganesan,Female,28,Bokaro,Delhi,India,2026-02-09,VIP
862,Nidra,Bahl,Male,31,Guwahati,Rajasthan,India,2023-07-22,VIP
863,Saumya,Sinha,Female,45,Tirunelveli,West Bengal,India,2023-07-31,Premium
864,Nirja,Dhar,Male,63,Sasaram,Gujarat,India,2023-12-18,Regular
865,Oliver,Oommen,Female,33,Kavali,Telangana,India,2022-04-19,Premium
866,Victor,Radhakrishnan,Female,52,Mira-Bhayandar,Karnataka,India,2022-08-21,Regular
867,Amol,Jain,Male,38,Jalgaon,Delhi,India,2022-07-14,Regular
868,Peter,Soni,Male,61,Katihar,Telangana,India,2025-12-29,Regular
869,Jacob,Chander,Male,26,Bikaner,Rajasthan,India,2026-04-20,VIP
870,Aarav,Sankar,Male,51,Uluberia,West Bengal,India,2022-01-30,Regular
871,Pushti,Karnik,Female,62,Eluru,Kerala,India,2024-09-11,VIP
872,Guneet,Sandal,Female,29,Rohtak,Gujarat,India,2025-10-09,Premium
873,Viraj,Chacko,Male,32,Khora ,Rajasthan,India,2026-05-04,VIP
874,Nilima,Kurian,Female,69,Kolkata,Gujarat,India,2021-10-10,Regular
875,Jacob,Venkatesh,Male,55,Gandhinagar,Maharashtra,India,2023-06-18,Regular
876,Diya,Rege,Male,68,Aligarh,Maharashtra,India,2023-01-11,VIP
877,Pooja,Kulkarni,Male,45,Jorhat,Maharashtra,India,2025-04-25,Premium
878,Jasmit,Majumdar,Female,62,Kurnool,Tamil Nadu,India,2025-03-24,Premium
879,Vasudha,Gola,Female,19,Karaikudi,West Bengal,India,2026-06-08,Premium
880,Veda,Kulkarni,Male,58,Gangtok,Telangana,India,2024-08-22,VIP
881,Mitali,Devi,Female,23,Berhampur,Gujarat,India,2025-07-06,Regular
882,Neel,Chaudhry,Female,34,Danapur,Gujarat,India,2025-02-13,Premium
883,Hamsini,Ben,Male,25,Pali,Tamil Nadu,India,2021-10-04,Premium
884,Gavin,Dhillon,Male,46,Ghaziabad,Telangana,India,2025-06-01,VIP
885,Gaurang,Bhatt,Female,31,Korba,Tamil Nadu,India,2024-11-13,Regular
886,Fariq,Barad,Female,66,Rewa,Gujarat,India,2026-02-22,Regular
887,Bhavini,Bhandari,Female,66,Shimla,West Bengal,India,2025-06-12,VIP
888,Advaith,Jaggi,Female,50,Jammu,Andhra Pradesh,India,2021-12-31,VIP
889,Yashvi,Varty,Male,66,Srikakulam,Andhra Pradesh,India,2023-02-26,VIP
890,Balendra,Parsa,Female,58,Mumbai,Rajasthan,India,2023-01-20,Regular
891,Gabriel,Majumdar,Male,58,Nagercoil,Telangana,India,2025-01-27,Regular
892,Nidra,Iyer,Male,56,Coimbatore,Kerala,India,2022-06-25,Regular
893,Bhavani,Pall,Male,30,Bally,Tamil Nadu,India,2023-08-22,VIP
894,Robert,Sha,Male,63,Ramgarh,Telangana,India,2021-10-02,VIP
895,Advika,Gill,Female,25,Guna,West Bengal,India,2022-08-14,Regular
896,Elijah,Thakur,Male,62,Mau,Telangana,India,2022-09-16,Regular
897,Yochana,Kurian,Female,56,Mango,Andhra Pradesh,India,2024-12-02,Regular
898,Veda,Kohli,Female,42,Berhampore,Kerala,India,2025-08-19,Premium
899,Ayaan,Subramaniam,Male,64,Rampur,Kerala,India,2022-04-15,Regular
900,Lavanya,Kannan,Male,37,Satna,Karnataka,India,2025-03-22,Premium
901,Ira,Varty,Female,21,Firozabad,Telangana,India,2023-10-29,VIP
902,Bhavna,Chander,Female,35,Tiruvottiyur,Delhi,India,2022-05-12,VIP
903,Pranav,Soni,Male,45,Raichur,West Bengal,India,2023-07-29,Regular
904,Amruta,Goswami,Male,29,Panchkula,Andhra Pradesh,India,2023-05-31,VIP
905,Wahab,Khurana,Male,58,Tiruppur,Kerala,India,2023-08-31,Premium
906,Samaksh,Krish,Male,46,Bhatpara,Rajasthan,India,2022-08-15,Premium
907,Jagdish,Brar,Female,68,Srikakulam,Andhra Pradesh,India,2021-10-08,Premium
908,Brijesh,Subramaniam,Female,68,Udupi,Gujarat,India,2024-05-24,Regular
909,Waida,Maharaj,Male,56,South Dumdum,Tamil Nadu,India,2026-01-23,Premium
910,Ati,Rao,Male,19,Gangtok,Gujarat,India,2022-10-21,VIP
911,Chatura,Vora,Female,47,Morena,West Bengal,India,2026-04-25,Premium
912,Bachittar,Thakkar,Male,58,Singrauli,Tamil Nadu,India,2023-03-15,VIP
913,Tanvi,Dara,Male,62,Satna,Andhra Pradesh,India,2021-10-14,Regular
914,Advik,Kade,Male,66,Amaravati,Rajasthan,India,2022-07-28,VIP
915,Eshana,Pathak,Female,55,Gaya,Delhi,India,2026-05-19,Premium
916,Adya,Khalsa,Male,35,Chittoor,Maharashtra,India,2024-08-18,VIP
917,Jasmit,Gour,Male,26,Khandwa,Delhi,India,2023-07-04,Premium
918,Oni,Pradhan,Female,47,Rewa,Karnataka,India,2024-02-03,VIP
919,Shravya,Gole,Male,45,Ramgarh,Rajasthan,India,2023-08-29,VIP
920,Harish,Madan,Male,57,Miryalaguda,Andhra Pradesh,India,2025-05-22,VIP
921,Lakshmi,Hayre,Male,53,Jalgaon,Telangana,India,2025-09-26,VIP
922,Aditya,Goda,Female,45,Panchkula,Delhi,India,2022-11-09,VIP
923,Zansi,Walla,Female,54,Morbi,West Bengal,India,2024-04-07,Regular
924,Zashil,Batta,Male,64,Navi Mumbai,Maharashtra,India,2023-02-07,VIP
925,Darpan,Kale,Male,27,Fatehpur,Karnataka,India,2022-07-14,VIP
926,Shivani,Natt,Male,64,Karimnagar,Telangana,India,2024-10-11,Regular
927,Aarini,Padmanabhan,Female,22,Bulandshahr,West Bengal,India,2022-09-29,Premium
928,Indali,Issac,Female,69,Anantapuram,West Bengal,India,2024-09-25,Premium
929,Ekta,Uppal,Male,48,Amroha,Maharashtra,India,2022-05-19,Regular
930,Lakshmi,Mangat,Male,67,Ulhasnagar,Delhi,India,2023-02-20,Premium
931,Geetika,Sama,Female,41,Madurai,Tamil Nadu,India,2022-05-21,VIP
932,Neel,Oza,Male,21,Satara,Andhra Pradesh,India,2024-05-29,VIP
933,Bishakha,Loke,Female,60,Gopalpur,Andhra Pradesh,India,2025-07-01,VIP
934,Janani,Verma,Female,23,Haridwar,Delhi,India,2023-02-19,Premium
935,Qarin,Bajaj,Female,54,Noida,Andhra Pradesh,India,2023-11-08,Regular
936,Fariq,Kade,Male,59,Sikar,Delhi,India,2022-08-04,VIP
937,Girish,Bhatt,Male,23,Motihari,Maharashtra,India,2022-03-04,Premium
938,Atharv,Ranganathan,Female,26,Vasai-Virar,Telangana,India,2023-12-12,Regular
939,Nachiket,Chad,Male,64,Tirupati,Maharashtra,India,2023-08-31,Regular
940,Yug,Mander,Male,49,Cuttack,Gujarat,India,2022-10-30,Regular
941,Onkar,Balakrishnan,Male,58,Raurkela Industrial Township,Telangana,India,2024-06-24,Regular
942,Vamakshi,Sibal,Female,62,Motihari,Gujarat,India,2025-07-01,Regular
943,Krishna,Zacharia,Male,40,Gudivada,Tamil Nadu,India,2025-08-06,VIP
944,Radhika,Viswanathan,Female,51,Sri Ganganagar,Tamil Nadu,India,2025-10-23,Premium
945,Utkarsh,Chakraborty,Male,38,Aizawl,Delhi,India,2024-10-28,VIP
946,Nitara,Lad,Male,21,Avadi,Tamil Nadu,India,2021-10-20,Regular
947,Aadi,Virk,Female,41,Hapur,Tamil Nadu,India,2024-02-25,Regular
948,Upasna,Warrior,Male,51,Pallavaram,Maharashtra,India,2025-10-09,VIP
949,Chandani,Andra,Male,34,Jalna,Tamil Nadu,India,2023-09-06,Premium
950,Abhimanyu,Prakash,Female,39,Bulandshahr,Rajasthan,India,2026-06-25,Premium
951,Rajeshri,Rana,Male,54,Ujjain,Kerala,India,2025-01-10,Regular
952,Kritika,Kannan,Female,45,Vijayawada,Delhi,India,2025-04-21,Regular
953,Wriddhish,Varughese,Male,53,Anantapuram,Gujarat,India,2026-03-28,VIP
954,Amruta,Sachar,Male,44,Coimbatore,Delhi,India,2023-04-07,Premium
955,Laban,Mann,Male,62,Sirsa,Gujarat,India,2025-07-25,Regular
956,Anita,Swamy,Female,28,Pondicherry,Kerala,India,2021-11-17,Regular
957,Max,Bawa,Male,37,Gaya,Rajasthan,India,2022-08-01,Premium
958,Baghyawati,Luthra,Female,29,Bahraich,Gujarat,India,2021-10-13,Regular
959,Viraj,Chana,Male,36,Kanpur,Andhra Pradesh,India,2025-11-29,Premium
960,Teerth,Oommen,Male,53,Bijapur,Gujarat,India,2025-12-14,VIP
961,Kamya,Sheth,Male,41,Bathinda,Kerala,India,2022-05-25,VIP
962,Madhav,Bhalla,Male,28,Katni,Rajasthan,India,2022-04-27,VIP
963,Upma,Golla,Female,34,Chandrapur,Tamil Nadu,India,2024-12-16,Regular
964,Advik,Dara,Female,44,Kharagpur,Karnataka,India,2025-06-25,VIP
965,Yug,Bandi,Male,64,Jaunpur,Maharashtra,India,2022-07-06,VIP
966,Sathvik,Solanki,Male,52,Bijapur,Rajasthan,India,2024-06-17,Regular
967,Nathan,Basak,Male,34,Nizamabad,Telangana,India,2025-10-22,Regular
968,Chanchal,Issac,Female,25,Faridabad,Tamil Nadu,India,2023-07-26,VIP
969,Isaiah,Keer,Female,20,Anantapur,Delhi,India,2021-11-03,Regular
970,Oliver,Majumdar,Male,63,Tenali,Kerala,India,2023-10-13,Premium
971,Aditya,Basak,Female,39,Kavali,Gujarat,India,2023-01-12,VIP
972,Kamya,Chakraborty,Male,27,Sangli-Miraj & Kupwad,Andhra Pradesh,India,2025-12-19,Premium
973,Gavin,Nigam,Male,33,Allahabad,Karnataka,India,2024-09-26,Regular
974,Mitesh,Yadav,Female,52,Cuttack,West Bengal,India,2025-11-11,Premium
975,Viraj,Nadig,Male,47,Bahraich,Tamil Nadu,India,2023-05-10,VIP
976,Ansh,Purohit,Female,25,Guntur,Andhra Pradesh,India,2023-11-05,Regular
977,Balveer,Sundaram,Female,24,Karaikudi,Kerala,India,2024-03-21,VIP
978,Vrishti,Gupta,Male,53,Tinsukia,Rajasthan,India,2024-09-02,Regular
979,Ekiya,Sidhu,Male,32,Khora ,Delhi,India,2026-06-06,Regular
980,Naveen,Biswas,Female,25,Hospet,Delhi,India,2024-03-24,Regular
981,Adya,Peri,Male,18,Mumbai,Maharashtra,India,2026-01-06,VIP
982,Ladli,Goyal,Female,57,Udupi,Kerala,India,2024-10-23,Regular
983,William,Nagi,Female,63,Siwan,Maharashtra,India,2025-01-03,Premium
984,Ranveer,Viswanathan,Male,55,Suryapet,Tamil Nadu,India,2023-01-09,VIP
985,Barkha,Naidu,Female,30,Pondicherry,Karnataka,India,2022-08-27,Regular
986,Gopal,Virk,Male,36,Varanasi,Gujarat,India,2022-10-26,Premium
987,Pranav,Balay,Female,34,Aligarh,Kerala,India,2025-11-03,Premium
988,Rehaan,Chaudhary,Female,33,Aurangabad,Gujarat,India,2025-01-07,Premium
989,Vrishti,Vora,Female,43,Dhanbad,West Bengal,India,2024-10-30,VIP
990,Timothy,Bobal,Male,51,Dhule,Kerala,India,2025-11-22,VIP
991,Fariq,Sidhu,Female,40,Karimnagar,West Bengal,India,2026-06-17,Premium
992,Ojasvi,Pillay,Male,44,Tadepalligudem,Gujarat,India,2023-12-22,Regular
993,Banjeet,Bobal,Male,56,Solapur,Telangana,India,2023-07-20,Regular
994,Zilmil,Chatterjee,Male,47,Ahmednagar,Delhi,India,2026-03-27,Regular
995,Lekha,Gupta,Male,36,Hajipur,Delhi,India,2023-10-30,VIP
996,Praneel,Sagar,Male,42,Gangtok,Gujarat,India,2024-10-04,VIP
997,Tara,Sane,Male,40,Rourkela,Andhra Pradesh,India,2023-04-01,Premium
998,Neelima,Thaman,Female,25,Sangli-Miraj & Kupwad,Gujarat,India,2026-04-03,Premium
999,Saanvi,Pandey,Female,67,Jamalpur,Maharashtra,India,2024-06-22,Regular
1000,Kamya,Sachar,Female,32,North Dumdum,Gujarat,India,2023-10-05,Premium
1001,Tanish,Prashad,Male,21,Karimnagar,Kerala,India,2025-07-24,Premium
1002,Sara,Ranganathan,Female,48,Visakhapatnam,Karnataka,India,2024-02-18,Premium
1003,Amol,Vasa,Female,51,Barasat,Rajasthan,India,2021-10-08,Regular
1004,Charita,Kapadia,Male,48,Satna,Telangana,India,2021-11-24,Premium
1005,Anya,Vaidya,Male,43,Bareilly,Karnataka,India,2022-01-13,Premium
1006,Triveni,Parekh,Female,34,Durgapur,Kerala,India,2023-12-20,Premium
1007,Jeevika,Krish,Female,58,Bardhaman,Gujarat,India,2024-04-08,Regular
1008,George,Ratta,Female,46,Solapur,Rajasthan,India,2024-06-22,Regular
1009,Vasudha,Ghose,Male,36,Gangtok,Rajasthan,India,2022-07-11,VIP
1010,Charita,Barad,Female,61,Vijayawada,Maharashtra,India,2022-03-10,Premium
1011,Gaurika,Pall,Male,68,Erode,Tamil Nadu,India,2022-09-27,Regular
1012,Utkarsh,Apte,Female,65,Meerut,West Bengal,India,2024-04-21,VIP
1013,Benjamin,Nagar,Male,34,Khammam,Andhra Pradesh,India,2025-12-26,VIP
1014,Timothy,Dua,Female,46,Singrauli,Telangana,India,2025-07-03,VIP
1015,Yamini,Chana,Male,27,Bhiwani,Kerala,India,2024-03-06,Regular
1016,Meera,Divan,Male,60,Naihati,Delhi,India,2022-06-01,Regular
1017,Vamakshi,Bawa,Female,61,Firozabad,Telangana,India,2022-06-09,VIP
1018,Mohini,Thaker,Male,47,Bikaner,Rajasthan,India,2022-11-11,Regular
1019,Vasana,Hora,Female,36,Tenali,Tamil Nadu,India,2026-07-29,Regular
1020,Rohan,Viswanathan,Female,34,Latur,Delhi,India,2022-04-28,Premium
1021,Amaira,Sani,Female,56,Ramgarh,Rajasthan,India,2022-06-23,VIP
1022,Isaiah,Sachdev,Male,65,Ambarnath,Karnataka,India,2024-09-04,Premium
1023,Rayaan,Nagi,Male,61,Hindupur,Rajasthan,India,2021-12-02,VIP
1024,Dalaja,Gara,Male,30,Tadepalligudem,Karnataka,India,2025-06-22,Regular
1025,Madhav,Sastry,Male,53,Muzaffarpur,Karnataka,India,2023-05-31,Regular
1026,Kashvi,Dugal,Male,55,Gorakhpur,Gujarat,India,2022-03-06,Premium
1027,Xavier,Divan,Male,53,Kanpur,Kerala,India,2024-08-19,Regular
1028,Indrajit,Mody,Male,51,Chittoor,Rajasthan,India,2021-11-27,VIP
1029,Garima,Kadakia,Female,35,Kurnool,Tamil Nadu,India,2026-05-12,Premium
1030,Aarna,Subramanian,Female,61,Surat,Delhi,India,2024-12-01,Premium
1031,Caleb,Kumer,Female,18,Allahabad,Maharashtra,India,2024-02-17,Regular
1032,Sai,Madan,Female,60,Kirari Suleman Nagar,Tamil Nadu,India,2021-10-13,Regular
1033,Ekalinga,Rama,Male,66,Karimnagar,Gujarat,India,2022-08-19,Premium
1034,Anirudh,Master,Female,61,Ahmednagar,Delhi,India,2024-12-13,Premium
1035,Yashoda,Chaudhary,Female,30,Shivpuri,Delhi,India,2026-03-27,Premium
1036,Gaurang,Grewal,Female,19,Orai,Gujarat,India,2025-08-10,Regular
1037,Anthony,Baral,Female,31,Bettiah,Andhra Pradesh,India,2024-04-22,VIP
1038,Gauri,Suri,Male,20,Sangli-Miraj & Kupwad,Gujarat,India,2021-11-14,Regular
1039,Idika,Pandey,Female,69,Barasat,West Bengal,India,2023-09-21,Regular
1040,Yachana,Majumdar,Male,42,Bardhaman,Maharashtra,India,2025-01-02,Premium
1041,Ayushman,Mammen,Female,43,Saharanpur,Gujarat,India,2024-08-14,Regular
1042,Maya,Devan,Female,45,Eluru,Telangana,India,2026-02-21,Premium
1043,Utkarsh,Sahni,Female,44,Chapra,Gujarat,India,2023-01-05,Regular
1044,Pooja,Muni,Female,64,Sultan Pur Majra,Rajasthan,India,2026-04-29,Premium
1045,Karan,Jhaveri,Male,23,Amaravati,Kerala,India,2026-04-26,Regular
1046,Samaksh,Devi,Male,50,Loni,Kerala,India,2022-11-12,Premium
1047,Qushi,Dhillon,Male,69,Ratlam,Rajasthan,India,2022-04-16,Premium
1048,Jagat,Gour,Female,33,Ulhasnagar,Delhi,India,2021-12-18,Regular
1049,Eiravati,Sachdev,Male,53,Avadi,Tamil Nadu,India,2025-06-25,Regular
1050,Anusha,Doshi,Female,28,Aligarh,West Bengal,India,2022-10-31,Regular
1051,Qasim,Bal,Male,42,Medininagar,West Bengal,India,2026-07-15,Regular
1052,Vihaan,Kata,Female,21,Indore,West Bengal,India,2024-10-08,VIP
1053,Fariq,Sood,Male,58,Ambala,Karnataka,India,2025-09-13,Premium
1054,Kashvi,Gour,Female,30,Pallavaram,Kerala,India,2025-09-29,Premium
1055,Laksh,Gade,Female,43,Kamarhati,West Bengal,India,2021-12-27,Regular
1056,Nilima,Aurora,Male,22,Haridwar,West Bengal,India,2023-08-10,Premium
1057,Samaksh,Jayaraman,Male,32,Belgaum,Gujarat,India,2025-06-13,Regular
1058,Vrishti,Nair,Male,43,Shahjahanpur,Kerala,India,2025-05-08,Premium
1059,Nidhi,Barman,Male,43,Satara,Rajasthan,India,2025-01-24,Premium
1060,Balvan,Verma,Male,62,Bidhannagar,Tamil Nadu,India,2025-08-07,VIP
1061,Brijesh,Korpal,Male,25,Thane,West Bengal,India,2026-06-16,VIP
1062,Lila,Varty,Male,45,Jhansi,Telangana,India,2024-03-10,Regular
1063,Ria,Rao,Male,69,Baranagar,Gujarat,India,2025-08-21,Premium
1064,Ojas,Sami,Female,64,Pudukkottai,Rajasthan,India,2022-03-06,Premium
1065,Zansi,Dhar,Female,43,Bidhannagar,Telangana,India,2022-06-25,Premium
1066,Xiti,Chowdhury,Male,37,Bhimavaram,Maharashtra,India,2026-05-12,Regular
1067,Krishna,Ramaswamy,Male,50,North Dumdum,Karnataka,India,2025-07-19,Premium
1068,Aryan,Gola,Male,51,Gudivada,Andhra Pradesh,India,2023-06-07,Regular
1069,Suhani,Chana,Female,22,North Dumdum,Gujarat,India,2023-02-09,Premium
1070,Jatin,Chand,Female,39,Hospet,Karnataka,India,2024-10-19,Premium
1071,Frederick,Viswanathan,Female,63,Sasaram,Tamil Nadu,India,2023-01-27,Premium
1072,Kritika,Rai,Female,46,Tirunelveli,West Bengal,India,2024-07-25,Regular
1073,Mason,Gaba,Male,61,Mangalore,Telangana,India,2022-02-24,Regular
1074,Oni,Morar,Female,28,Amroha,Karnataka,India,2024-03-03,VIP
1075,Pratyush,Dalal,Male,45,Panihati,Gujarat,India,2021-09-28,Regular
1076,Zehaan,Arora,Female,21,Mehsana,Tamil Nadu,India,2025-12-15,VIP
1077,Abdul,Tak,Female,29,Bellary,Delhi,India,2025-10-04,Regular
1078,Sudiksha,Rout,Female,36,Vijayawada,Kerala,India,2021-10-08,VIP
1079,Yash,Mall,Female,35,Dhanbad,Andhra Pradesh,India,2023-04-15,Premium
1080,Manbir,Bhakta,Female,61,Vadodara,Tamil Nadu,India,2022-12-13,Regular
1081,Bachittar,Misra,Male,51,Chandigarh,Telangana,India,2022-02-17,VIP
1082,Ikbal,Saha,Male,33,Nanded,Karnataka,India,2024-02-18,Premium
1083,Peter,Shah,Male,25,Vadodara,Andhra Pradesh,India,2022-07-04,Premium
1084,Chandani,Naidu,Female,53,Nadiad,Telangana,India,2022-04-16,VIP
1085,Prisha,Bhattacharyya,Male,34,Chittoor,Maharashtra,India,2022-11-10,Premium
1086,Jairaj,Maharaj,Female,46,Hajipur,Gujarat,India,2025-03-26,Regular
1087,Shaurya,Kadakia,Male,27,Moradabad,Maharashtra,India,2026-07-29,Regular
1088,Gagan,Sule,Female,45,Purnia,Andhra Pradesh,India,2024-05-28,VIP
1089,Aashi,Vora,Male,38,Bikaner,West Bengal,India,2026-07-02,Premium
1090,Watika,Venkatesh,Female,57,Kumbakonam,Karnataka,India,2023-03-30,VIP
1091,Viraj,Mannan,Female,65,Mumbai,Gujarat,India,2022-09-20,Regular
1092,Arjun,Shroff,Male,46,Dhule,Tamil Nadu,India,2025-03-29,Regular
1093,Odika,Bath,Male,27,Etawah,Maharashtra,India,2026-06-25,Regular
1094,Simon,Apte,Female,44,Ichalkaranji,Karnataka,India,2023-11-17,VIP
1095,Ekansh,Morar,Male,49,Guna,Rajasthan,India,2026-05-23,Regular
1096,Ekiya,Ahuja,Male,66,Thoothukudi,Tamil Nadu,India,2024-08-13,Regular
1097,Meghana,Balakrishnan,Female,52,Jammu,Tamil Nadu,India,2024-07-10,Regular
1098,Hamsini,Srinivas,Male,44,Vadodara,Andhra Pradesh,India,2022-11-13,Premium
1099,Vasatika,Dugal,Male,35,Jorhat,Maharashtra,India,2024-07-25,Regular
1100,Turvi,Sachdev,Female,44,Saharsa,Karnataka,India,2024-04-05,Regular
1101,Diya,Wason,Female,18,Dhule,Andhra Pradesh,India,2026-08-16,Premium
1102,Garima,Pandya,Male,37,Jalgaon,Maharashtra,India,2024-02-06,VIP
1103,Azaan,Nori,Female,28,Deoghar,Rajasthan,India,2023-02-15,Regular
1104,Lopa,Grover,Male,18,Aizawl,Telangana,India,2024-05-22,Premium
1105,Azad,Magar,Female,62,Chandigarh,Rajasthan,India,2025-12-10,Regular
1106,Wazir,Prabhu,Female,22,Barasat,West Bengal,India,2023-07-21,VIP
1107,Chasmum,Gill,Male,52,Dindigul,Andhra Pradesh,India,2022-01-12,VIP
1108,Saksham,Chanda,Male,62,Guna,Kerala,India,2021-12-04,VIP
1109,Vasudha,Tella,Male,24,Jhansi,Andhra Pradesh,India,2024-08-09,Regular
1110,Veda,Viswanathan,Male,31,Khammam,Maharashtra,India,2022-12-07,VIP
1111,Guneet,Varty,Female,37,Tiruppur,Karnataka,India,2022-01-09,Regular
1112,Tripti,Ram,Male,25,Kolkata,Rajasthan,India,2024-05-11,VIP
1113,Chaitanya,Chahal,Female,56,Bhind,Rajasthan,India,2022-02-08,VIP
1114,Harshil,Verma,Female,32,Lucknow,Tamil Nadu,India,2026-08-17,Regular
1115,Devika,Kadakia,Male,20,Kollam,West Bengal,India,2023-05-09,VIP
1116,Bhavini,Malhotra,Female,53,Gandhidham,Karnataka,India,2022-09-18,Regular
1117,Anjali,Dixit,Female,41,Panipat,Andhra Pradesh,India,2022-09-08,VIP
1118,Alexander,Varkey,Female,66,Tiruppur,Kerala,India,2026-04-30,Regular
1119,Inaya,Nagar,Female,69,Ajmer,Kerala,India,2024-02-15,Regular
1120,Yash,Garg,Male,48,Bijapur,Delhi,India,2024-08-05,Premium
1121,Sachi,Bedi,Male,23,Bhopal,Delhi,India,2025-09-19,Regular
1122,Chandresh,Cherian,Female,57,Meerut,Kerala,India,2022-06-12,VIP
1123,Pooja,Ramanathan,Female,38,Kavali,Maharashtra,India,2025-07-04,VIP
1124,Ishani,Muni,Female,68,Davanagere,Gujarat,India,2026-04-02,VIP
1125,Farhan,Shroff,Female,45,Tiruchirappalli,Gujarat,India,2025-09-11,VIP
1126,Gunbir,Shah,Male,53,Kirari Suleman Nagar,Rajasthan,India,2025-09-18,Regular
1127,Vincent,Kapur,Male,40,Tadepalligudem,Andhra Pradesh,India,2023-11-28,Premium
1128,Januja,Ramanathan,Female,54,Bathinda,Rajasthan,India,2024-06-22,VIP
1129,Sudiksha,Sura,Male,31,Amritsar,Rajasthan,India,2025-10-03,Premium
1130,Isaiah,Panchal,Female,64,Surendranagar Dudhrej,Gujarat,India,2023-03-02,VIP
1131,Barkha,Pall,Female,39,Danapur,Delhi,India,2022-08-03,Premium
1132,Nidra,Chhabra,Male,25,Miryalaguda,Telangana,India,2022-04-26,VIP
1133,Chasmum,Walia,Male,48,Rewa,Andhra Pradesh,India,2025-03-25,Premium
1134,William,Kohli,Female,51,Ongole,Rajasthan,India,2024-12-23,Regular
1135,Dominic,Oak,Male,49,Gudivada,Andhra Pradesh,India,2025-05-19,Premium
1136,Radhika,Oommen,Male,34,Malegaon,Maharashtra,India,2022-05-18,VIP
1137,Vidhi,Contractor,Male,38,Anantapur,Delhi,India,2026-06-08,Premium
1138,Gunbir,Saxena,Male,18,Aizawl,Rajasthan,India,2025-03-01,VIP
1139,Ekaraj,Chopra,Female,34,Khammam,Rajasthan,India,2025-12-01,VIP
1140,Darsh,Chana,Female,19,Kolhapur,West Bengal,India,2021-09-18,VIP
1141,Manan,Dixit,Female,56,Katihar,Gujarat,India,2024-03-11,Regular
1142,Madhavi,Sekhon,Male,40,Tiruppur,Andhra Pradesh,India,2024-05-28,VIP
1143,Chandani,Modi,Male,34,Hapur,Karnataka,India,2022-06-22,VIP
1144,Abhiram,Uppal,Male,46,Warangal,Rajasthan,India,2024-03-19,Regular
1145,David,Pingle,Female,23,Mumbai,Maharashtra,India,2026-06-23,Regular
1146,Jagrati,Choudhary,Male,34,Ludhiana,Telangana,India,2023-09-18,VIP
1147,Rachana,Ramesh,Male,18,Eluru,Telangana,India,2025-03-02,VIP
1148,Lakshmi,Saran,Female,32,Malegaon,Maharashtra,India,2025-10-02,Premium
1149,Liam,Guha,Male,36,Karimnagar,Maharashtra,India,2025-04-06,VIP
1150,Mitesh,Mani,Female,31,Guntur,Andhra Pradesh,India,2021-10-24,Regular
1151,Ekbal,Babu,Female,51,Morbi,Kerala,India,2025-06-05,VIP
1152,Laban,Chad,Male,36,Vijayanagaram,Gujarat,India,2025-08-04,Regular
1153,Pavani,Gole,Male,66,Danapur,West Bengal,India,2025-04-27,VIP
1154,Shivani,Rajagopalan,Male,18,Kamarhati,Delhi,India,2023-04-18,VIP
1155,Panini,Amble,Female,23,Patiala,West Bengal,India,2025-12-24,Regular
1156,Amruta,Roy,Female,52,Visakhapatnam,Tamil Nadu,India,2022-01-13,VIP
1157,Vasudha,Pillay,Male,27,Amaravati,Rajasthan,India,2025-10-23,VIP
1158,Fariq,Dhar,Female,61,Kirari Suleman Nagar,Kerala,India,2026-02-10,Premium
1159,Farhan,Virk,Female,39,Sambalpur,Tamil Nadu,India,2025-09-24,Regular
1160,Faras,Zacharia,Male,25,Pudukkottai,Kerala,India,2022-02-28,Premium
1161,Hemal,Warrior,Female,20,Nandyal,Karnataka,India,2025-07-29,VIP
1162,Yauvani,Singh,Male,68,Bidar,Karnataka,India,2024-09-18,Regular
1163,Chaitaly,Mann,Male,29,Vadodara,Delhi,India,2024-04-19,VIP
1164,Abha,Bhat,Male,44,Adoni,Telangana,India,2023-02-25,Premium
1165,Charan,Manne,Male,22,Baranagar,Rajasthan,India,2025-11-02,Premium
1166,Fitan,Date,Male,50,Alwar,Karnataka,India,2023-11-10,Regular
1167,Kevin,Mand,Male,39,Bardhaman,Delhi,India,2021-11-01,VIP
1168,Isaac,Ghosh,Female,47,Amroha,Kerala,India,2024-11-09,Regular
1169,Parth,Lal,Male,37,Shivpuri,Gujarat,India,2023-04-02,VIP
1170,Bachittar,Oza,Male,40,Ulhasnagar,Kerala,India,2023-01-09,VIP
1171,Warhi,Sachar,Female,46,Patiala,West Bengal,India,2025-06-16,Regular
1172,Oliver,Kade,Female,35,Meerut,Andhra Pradesh,India,2023-12-18,Regular
1173,Jack,Ben,Male,25,Madhyamgram,Andhra Pradesh,India,2025-02-07,Premium
1174,Vamakshi,Mitra,Male,27,Katihar,Telangana,India,2023-09-13,Premium
1175,Ladli,Ramakrishnan,Female,22,Firozabad,Rajasthan,India,2022-12-12,Regular
1176,Radhika,Arora,Female,43,Sultan Pur Majra,Maharashtra,India,2024-12-17,Regular
1177,Diya,Wagle,Male,44,Jalandhar,Telangana,India,2026-03-26,VIP
1178,Irya,Sankaran,Male,20,Thanjavur,Andhra Pradesh,India,2024-01-05,Premium
1179,Amara,Chaudhari,Male,52,Bhimavaram,Karnataka,India,2025-01-15,Premium
1180,Triya,Khurana,Female,39,Saharsa,Andhra Pradesh,India,2024-08-01,VIP
1181,Pranit,Munshi,Male,56,Bangalore,Gujarat,India,2022-04-17,VIP
1182,Advik,Sabharwal,Male,37,Loni,Tamil Nadu,India,2022-08-06,VIP
1183,Sanaya,Panchal,Male,19,Anantapuram,Delhi,India,2023-11-09,Premium
1184,Reyansh,Bandi,Female,20,Udupi,Gujarat,India,2022-06-30,VIP
1185,Dakshesh,Kalla,Male,27,Jamshedpur,Rajasthan,India,2022-06-13,Regular
1186,Kalpit,Prashad,Female,65,Bhubaneswar,Gujarat,India,2023-04-13,Regular
1187,Zehaan,Menon,Male,53,Aurangabad,Karnataka,India,2025-07-27,Regular
1188,Aradhana,Sane,Female,18,Bardhaman,Tamil Nadu,India,2023-02-03,Premium
1189,Ethan,Malhotra,Male,27,Eluru,Delhi,India,2025-01-07,VIP
1190,Gaurangi,Bhasin,Male,39,Bilaspur,Tamil Nadu,India,2023-03-24,Regular
1191,Ridhi,Boase,Male,39,Kollam,Maharashtra,India,2025-01-19,Premium
1192,Pranav,Swamy,Female,42,Asansol,Telangana,India,2026-04-24,Regular
1193,Raagini,Kamdar,Male,21,Mango,Kerala,India,2023-12-01,Regular
1194,Harshil,Banerjee,Male,53,Madurai,Tamil Nadu,India,2026-07-29,Regular
1195,Zashil,Sehgal,Female,53,Mehsana,Rajasthan,India,2022-12-24,Regular
1196,Aadi,Barad,Female,59,Shimoga,Gujarat,India,2023-01-02,Premium
1197,Forum,Raman,Male,27,Kottayam,Karnataka,India,2025-11-20,VIP
1198,Vanya,Sarin,Female,67,Coimbatore,Tamil Nadu,India,2026-04-23,VIP
1199,Upkaar,Aggarwal,Male,42,Ongole,Maharashtra,India,2022-09-29,Regular
1200,Jagrati,Nath,Male,26,Rewa,Andhra Pradesh,India,2022-03-08,VIP
1201,Gautam,Pau,Female,45,Jodhpur,Telangana,India,2025-08-16,VIP
1202,Bimala,Jain,Male,58,Begusarai,Andhra Pradesh,India,2022-01-18,Premium
1203,Leena,Halder,Female,62,Pali,West Bengal,India,2022-08-15,VIP
1204,Jagrati,Sur,Male,40,Bahraich,Maharashtra,India,2023-04-29,VIP
1205,Logan,Banik,Female,50,Nagpur,Rajasthan,India,2023-09-28,Premium
1206,Vrinda,Ramachandran,Male,60,Panvel,Karnataka,India,2024-05-01,VIP
1207,Xalak,Walla,Male,67,Pune,Tamil Nadu,India,2022-01-11,Premium
1208,Harinakshi,Bhalla,Female,50,Kalyan-Dombivli,Karnataka,India,2025-02-28,Premium
1209,Jagat,Kakar,Female,27,Jorhat,Karnataka,India,2022-12-24,Premium
1210,Viraj,Bora,Male,36,Ajmer,Maharashtra,India,2025-11-14,VIP
1211,Anirudh,Sinha,Male,30,Latur,West Bengal,India,2022-10-28,Premium
1212,Akshay,Gera,Male,27,Aizawl,Gujarat,India,2022-07-17,Regular
1213,Tanmayi,Garde,Male,44,Aligarh,West Bengal,India,2022-09-07,VIP
1214,Widisha,Kannan,Female,59,Panihati,Telangana,India,2025-05-04,Regular
1215,Geetika,Ratti,Male,23,Jamshedpur,Rajasthan,India,2026-08-12,VIP
1216,Laksh,Nagy,Male,45,Ranchi,Telangana,India,2023-03-10,Premium
1217,Gautami,Bhatnagar,Male,26,Panipat,Karnataka,India,2022-11-30,VIP
1218,Ojasvi,Ganguly,Male,19,Begusarai,Andhra Pradesh,India,2023-02-12,VIP
1219,Reva,Kohli,Male,55,Guntur,Andhra Pradesh,India,2022-07-25,Premium
1220,Krisha,Dugar,Female,60,Morbi,Delhi,India,2022-05-26,VIP
1221,Abeer,Amble,Female,35,Hubli–Dharwad,Karnataka,India,2024-02-16,VIP
1222,Omaja,Soni,Female,28,Tiruppur,Andhra Pradesh,India,2022-12-06,Regular
1223,Anika,Virk,Male,21,Bulandshahr,Gujarat,India,2023-10-01,VIP
1224,Owen,Barad,Male,60,Panchkula,Gujarat,India,2022-06-18,VIP
1225,Charvi,Pall,Male,20,Kolkata,Gujarat,India,2026-06-16,Premium
1226,Warinder,Handa,Male,18,Bettiah,Gujarat,India,2022-07-12,Premium
1227,Janaki,Zacharia,Male,65,Madhyamgram,Delhi,India,2023-06-26,Regular
1228,Aradhana,Bera,Female,45,Gorakhpur,Delhi,India,2022-12-25,Premium
1229,Urvi,Tank,Male,20,Kozhikode,Maharashtra,India,2022-01-29,VIP
1230,Chatura,Patla,Male,21,Bhagalpur,Delhi,India,2025-05-30,Regular
1231,Zayan,Natt,Female,29,Varanasi,West Bengal,India,2022-08-08,Premium
1232,Charles,Yogi,Male,42,Sangli-Miraj & Kupwad,Delhi,India,2021-12-17,Regular
1233,Vedhika,Varma,Male,69,Madurai,West Bengal,India,2023-09-19,Regular
1234,Sai,Nanda,Male,63,Davanagere,Kerala,India,2024-06-25,Regular
1235,Victor,Choudhary,Female,63,Ambattur,Andhra Pradesh,India,2022-07-19,Regular
1236,Warjas,Sachar,Female,56,Gandhinagar,Telangana,India,2023-08-04,Regular
1237,Ethan,Sinha,Male,26,Meerut,Gujarat,India,2025-06-03,VIP
1238,Maanav,Kalita,Male,52,Mangalore,Kerala,India,2025-01-03,Premium
1239,Kashvi,Deshpande,Male,22,Jammu,Andhra Pradesh,India,2024-10-06,VIP
1240,Anamika,Jain,Male,29,Warangal,Kerala,India,2021-12-26,VIP
1241,Darpan,Mand,Female,39,Bhubaneswar,Rajasthan,India,2025-09-03,Regular
1242,Tara,Sahota,Male,54,Tiruvottiyur,Kerala,India,2023-08-02,Regular
1243,Chakrika,Dugar,Female,63,Gangtok,Maharashtra,India,2026-06-01,VIP
1244,Victor,Chadha,Female,40,Nagaon,Telangana,India,2025-11-15,VIP
1245,Tarak,Solanki,Female,38,Alwar,Karnataka,India,2021-11-02,Regular
1246,Priya,Koshy,Female,61,Khammam,Karnataka,India,2025-05-29,Premium
1247,Tristan,Dixit,Female,50,Erode,Telangana,India,2022-02-02,Premium
1248,Banjeet,Singhal,Male,49,Khandwa,Andhra Pradesh,India,2026-03-26,VIP
1249,Meera,Srinivas,Female,27,Bidhannagar,Tamil Nadu,India,2025-12-04,Premium
1250,Wridesh,Chacko,Male,59,Vellore,Kerala,India,2023-07-27,VIP
1251,Kevin,Parmer,Male,36,Mathura,Gujarat,India,2022-06-26,VIP
1252,Amol,Srinivasan,Female,45,Nanded,West Bengal,India,2025-08-14,VIP
1253,Arjun,Sha,Male,26,Durgapur,Telangana,India,2025-02-28,Premium
1254,Qasim,Prabhakar,Male,36,Mumbai,Tamil Nadu,India,2022-04-25,Premium
1255,Lekha,Natarajan,Female,64,Sagar,Andhra Pradesh,India,2025-05-03,Regular
1256,Anamika,Johal,Male,67,Udupi,Karnataka,India,2024-07-26,VIP
1257,Christopher,Varma,Male,18,Faridabad,Karnataka,India,2022-08-28,Regular
1258,Leela,Pau,Female,64,Tadipatri,Telangana,India,2022-01-22,Regular
1259,Jasmit,Peri,Female,46,Karaikudi,Kerala,India,2022-04-14,Premium
1260,Samarth,Devi,Male,24,Mathura,Delhi,India,2026-04-21,Premium
1261,Ishaan,Sridhar,Male,20,Kamarhati,Kerala,India,2024-06-09,Premium
1262,Ira,Loke,Male,56,Bally,Delhi,India,2022-03-06,Regular
1263,Dev,Pradhan,Male,34,Bidhannagar,Rajasthan,India,2025-11-06,VIP
1264,Yachana,Vyas,Male,20,Nandyal,Delhi,India,2026-03-28,VIP
1265,Brinda,Seth,Female,43,Amritsar,Rajasthan,India,2023-04-26,Premium
1266,Tanvi,Chahal,Female,26,Katni,West Bengal,India,2023-03-27,Regular
1267,Bhavya,Bose,Male,39,Dehradun,Rajasthan,India,2024-01-23,VIP
1268,Isaac,Divan,Female,68,Saharanpur,Gujarat,India,2023-06-14,Regular
1269,Arin,Memon,Male,31,Hosur,Tamil Nadu,India,2022-11-02,VIP
1270,Urvi,Palan,Female,58,Raiganj,Tamil Nadu,India,2021-11-23,VIP
1271,Bishakha,Gulati,Male,63,Lucknow,Rajasthan,India,2023-09-09,Premium
1272,Zinal,Nayak,Male,65,Adoni,Karnataka,India,2024-08-18,Premium
1273,Eta,Sunder,Female,29,Berhampore,Rajasthan,India,2024-04-19,VIP
1274,Kevin,Mohan,Female,69,Bhilwara,Rajasthan,India,2023-08-23,Regular
1275,Veda,Prabhu,Male,35,Nashik,Karnataka,India,2022-12-22,Regular
1276,Ira,Mane,Male,32,Rourkela,Maharashtra,India,2023-01-30,Regular
1277,Bhavika,Gopal,Male,59,Jamnagar,Tamil Nadu,India,2023-02-01,VIP
1278,Wazir,Dada,Male,31,Ratlam,West Bengal,India,2026-08-07,VIP
1279,Jonathan,Sastry,Male,21,Uluberia,Maharashtra,India,2023-04-14,VIP
1280,Samesh,Banerjee,Female,48,Hapur,Karnataka,India,2022-12-21,Premium
1281,Kashish,Sen,Female,66,Deoghar,Rajasthan,India,2024-04-11,VIP
1282,Jairaj,Bakshi,Female,51,Panchkula,West Bengal,India,2022-12-13,VIP
1283,Tara,Nagarajan,Female,42,Kolkata,Maharashtra,India,2026-05-11,Regular
1284,Yashica,Narula,Female,54,Bhalswa Jahangir Pur,Kerala,India,2024-03-06,Premium
1285,Manan,Sathe,Female,34,Gorakhpur,Tamil Nadu,India,2025-10-15,Regular
1286,Banjeet,Dewan,Male,61,Aizawl,Kerala,India,2021-12-04,Regular
1287,Neelima,Kannan,Male,45,Raurkela Industrial Township,Gujarat,India,2022-07-02,Regular
1288,Eta,Bhakta,Female,34,Ballia,Kerala,India,2026-03-11,VIP
1289,Tristan,Mall,Male,38,Lucknow,Andhra Pradesh,India,2022-06-04,Premium
1290,Sanaya,Chahal,Male,39,Jammu,Andhra Pradesh,India,2025-11-19,Premium
1291,Eesha,Vaidya,Male,30,Karimnagar,Gujarat,India,2025-02-04,VIP
1292,Manbir,Sane,Male,57,Kharagpur,Karnataka,India,2024-11-19,Premium
1293,Advik,Mane,Female,29,Etawah,Andhra Pradesh,India,2024-05-02,VIP
1294,Sanaya,Chahal,Male,33,Raiganj,Telangana,India,2025-04-01,Premium
1295,Saanvi,Mani,Female,67,Khandwa,Tamil Nadu,India,2025-03-27,Premium
1296,Liam,Chadha,Male,35,Dhule,Telangana,India,2024-04-17,Premium
1297,Vaishnavi,Vohra,Female,64,Amritsar,Tamil Nadu,India,2024-11-28,Premium
1298,Gaurang,Ahuja,Male,47,Darbhanga,Telangana,India,2025-03-28,Premium
1299,Parth,Shere,Male,49,Kollam,Delhi,India,2023-04-18,Premium
1300,Lakshmi,Mann,Female,30,Kalyan-Dombivli,Maharashtra,India,2024-04-13,VIP
1301,Daksha,Tak,Female,27,Rajahmundry,Kerala,India,2021-12-10,Regular
1302,Aarnav,Dube,Male,32,Dewas,Maharashtra,India,2025-09-25,VIP
1303,Jeet,Mani,Male,23,Mangalore,West Bengal,India,2025-11-24,Premium
1304,Yash,Balakrishnan,Male,37,Bally,Telangana,India,2025-11-27,Regular
1305,Ekalinga,Pathak,Male,39,Buxar,Gujarat,India,2025-06-03,Regular
1306,Aarna,Soni,Male,49,Dindigul,Tamil Nadu,India,2026-01-27,VIP
1307,Anay,Lad,Male,63,Amaravati,Karnataka,India,2022-03-18,Premium
1308,Madhav,Nagarajan,Male,63,Bhavnagar,West Bengal,India,2024-10-02,VIP
1309,Nihal,Bera,Male,24,Karimnagar,West Bengal,India,2025-04-13,Regular
1310,Ishani,Bava,Female,35,Jalna,Karnataka,India,2026-03-21,VIP
1311,Faraj,Varkey,Male,55,South Dumdum,Maharashtra,India,2022-07-08,VIP
1312,Oliver,Naidu,Male,48,Barasat,Andhra Pradesh,India,2024-01-09,VIP
1313,Janani,Char,Male,44,Asansol,Tamil Nadu,India,2021-10-28,VIP
1314,Laksh,Vasa,Male,33,Serampore,Telangana,India,2025-11-02,VIP
1315,Nisha,Oak,Female,28,Kota,Delhi,India,2023-07-26,VIP
1316,Mohammed,Thakur,Female,28,Maheshtala,Delhi,India,2026-06-19,VIP
1317,Ishaan,Sahni,Female,55,Solapur,West Bengal,India,2022-09-15,Premium
1318,Karan,Badal,Male,49,Karnal,Maharashtra,India,2024-05-13,VIP
1319,Janani,Dewan,Male,60,Kavali,Andhra Pradesh,India,2026-03-01,VIP
1320,Hema,Gera,Male,33,Bhopal,Delhi,India,2022-09-21,Regular
1321,Tristan,Dave,Male,27,Ambattur,Tamil Nadu,India,2024-04-30,Regular
1322,Jeremiah,Kadakia,Female,46,Vijayawada,Tamil Nadu,India,2025-04-29,VIP
1323,Isaac,Brahmbhatt,Female,27,Karawal Nagar,Rajasthan,India,2025-05-19,VIP
1324,Brijesh,Hegde,Male,41,Patna,Karnataka,India,2026-01-30,VIP
1325,Daniel,Singh,Female,22,Nizamabad,Delhi,India,2022-01-30,VIP
1326,Dominic,Mitra,Male,29,Jalandhar,Karnataka,India,2022-10-07,Premium
1327,Samesh,Iyengar,Male,59,Etawah,Maharashtra,India,2021-12-17,Premium
1328,Gautam,Dhingra,Male,31,Adoni,Karnataka,India,2024-09-02,VIP
1329,Indira,Dyal,Male,35,Dibrugarh,West Bengal,India,2026-07-25,VIP
1330,Ekansh,Chaudhary,Male,38,Dehri,Delhi,India,2023-07-24,VIP
1331,Rehaan,Manda,Male,42,Siwan,Rajasthan,India,2021-10-01,Premium
1332,Hardik,Kala,Female,39,Ambarnath,Tamil Nadu,India,2023-04-16,Regular
1333,Ria,Chhabra,Female,24,Raichur,Maharashtra,India,2024-12-10,Regular
1334,Panini,Kala,Male,57,Vellore,Gujarat,India,2022-09-03,Premium
1335,Dipta,Dasgupta,Female,64,Bhubaneswar,Telangana,India,2026-02-18,Regular
1336,Laban,Tandon,Female,31,Tumkur,Karnataka,India,2026-06-14,Premium
1337,Banjeet,Butala,Female,50,Kumbakonam,Kerala,India,2022-09-12,VIP
1338,Lekha,Mander,Male,32,Ghaziabad,West Bengal,India,2024-05-14,Premium
1339,Sachi,Kara,Female,47,Ramagundam,Gujarat,India,2025-05-09,VIP
1340,Ranbir,Boase,Female,43,Arrah,Karnataka,India,2023-03-29,Regular
1341,Agastya,Swamy,Male,55,Tenali,Karnataka,India,2025-06-09,Premium
1342,Frederick,Dar,Female,28,Tenali,West Bengal,India,2025-02-13,VIP
1343,Harsh,Ganguly,Female,37,Bharatpur,West Bengal,India,2023-05-29,Regular
1344,Hamsini,Iyer,Female,43,Bhilai,Telangana,India,2023-09-11,VIP
1345,Panini,Tata,Female,63,Amaravati,Kerala,India,2024-01-14,Regular
1346,Mugdha,Parekh,Male,64,Madanapalle,West Bengal,India,2025-02-25,VIP
1347,Vedhika,Vaidya,Male,40,Siliguri,West Bengal,India,2025-07-31,VIP
1348,Hritik,Das,Male,52,Unnao,Tamil Nadu,India,2025-12-10,Regular
1349,Vihaan,Desai,Female,34,Navi Mumbai,Kerala,India,2022-03-01,Regular
1350,Ekansh,Tara,Female,32,Mangalore,Delhi,India,2024-12-19,Premium
1351,Eta,Dua,Female,37,Jalandhar,Kerala,India,2022-05-13,Regular
1352,Zinal,Tailor,Male,29,Panihati,Telangana,India,2024-03-18,Regular
1353,Widisha,Swaminathan,Female,59,Hosur,Tamil Nadu,India,2024-08-20,Premium
1354,Andrew,Balay,Male,51,Kochi,Karnataka,India,2024-12-22,VIP
1355,Shivani,Murty,Female,51,Mango,Maharashtra,India,2025-08-16,Premium
1356,Balendra,Bali,Female,41,Proddatur,Andhra Pradesh,India,2024-04-16,VIP
1357,Nitesh,Swamy,Male,37,Guntur,Tamil Nadu,India,2024-05-15,Regular
1358,Lopa,Sura,Female,57,Jehanabad,West Bengal,India,2025-11-20,VIP
1359,Upma,Soni,Female,28,Guna,West Bengal,India,2022-03-10,Regular
1360,Mahika,Lall,Female,27,Gudivada,Kerala,India,2024-12-04,Regular
1361,Ira,Mane,Female,30,Ghaziabad,Maharashtra,India,2021-12-14,Regular
1362,Chakradev,Dave,Female,39,Karnal,Maharashtra,India,2021-12-10,VIP
1363,Harita,Rai,Female,55,Haldia,West Bengal,India,2024-08-25,VIP
1364,Ishanvi,Sabharwal,Female,40,Pimpri-Chinchwad,Gujarat,India,2023-10-16,Premium
1365,Yug,Keer,Male,28,Guntakal,Delhi,India,2022-06-08,Premium
1366,Dominic,Mody,Female,57,Naihati,West Bengal,India,2023-02-27,VIP
1367,Anmol,Yohannan,Female,65,Agra,Kerala,India,2025-08-19,Regular
1368,Pahal,Varma,Male,48,Shimoga,Andhra Pradesh,India,2021-11-20,Regular
1369,Upasna,Bains,Male,59,Burhanpur,Delhi,India,2026-07-26,Premium
1370,Madhavi,Naidu,Male,39,Unnao,Rajasthan,India,2022-07-25,Premium
1371,Samesh,Nayar,Male,29,Ambala,West Bengal,India,2024-08-07,Regular
1372,Ojas,Mistry,Male,59,Junagadh,Kerala,India,2023-06-06,VIP
1373,Watika,Borra,Male,34,Tumkur,Rajasthan,India,2023-12-20,Premium
1374,Champak,Mishra,Male,38,Kamarhati,Karnataka,India,2022-06-30,Regular
1375,Girish,Nayar,Female,26,Jabalpur,Gujarat,India,2026-07-13,VIP
1376,Vaishnavi,Sane,Female,24,Sri Ganganagar,Rajasthan,India,2022-05-14,VIP
1377,Chasmum,Thaman,Female,35,Bhiwani,Kerala,India,2026-04-22,VIP
1378,Dhriti,Iyengar,Female,42,Rewa,West Bengal,India,2023-11-07,Regular
1379,Yutika,Setty,Male,34,Surat,Telangana,India,2026-02-07,Regular
1380,Rachit,Tata,Female,36,Bhind,Rajasthan,India,2023-12-29,Premium
1381,Radha,Bhasin,Female,48,Bharatpur,Gujarat,India,2025-08-24,VIP
1382,Manbir,Khosla,Female,42,Dewas,Gujarat,India,2025-06-01,VIP
1383,Nirja,Nagar,Female,45,Kurnool,Delhi,India,2025-03-22,Premium
1384,Amara,Mangat,Male,45,Bardhaman,Tamil Nadu,India,2023-09-21,Regular
1385,Nidra,Khare,Female,51,Jalgaon,Gujarat,India,2023-05-07,Regular
1386,Ayaan,Korpal,Female,25,Madhyamgram,Kerala,India,2025-11-04,Premium
1387,Rajata,Sami,Male,23,Panihati,Tamil Nadu,India,2023-01-26,Premium
1388,Anjali,Deshpande,Male,29,Rampur,Telangana,India,2024-01-29,VIP
1389,Patrick,Basak,Male,46,Jaipur,Delhi,India,2022-03-08,Premium
1390,Fiyaz,Murthy,Female,42,Rajkot,Rajasthan,India,2025-03-05,VIP
1391,Januja,Chana,Female,38,Kolhapur,Andhra Pradesh,India,2023-09-21,VIP
1392,Isaac,Tella,Male,39,Nagaon,Maharashtra,India,2026-03-07,Regular
1393,Zayan,Taneja,Male,59,Patiala,Karnataka,India,2022-10-02,Regular
1394,Dhriti,Narayan,Female,69,Noida,Telangana,India,2025-04-23,Premium
1395,Tejas,Dhawan,Female,50,Akola,Telangana,India,2023-07-15,VIP
1396,Anvi,Sarraf,Male,34,Rohtak,West Bengal,India,2022-03-10,Premium
1397,Vritti,Walla,Female,67,Gorakhpur,Kerala,India,2024-05-28,Premium
1398,Pallavi,Soman,Female,25,Alwar,Andhra Pradesh,India,2022-12-12,VIP
1399,Janani,Soman,Male,30,Aizawl,Kerala,India,2021-11-22,Regular
1400,Bakhshi,Bhagat,Male,45,Nizamabad,Rajasthan,India,2026-06-01,Regular
1401,Leena,More,Female,19,Bhilai,Gujarat,India,2026-04-06,Premium
1402,Warjas,Savant,Male,34,Bangalore,Kerala,India,2025-01-20,Regular
1403,Aadhya,Mitra,Female,67,Noida,Karnataka,India,2024-03-30,Regular
1404,Shivansh,Dyal,Male,38,Ratlam,Delhi,India,2025-03-03,VIP
1405,Bahadurjit,Mahal,Male,57,Pallavaram,Tamil Nadu,India,2025-09-20,VIP
1406,Nitara,Natarajan,Male,69,Salem,Andhra Pradesh,India,2023-01-29,VIP
1407,Advika,Toor,Male,40,Nagercoil,Maharashtra,India,2025-04-17,Premium
1408,Eta,Setty,Male,69,Faridabad,Rajasthan,India,2023-04-11,Premium
1409,Sachi,Deshpande,Male,18,Rewa,Tamil Nadu,India,2023-06-01,VIP
1410,Dalaja,Murthy,Female,33,Bhubaneswar,Rajasthan,India,2023-01-21,VIP
1411,Zaid,Varty,Female,50,Hindupur,Rajasthan,India,2025-03-15,Regular
1412,Ekaja,Seth,Female,25,Guntur,Telangana,India,2023-12-06,VIP
1413,Oscar,Narang,Female,59,Davanagere,Tamil Nadu,India,2022-06-07,VIP
1414,Oeshi,Pillai,Male,60,Singrauli,Telangana,India,2024-12-03,Regular
1415,Udarsh,Bail,Female,46,Proddatur,Delhi,India,2023-08-29,Regular
1416,Gaurav,Shere,Female,40,Firozabad,West Bengal,India,2023-02-24,Premium
1417,Chandran,Rattan,Female,67,Ghaziabad,Gujarat,India,2023-12-05,Regular
1418,Manthan,Chakraborty,Male,68,Tirunelveli,Gujarat,India,2026-07-16,Regular
1419,Jacob,Atwal,Male,52,Malda,Tamil Nadu,India,2025-12-01,VIP
1420,Jagat,Kapur,Female,66,Jhansi,Delhi,India,2023-12-24,VIP
1421,Bhavna,Talwar,Female,57,Bikaner,Tamil Nadu,India,2025-05-20,VIP
1422,Samuel,Kale,Female,34,Maheshtala,Gujarat,India,2025-04-09,VIP
1423,Pranit,Rege,Female,55,Bhopal,Karnataka,India,2024-03-07,Premium
1424,Adweta,Keer,Male,54,Kulti,Tamil Nadu,India,2024-11-09,Premium
1425,Tara,Chada,Female,66,Nandyal,Maharashtra,India,2022-11-05,Premium
1426,Ekiya,Rao,Male,69,Yamunanagar,Andhra Pradesh,India,2025-04-25,Regular
1427,Aahana,Bora,Male,53,Proddatur,Kerala,India,2022-03-19,Premium
1428,Charles,Natarajan,Male,52,Chittoor,West Bengal,India,2024-09-22,VIP
1429,Chakradev,Ahluwalia,Female,18,Dibrugarh,Andhra Pradesh,India,2024-12-14,Premium
1430,Chasmum,Rana,Female,57,Mira-Bhayandar,Telangana,India,2026-06-22,VIP
1431,Benjamin,Gola,Female,25,Gulbarga,West Bengal,India,2025-12-31,Premium
1432,Waida,Nori,Female,55,Mira-Bhayandar,Rajasthan,India,2022-06-23,VIP
1433,Edhitha,Wali,Female,29,Ajmer,West Bengal,India,2023-12-06,VIP
1434,Jackson,Munshi,Female,62,Warangal,Rajasthan,India,2025-12-16,VIP
1435,Avni,Patel,Female,20,Ichalkaranji,Andhra Pradesh,India,2023-12-14,Premium
1436,Aishani,Varughese,Female,59,Junagadh,Rajasthan,India,2023-02-12,Premium
1437,Diya,Swamy,Female,57,Miryalaguda,Andhra Pradesh,India,2025-06-16,VIP
1438,Chatresh,Gulati,Male,41,Meerut,Delhi,India,2023-09-02,VIP
1439,Qadim,Banik,Female,44,Bhilwara,Telangana,India,2023-02-08,VIP
1440,Unni,Sarin,Male,29,Shimla,Rajasthan,India,2022-01-22,Regular
1441,Riya,Parikh,Female,43,Berhampore,Karnataka,India,2025-11-27,VIP
1442,Isaiah,Divan,Male,67,Karnal,Maharashtra,India,2022-07-05,VIP
1443,Samar,Mander,Female,40,Gulbarga,Kerala,India,2026-01-15,Regular
1444,Anjali,Kala,Female,42,Hajipur,Karnataka,India,2026-07-27,Premium
1445,Pranit,Saha,Male,38,Shahjahanpur,Rajasthan,India,2025-12-13,Regular
1446,Girindra,Narasimhan,Female,39,Anantapuram,Delhi,India,2022-10-02,Premium
1447,Meera,Prakash,Male,50,North Dumdum,Maharashtra,India,2023-01-08,Premium
1448,Ayush,Bumb,Male,32,Nangloi Jat,Andhra Pradesh,India,2025-07-29,Premium
1449,Amruta,Ahluwalia,Female,69,Varanasi,Rajasthan,India,2025-07-26,Regular
1450,Ekta,Dayal,Female,22,Nashik,Gujarat,India,2024-02-14,Regular
1451,Ekantika,Bhakta,Male,65,Motihari,Kerala,India,2024-12-15,VIP
1452,George,Rastogi,Female,38,Mangalore,Tamil Nadu,India,2023-10-03,Premium
1453,Mohini,Chakraborty,Female,40,Dhule,Tamil Nadu,India,2023-02-06,Premium
1454,Lipika,Rau,Female,42,Jamnagar,Maharashtra,India,2022-09-27,Regular
1455,Chanchal,Swaminathan,Female,28,Tirupati,Delhi,India,2022-10-30,Premium
1456,Jagrati,Char,Male,54,Anand,West Bengal,India,2023-05-31,VIP
1457,Vrishti,Sehgal,Male,55,Fatehpur,Delhi,India,2023-12-31,Regular
1458,Pallavi,Chana,Male,65,Arrah,Karnataka,India,2023-04-19,Regular
1459,Radha,Sandhu,Female,68,Thane,Kerala,India,2026-01-29,Premium
1460,Harita,Sheth,Male,25,Bhatpara,Gujarat,India,2025-12-04,Premium
1461,Fiyaz,Mannan,Female,26,Junagadh,Kerala,India,2022-05-22,VIP
1462,Vanya,Mital,Female,38,Warangal,West Bengal,India,2024-04-08,VIP
1463,Yuvraj,Virk,Female,48,Sagar,Maharashtra,India,2026-07-20,Regular
1464,Champak,Bose,Female,18,Anand,Kerala,India,2022-08-18,Premium
1465,Yashvi,Sandal,Female,54,Bareilly,Telangana,India,2025-08-31,Regular
1466,Zehaan,Pant,Male,59,Bhimavaram,Gujarat,India,2022-05-30,Premium
1467,Yahvi,Babu,Male,32,Surendranagar Dudhrej,Telangana,India,2023-03-29,Premium
1468,Qabil,Ramaswamy,Female,52,Gwalior,West Bengal,India,2025-04-03,Premium
1469,Chameli,Murthy,Male,34,Hospet,Telangana,India,2023-12-20,Premium
1470,Harita,Grover,Female,30,Udaipur,Telangana,India,2022-05-19,Premium
1471,Aashi,Cherian,Male,65,Deoghar,Gujarat,India,2021-11-12,VIP
1472,Abdul,Rana,Female,31,Ahmedabad,West Bengal,India,2023-03-05,Regular
1473,Vansha,Sharma,Male,44,Madanapalle,Telangana,India,2025-11-08,VIP
1474,Chavvi,Patel,Male,52,Barasat,Gujarat,India,2022-06-17,Regular
1475,Jeremiah,Deshmukh,Female,66,Jhansi,Kerala,India,2022-08-31,Regular
1476,Amol,Guha,Female,43,Bhagalpur,Delhi,India,2025-10-21,Premium
1477,Maanav,Khurana,Female,23,Siwan,Gujarat,India,2023-05-04,VIP
1478,Gabriel,Mitra,Female,67,Siliguri,Karnataka,India,2025-09-29,Regular
1479,Pahal,Bains,Male,31,Rourkela,Kerala,India,2023-01-04,VIP
1480,Sai,Sundaram,Male,36,Jaipur,Tamil Nadu,India,2025-07-15,Regular
1481,Xavier,Jaggi,Male,36,Jehanabad,Maharashtra,India,2025-01-17,VIP
1482,Charan,Nath,Female,65,Kota,West Bengal,India,2025-05-21,Regular
1483,Ojasvi,Tandon,Male,34,Vadodara,Kerala,India,2025-11-10,VIP
1484,Mugdha,Sunder,Female,18,Ahmednagar,Tamil Nadu,India,2022-03-25,Regular
1485,Anirudh,Sami,Female,31,Begusarai,Delhi,India,2022-04-03,VIP
1486,Amrita,Sahni,Male,21,Bhiwandi,West Bengal,India,2025-12-03,VIP
1487,Idika,Sen,Female,45,Jaipur,Maharashtra,India,2023-02-01,Regular
1488,Bhavna,Handa,Female,45,Hapur,Karnataka,India,2025-06-10,VIP
1489,Vincent,Tripathi,Male,25,Dharmavaram,West Bengal,India,2024-08-06,VIP
1490,Upadhriti,Deep,Male,48,Pali,Rajasthan,India,2025-04-05,VIP
1491,Jagvi,Sodhi,Male,19,Dhule,West Bengal,India,2024-02-12,VIP
1492,Gabriel,Subramanian,Female,61,Malegaon,Tamil Nadu,India,2023-05-30,VIP
1493,Naksh,Swamy,Female,33,Vijayanagaram,Tamil Nadu,India,2025-11-29,Premium
1494,Chavvi,Keer,Female,55,Proddatur,Karnataka,India,2022-02-11,Premium
1495,Andrew,Parmer,Male,46,Raurkela Industrial Township,Kerala,India,2023-01-23,Premium
1496,Owen,Thakur,Male,62,Rajkot,Kerala,India,2024-08-02,Regular
1497,Qushi,Comar,Female,23,Jamshedpur,West Bengal,India,2026-06-30,Premium
1498,Udarsh,Sur,Male,63,Mau,Maharashtra,India,2024-09-25,Regular
1499,Chakradhar,Loke,Male,23,Kottayam,Andhra Pradesh,India,2022-08-07,Premium
1500,Chandresh,Sarma,Male,57,Bhubaneswar,Andhra Pradesh,India,2022-08-12,Regular
1501,Harsh,Barman,Male,27,Rourkela,Maharashtra,India,2022-09-19,Premium
1502,Samesh,Pathak,Female,20,Jalna,Andhra Pradesh,India,2025-06-20,VIP
1503,Yashawini,Tara,Male,34,Jamnagar,Maharashtra,India,2024-10-22,VIP
1504,Gaurika,Devi,Female,34,Panihati,Rajasthan,India,2025-06-13,VIP
1505,Ojasvi,Ahuja,Male,49,Bhalswa Jahangir Pur,Gujarat,India,2024-08-13,Premium
1506,Bhavini,Tiwari,Male,39,Guwahati,Telangana,India,2023-12-23,Premium
1507,Kashish,Sachdeva,Female,28,Sambalpur,Andhra Pradesh,India,2023-01-02,VIP
1508,Oviya,Kari,Male,29,Haldia,Kerala,India,2025-03-25,Premium
1509,Nimrat,Shanker,Male,35,Ludhiana,Telangana,India,2025-06-24,VIP
1510,Madhav,Anne,Male,26,Guwahati,Kerala,India,2024-08-04,Premium
1511,Divya,Ratti,Male,64,Raebareli,Delhi,India,2022-03-27,VIP
1512,Maya,Bansal,Female,40,Ramgarh,Rajasthan,India,2022-03-16,Premium
1513,Zinal,Merchant,Male,65,Rewa,Rajasthan,India,2026-06-04,Premium
1514,Daksha,Murthy,Female,59,Bangalore,Rajasthan,India,2024-02-04,Premium
1515,Manan,Raval,Female,47,Tiruppur,Kerala,India,2026-05-06,VIP
1516,Riya,Pai,Male,42,Davanagere,Tamil Nadu,India,2024-04-11,Premium
1517,Frado,Bansal,Female,52,Pali,Delhi,India,2022-10-14,Regular
1518,Zinal,Zachariah,Female,62,Kakinada,Kerala,India,2022-07-03,VIP
1519,Yasti,Muni,Male,19,Kozhikode,Rajasthan,India,2021-11-29,Premium
1520,Ayaan,Zacharia,Female,28,New Delhi,Telangana,India,2024-04-19,VIP
1521,Pahal,Tiwari,Female,52,Allahabad,Delhi,India,2024-11-19,VIP
1522,Aashi,Tripathi,Female,33,Amravati,Gujarat,India,2022-02-13,Regular
1523,Jeet,Sen,Female,60,Chapra,Andhra Pradesh,India,2021-10-04,Regular
1524,Sudiksha,Nori,Female,56,Amaravati,Gujarat,India,2026-07-11,Premium
1525,Vivaan,Palla,Female,44,Anantapuram,West Bengal,India,2026-08-02,VIP
1526,Logan,Purohit,Male,64,Vasai-Virar,Kerala,India,2024-07-02,Premium
1527,Zaitra,Hans,Male,57,Malda,Telangana,India,2022-07-19,VIP
1528,Manan,Sandal,Male,34,Jodhpur,West Bengal,India,2022-07-01,Regular
1529,David,Sandal,Female,22,Fatehpur,Andhra Pradesh,India,2023-07-17,Premium
1530,Sanaya,Brahmbhatt,Male,64,Hajipur,Delhi,India,2025-02-20,Premium
1531,Zilmil,Rana,Male,33,Bhimavaram,Andhra Pradesh,India,2025-12-15,VIP
1532,Pallavi,Sarraf,Male,69,Erode,Delhi,India,2023-02-05,Regular
1533,Maanas,Tiwari,Male,32,Shivpuri,Maharashtra,India,2025-08-10,VIP
1534,Kai,Varghese,Female,69,Rajpur Sonarpur,Tamil Nadu,India,2025-08-02,Regular
1535,Urvashi,Bali,Female,38,Karaikudi,Delhi,India,2024-11-08,VIP
1536,Jagat,Rege,Male,69,Jamshedpur,Maharashtra,India,2024-11-09,Regular
1537,Bimala,Baria,Female,53,Kochi,Karnataka,India,2024-11-15,Premium
1538,Dalaja,Prasad,Female,33,Durg,Karnataka,India,2025-11-05,Regular
1539,Ayaan,Dhar,Female,53,Giridih,Tamil Nadu,India,2025-04-20,VIP
1540,Chanakya,Mody,Female,30,Thrissur,Gujarat,India,2023-04-09,Regular
1541,Vrinda,Agate,Female,39,Motihari,Maharashtra,India,2024-09-05,VIP
1542,Ekansh,Basu,Female,26,Ongole,Kerala,India,2026-08-03,VIP
1543,Dayita,Sethi,Male,55,Burhanpur,Gujarat,India,2025-10-03,VIP
1544,Kevin,Devi,Male,37,Hospet,Rajasthan,India,2025-07-14,Premium
1545,Manthan,Nanda,Female,22,Alappuzha,Maharashtra,India,2025-01-03,VIP
1546,Viraj,Rana,Female,28,Panvel,Delhi,India,2022-02-07,Premium
1547,Saanvi,Mall,Female,21,Dehradun,Karnataka,India,2021-12-04,Regular
1548,Dayamai,Dasgupta,Female,26,Nellore,Andhra Pradesh,India,2026-04-28,VIP
1549,Chatresh,Vig,Male,21,Fatehpur,Tamil Nadu,India,2025-12-27,Premium
1550,Anirudh,Dara,Female,48,Surat,Tamil Nadu,India,2024-01-20,Regular
1551,Samesh,Korpal,Male,48,Guwahati,Tamil Nadu,India,2026-04-02,VIP
1552,Ekani,Ratti,Male,49,Pallavaram,Karnataka,India,2021-11-29,VIP
1553,Harini,Sarkar,Female,27,Vijayanagaram,Karnataka,India,2021-12-01,Premium
1554,Edhitha,Raja,Female,41,Mysore,Telangana,India,2022-09-09,Premium
1555,Hardik,Ganguly,Male,48,Asansol,West Bengal,India,2023-04-08,Regular
1556,Aadhya,Chakraborty,Male,38,Aizawl,Maharashtra,India,2025-03-06,VIP
1557,Omkaar,Bhargava,Female,64,Bokaro,Karnataka,India,2021-12-11,VIP
1558,Dalbir,Misra,Male,50,Navi Mumbai,Telangana,India,2024-06-08,VIP
1559,Lucky,Sachar,Female,59,Rampur,Kerala,India,2024-11-27,Premium
1560,Jai,Ben,Female,41,Mathura,Maharashtra,India,2023-09-22,VIP
1561,Waida,Trivedi,Female,28,Raipur,West Bengal,India,2024-01-02,Premium
1562,Darsh,Nadkarni,Male,28,Begusarai,Tamil Nadu,India,2025-03-05,VIP
1563,Dominic,Sule,Female,44,Vellore,Telangana,India,2023-09-14,Premium
1564,Anirudh,Luthra,Female,66,Shahjahanpur,Karnataka,India,2026-06-07,Premium
1565,Jeremiah,Modi,Female,37,Amroha,Gujarat,India,2022-06-05,Regular
1566,Xiti,Jani,Female,27,Dindigul,Andhra Pradesh,India,2026-04-24,Regular
1567,Om,Korpal,Male,58,Miryalaguda,Gujarat,India,2025-07-22,Premium
1568,Benjamin,Agarwal,Male,54,Udupi,Gujarat,India,2024-03-04,Regular
1569,Oliver,Acharya,Female,37,Ongole,Karnataka,India,2024-01-15,VIP
1570,Zashil,Rai,Male,58,Rajpur Sonarpur,Karnataka,India,2026-01-20,Premium
1571,Baghyawati,Bath,Male,19,Deoghar,West Bengal,India,2026-07-03,Regular
1572,Ekaraj,Mital,Female,43,Tenali,Rajasthan,India,2022-10-05,Premium
1573,Logan,Mammen,Female,51,Bhagalpur,Maharashtra,India,2026-01-03,VIP
1574,Eesha,Oommen,Female,19,Bidhannagar,Telangana,India,2024-01-14,VIP
1575,Yatan,Nagy,Female,53,Bhagalpur,West Bengal,India,2025-08-16,Premium
1576,Falguni,Babu,Male,19,Delhi,Rajasthan,India,2025-10-07,Premium
1577,Aayush,Andra,Female,46,Haridwar,Delhi,India,2026-06-10,Regular
1578,Vrinda,Ramaswamy,Male,41,Solapur,Delhi,India,2026-04-18,Premium
1579,Azaan,Saxena,Female,31,Nagercoil,Delhi,India,2024-11-30,Premium
1580,Ishita,Ram,Female,31,Bangalore,Karnataka,India,2022-10-10,Premium
1581,Turvi,Prabhakar,Female,39,Raiganj,West Bengal,India,2021-10-17,Premium
1582,Timothy,Bahri,Female,62,Secunderabad,Maharashtra,India,2023-05-06,Premium
1583,Gautam,Mitter,Female,33,Muzaffarpur,Maharashtra,India,2025-11-30,Regular
1584,Janani,Bansal,Female,50,Kumbakonam,Maharashtra,India,2023-06-29,Premium
1585,Abhimanyu,Hayre,Female,20,Bhubaneswar,Kerala,India,2024-01-27,Regular
1586,Xiti,Tak,Male,33,Suryapet,Delhi,India,2023-05-13,Regular
1587,Parth,Bhattacharyya,Female,68,Amritsar,Kerala,India,2022-10-18,VIP
1588,Aashi,Kari,Female,23,Nellore,Telangana,India,2021-11-28,Regular
1589,Zayyan,Setty,Male,31,Purnia,Kerala,India,2022-02-26,Premium
1590,Ekantika,Sankaran,Female,32,Panipat,Telangana,India,2022-10-01,Regular
1591,Zarna,Shukla,Female,64,Mirzapur,Karnataka,India,2026-02-11,Regular
1592,Caleb,Kapur,Male,44,Alwar,Maharashtra,India,2025-04-15,VIP
1593,Saumya,Mutti,Female,31,Katni,Telangana,India,2023-05-15,Regular
1594,Gaurika,Bumb,Male,52,Kamarhati,Telangana,India,2025-04-26,VIP
1595,Falan,Krish,Female,40,Dehradun,West Bengal,India,2024-07-06,Regular
1596,Deepa,Bhatnagar,Male,37,Bhopal,Tamil Nadu,India,2025-10-18,Regular
1597,Rachana,Bajwa,Male,46,Chandrapur,Gujarat,India,2023-10-25,VIP
1598,Hritik,Solanki,Male,48,Mau,Gujarat,India,2022-03-06,Premium
1599,Gauri,Venkatesh,Male,22,Srinagar,Rajasthan,India,2025-06-11,VIP
1600,Girish,Sekhon,Male,37,Guwahati,Kerala,India,2022-03-25,VIP
1601,Bahadurjit,Purohit,Male,64,Amritsar,Gujarat,India,2022-10-19,VIP
1602,David,Sathe,Male,43,Barasat,Tamil Nadu,India,2025-05-21,Premium
1603,Dominic,Chaudry,Male,18,Karaikudi,Andhra Pradesh,India,2022-02-27,Regular
1604,Chaitaly,Raj,Male,18,Jalandhar,Telangana,India,2025-03-18,Premium
1605,Viraj,Anne,Male,37,Yamunanagar,Gujarat,India,2025-08-30,Regular
1606,Priya,Chaudhuri,Female,68,Indore,Telangana,India,2025-07-29,VIP
1607,Zansi,Narasimhan,Female,52,Moradabad,Delhi,India,2022-08-03,VIP
1608,Advik,Bir,Female,29,Chapra,Maharashtra,India,2022-10-14,Regular
1609,Yashodhara,Kunda,Female,26,Bidar,Kerala,India,2025-10-22,VIP
1610,Sai,Grewal,Female,36,Durgapur,Gujarat,India,2022-02-01,VIP
1611,Darpan,Datta,Male,60,Bhimavaram,Rajasthan,India,2025-06-03,Premium
1612,Yochana,Parmar,Female,69,Ballia,Delhi,India,2026-04-26,Regular
1613,Madhav,Din,Female,60,Tirupati,Tamil Nadu,India,2024-08-18,Premium
1614,Bishakha,Pillay,Female,65,Kadapa,Tamil Nadu,India,2022-12-11,Premium
1615,Dakshesh,Khanna,Male,60,Bhusawal,Rajasthan,India,2024-08-21,VIP
1616,Rohan,Iyer,Female,56,Coimbatore,Tamil Nadu,India,2024-08-14,VIP
1617,Ranbir,Soni,Male,31,Ghaziabad,Andhra Pradesh,India,2024-07-12,Premium
1618,Gautami,Mistry,Male,28,Ozhukarai,Gujarat,India,2023-02-04,Premium
1619,Henry,Sha,Male,36,Shimla,Gujarat,India,2023-07-31,Premium
1620,Aarush,Kapoor,Female,55,Kirari Suleman Nagar,Telangana,India,2023-07-12,Premium
1621,William,Srivastava,Female,18,Gandhinagar,Tamil Nadu,India,2023-06-17,VIP
1622,Mugdha,Gour,Female,64,Mirzapur,West Bengal,India,2021-10-18,VIP
1623,Ethan,Parmar,Male,56,Miryalaguda,Maharashtra,India,2022-09-10,Regular
1624,Lucky,Mannan,Female,43,Jammu,Gujarat,India,2024-10-10,Premium
1625,Caleb,Balan,Female,60,Davanagere,Tamil Nadu,India,2024-02-17,Regular
1626,Owen,Kanda,Male,63,Akola,Delhi,India,2024-08-08,Regular
1627,Yatan,Gokhale,Male,42,Lucknow,Gujarat,India,2023-03-19,Premium
1628,Adweta,Chaudhuri,Male,69,Durgapur,Gujarat,India,2024-12-08,VIP
1629,Indrajit,Nigam,Female,66,Farrukhabad,Kerala,India,2025-08-05,Premium
1630,Wriddhish,Pingle,Female,28,Tirunelveli,Gujarat,India,2026-03-13,Regular
1631,Radha,Bhattacharyya,Male,62,Asansol,Kerala,India,2022-10-29,Premium
1632,Ranveer,Handa,Female,60,Dindigul,Rajasthan,India,2024-06-01,Premium
1633,Pushti,Konda,Male,46,Tadepalligudem,Tamil Nadu,India,2023-04-28,Regular
1634,Chaitaly,Dixit,Female,31,Shahjahanpur,Tamil Nadu,India,2022-03-02,Premium
1635,Ati,Date,Female,34,Bhagalpur,Tamil Nadu,India,2022-05-28,Premium
1636,Upma,Bhattacharyya,Female,69,Danapur,West Bengal,India,2025-01-05,Regular
1637,Yashodhara,Prasad,Male,55,Kadapa,Andhra Pradesh,India,2025-08-30,VIP
1638,Praneel,Nagy,Male,69,Hajipur,Andhra Pradesh,India,2025-10-28,Premium
1639,Warda,Som,Female,40,Amaravati,Rajasthan,India,2025-02-14,Premium
1640,Balhaar,Johal,Male,39,Panihati,Telangana,India,2025-07-23,Premium
1641,Wahab,Randhawa,Male,58,Farrukhabad,Andhra Pradesh,India,2025-04-30,Premium
1642,Krishna,Dugar,Male,24,Rohtak,Karnataka,India,2026-05-25,Premium
1643,Frado,Desai,Male,69,Sagar,Telangana,India,2025-06-30,Regular
1644,Zilmil,Pandey,Female,51,Ballia,Maharashtra,India,2022-01-23,Regular
1645,Udyati,Vala,Female,60,Purnia,Gujarat,India,2025-07-20,Premium
1646,Unni,Sankaran,Female,18,Arrah,Kerala,India,2025-12-11,Premium
1647,Edhitha,Mahajan,Female,26,Nagpur,Tamil Nadu,India,2023-03-29,Regular
1648,Riya,Kaur,Female,36,Aurangabad,Maharashtra,India,2024-10-07,Premium
1649,Fitan,Menon,Female,60,Bally,Rajasthan,India,2023-08-26,Premium
1650,Guneet,Dani,Female,46,Karimnagar,Tamil Nadu,India,2022-01-14,VIP
1651,Sai,Nath,Male,48,Ozhukarai,Maharashtra,India,2023-11-03,Regular
1652,Chasmum,Maharaj,Male,56,Mahbubnagar,Andhra Pradesh,India,2022-11-20,VIP
1653,Advika,Anand,Male,21,Ichalkaranji,Gujarat,India,2024-08-29,VIP
1654,Netra,Ravi,Female,61,Chittoor,Maharashtra,India,2026-01-27,Premium
1655,Manthan,Rao,Female,24,Ambattur,Telangana,India,2023-07-02,VIP
1656,Urvi,Kaur,Female,43,Surendranagar Dudhrej,Kerala,India,2024-08-11,Premium
1657,Frederick,Munshi,Male,23,Haldia,Gujarat,India,2025-04-07,Premium
1658,Shaurya,Sarna,Male,54,Proddatur,Karnataka,India,2021-12-20,VIP
1659,Kavya,Dewan,Female,54,Farrukhabad,Rajasthan,India,2021-10-18,Premium
1660,Xalak,Pant,Male,27,Kamarhati,Delhi,India,2025-04-12,Premium
1661,Pavani,Raval,Female,44,Anantapur,Kerala,India,2021-11-29,Regular
1662,Azad,Dewan,Female,38,Bathinda,Kerala,India,2026-07-19,Regular
1663,Mahika,Raj,Male,60,Katni,Delhi,India,2022-04-03,VIP
1664,Libni,Guha,Female,69,Moradabad,Kerala,India,2024-07-05,Regular
1665,Siya,Modi,Female,35,Tirunelveli,Tamil Nadu,India,2022-08-08,VIP
1666,Peter,Balay,Male,35,Indore,Gujarat,India,2023-04-21,Regular
1667,Rushil,Boase,Female,50,Anantapuram,Andhra Pradesh,India,2023-06-19,VIP
1668,Viraj,Manne,Female,35,Malda,Maharashtra,India,2022-03-15,Regular
1669,Jyoti,Vasa,Female,46,Tirunelveli,West Bengal,India,2024-06-29,Premium
1670,Nirja,Raman,Female,61,Bhubaneswar,Gujarat,India,2022-10-24,Premium
1671,Omya,Sridhar,Male,38,Pali,Kerala,India,2023-06-21,VIP
1672,Kalpit,Jha,Female,48,Bhiwani,Kerala,India,2025-10-02,VIP
1673,Nathan,Mukherjee,Male,66,Ambala,Rajasthan,India,2025-08-13,Premium
1674,Anya,Jaggi,Male,39,Asansol,Delhi,India,2025-07-03,VIP
1675,Devansh,Rastogi,Male,59,Hajipur,Delhi,India,2024-07-05,VIP
1676,Vritti,Sharma,Female,56,Ramgarh,Andhra Pradesh,India,2022-01-17,VIP
1677,Gavin,Mani,Male,46,Sri Ganganagar,Tamil Nadu,India,2024-03-30,VIP
1678,Mahika,Gill,Female,45,Kulti,Tamil Nadu,India,2023-03-29,Premium
1679,Rachana,Shankar,Female,64,South Dumdum,Gujarat,India,2026-07-20,Regular
1680,Girish,Ramaswamy,Male,36,Mathura,Tamil Nadu,India,2023-01-21,VIP
1681,Anusha,Yogi,Female,37,Jabalpur,Maharashtra,India,2023-07-24,VIP
1682,Wakeeta,Sabharwal,Male,20,Arrah,West Bengal,India,2022-05-13,VIP
1683,Henry,Thaman,Female,30,Alappuzha,Tamil Nadu,India,2025-07-20,Regular
1684,Nitesh,Krishnan,Female,31,Guna,Delhi,India,2022-02-03,Regular
1685,Turvi,Bala,Male,32,Surendranagar Dudhrej,Kerala,India,2024-12-15,Premium
1686,Hemal,Rastogi,Female,58,Sikar,Gujarat,India,2022-01-13,Regular
1687,Advaith,Krishna,Male,61,Bhavnagar,Telangana,India,2024-06-30,Premium
1688,Ucchal,Sundaram,Male,33,Jabalpur,West Bengal,India,2022-06-01,Regular
1689,Xavier,Sarma,Male,67,Chittoor,Rajasthan,India,2024-02-02,Regular
1690,Neel,Garde,Female,43,Medininagar,Rajasthan,India,2022-07-27,Regular
1691,Peter,Menon,Male,60,Deoghar,Gujarat,India,2025-01-14,VIP
1692,Om,Brahmbhatt,Male,60,Darbhanga,Rajasthan,India,2023-01-07,Premium
1693,Ridhi,Parmar,Female,30,Thrissur,Karnataka,India,2022-01-03,VIP
1694,Tarak,Sathe,Female,45,Nagaon,Tamil Nadu,India,2022-08-03,VIP
1695,Madhavi,Morar,Female,64,Faridabad,Rajasthan,India,2021-10-02,Regular
1696,Chanakya,Purohit,Female,63,Kulti,Rajasthan,India,2024-11-24,Premium
1697,William,Iyengar,Female,20,Pune,Andhra Pradesh,India,2025-04-20,Premium
1698,Ayaan,Atwal,Female,41,Nellore,Kerala,India,2022-04-02,Premium
1699,Thomas,Char,Male,30,Rourkela,Delhi,India,2022-02-01,Regular
1700,Ojasvi,Vala,Female,35,Khammam,Karnataka,India,2024-06-16,Premium
1701,Ranveer,Johal,Female,62,Haldia,Karnataka,India,2022-09-28,VIP
1702,Vincent,Kala,Male,29,Raurkela Industrial Township,Karnataka,India,2024-06-18,VIP
1703,Oscar,Aurora,Male,28,Satna,Tamil Nadu,India,2021-10-25,VIP
1704,Lopa,Kala,Male,43,Muzaffarnagar,Gujarat,India,2022-04-11,Regular
1705,Arya,Pillay,Female,41,Jabalpur,Rajasthan,India,2023-07-29,Regular
1706,Nirja,Mitra,Male,60,Kota,Kerala,India,2026-04-10,Premium
1707,Onveer,Krishnamurthy,Male,36,Ghaziabad,Karnataka,India,2024-06-21,VIP
1708,Lipika,Deol,Female,45,Akola,Telangana,India,2024-06-01,VIP
1709,Vasatika,Bir,Female,69,Surat,Telangana,India,2025-07-13,Regular
1710,Lavanya,Vaidya,Female,52,Ambala,Karnataka,India,2021-10-29,VIP
1711,Viraj,Bail,Male,57,Tirupati,Gujarat,India,2023-09-22,Regular
1712,Priya,Kohli,Female,40,Allahabad,Gujarat,India,2022-11-19,Premium
1713,Kavya,Tara,Female,45,Panihati,Tamil Nadu,India,2023-01-02,Regular
1714,Keya,Jayaraman,Female,25,Patiala,Kerala,India,2025-06-27,VIP
1715,Falguni,Desai,Female,38,Ratlam,Andhra Pradesh,India,2022-01-19,Regular
1716,Oeshi,Mani,Male,58,Berhampur,Telangana,India,2024-07-13,Premium
1717,Hema,Kibe,Male,68,Panvel,Kerala,India,2022-03-05,VIP
1718,Yuvraj,Kapadia,Male,40,Saharsa,Karnataka,India,2024-06-13,VIP
1719,Qadim,Sathe,Male,50,Amritsar,Delhi,India,2025-11-23,Regular
1720,Ekaraj,Hans,Male,40,Ajmer,Karnataka,India,2023-06-14,VIP
1721,Jeremiah,Chand,Male,57,Guntakal,Tamil Nadu,India,2026-05-20,Premium
1722,Samarth,Keer,Male,67,Purnia,Maharashtra,India,2025-09-08,VIP
1723,Deepa,Gala,Female,44,Sambalpur,Rajasthan,India,2025-04-27,Regular
1724,Patrick,Kothari,Male,48,Baranagar,Delhi,India,2026-08-13,Premium
1725,Saumya,Jaggi,Female,65,Ongole,Telangana,India,2022-05-24,VIP
1726,Jagvi,Rao,Female,54,Rourkela,Gujarat,India,2025-09-19,Regular
1727,Ridhi,Sami,Female,34,Bhatpara,Rajasthan,India,2025-10-24,Premium
1728,Anmol,Raj,Male,67,Gwalior,Rajasthan,India,2024-04-07,Premium
1729,Michael,Gill,Male,55,Nadiad,Gujarat,India,2025-08-28,Regular
1730,Damini,Setty,Male,31,Gandhinagar,Karnataka,India,2026-06-30,VIP
1731,Vasana,Bora,Male,52,Bhavnagar,Telangana,India,2025-09-14,VIP
1732,Rohan,Dubey,Female,66,Kolkata,Maharashtra,India,2021-10-27,Regular
1733,Xiti,Prasad,Female,62,Machilipatnam,Tamil Nadu,India,2025-04-01,Premium
1734,Megha,Prakash,Male,53,Unnao,Rajasthan,India,2024-05-01,Regular
1735,Ekavir,Rege,Male,60,Amravati,Karnataka,India,2024-12-26,Regular
1736,Nicholas,Hari,Female,51,Rohtak,Tamil Nadu,India,2024-09-04,VIP
1737,Yashodhara,Suresh,Male,42,Howrah,Gujarat,India,2024-12-28,VIP
1738,Panini,Koshy,Male,18,Morena,Andhra Pradesh,India,2022-01-03,VIP
1739,Janaki,Bala,Male,51,Bhilwara,West Bengal,India,2025-08-03,VIP
1740,Manan,Kumar,Female,51,Madanapalle,Rajasthan,India,2026-08-19,Regular
1741,Neel,Arora,Male,23,Tiruchirappalli,Delhi,India,2024-12-25,Premium
1742,Mitali,Buch,Female,49,Bhusawal,Rajasthan,India,2023-02-15,VIP
1743,Prisha,Krishnan,Male,48,Orai,Andhra Pradesh,India,2026-04-01,Premium
1744,Lavanya,Morar,Female,69,Hubli–Dharwad,Karnataka,India,2022-08-23,Regular
1745,Hemangini,Dhar,Male,48,Bhagalpur,Maharashtra,India,2025-02-05,VIP
1746,Darika,Ahuja,Female,26,Pallavaram,Rajasthan,India,2021-09-22,Premium
1747,Gunbir,Boase,Female,34,Loni,Tamil Nadu,India,2025-04-05,Regular
1748,Bhavya,Sankar,Female,22,Belgaum,Kerala,India,2024-11-25,Regular
1749,Quincy,Desai,Female,32,Morbi,Karnataka,India,2023-04-06,VIP
1750,Yadavi,Choudhary,Female,46,Tezpur,Maharashtra,India,2023-07-10,Premium
1751,Quincy,Iyer,Male,27,South Dumdum,Rajasthan,India,2023-05-07,VIP
1752,Aashi,Rege,Female,63,Moradabad,Rajasthan,India,2023-02-16,Premium
1753,Fariq,Memon,Male,28,Burhanpur,Tamil Nadu,India,2022-10-10,Regular
1754,Aradhana,Bhatt,Male,59,Ludhiana,Maharashtra,India,2023-09-17,Regular
1755,Vanya,Sundaram,Female,54,Bangalore,Andhra Pradesh,India,2022-03-26,Regular
1756,Amaira,Amble,Female,24,Jalandhar,Karnataka,India,2023-07-05,Premium
1757,Abhimanyu,Prashad,Female,40,Shivpuri,Kerala,India,2025-09-27,VIP
1758,Geetika,Sanghvi,Male,40,Uluberia,Andhra Pradesh,India,2024-08-18,VIP
1759,Divya,Khatri,Male,48,Silchar,Rajasthan,India,2024-12-06,VIP
1760,Dakshesh,Parekh,Female,37,Salem,Kerala,India,2021-09-27,Regular
1761,Tanmayi,Ratti,Male,19,Indore,Rajasthan,India,2022-10-04,Regular
1762,Ati,Kothari,Female,56,Bidhannagar,Andhra Pradesh,India,2025-10-03,VIP
1763,Yutika,Sachdev,Female,20,Delhi,Andhra Pradesh,India,2024-06-14,VIP
1764,Anay,Parsa,Female,28,Anantapur,Gujarat,India,2025-06-29,Regular
1765,Vivaan,Sundaram,Male,39,Pudukkottai,Tamil Nadu,India,2022-05-28,Premium
1766,Ijaya,Sangha,Male,33,Salem,West Bengal,India,2024-12-26,Regular
1767,Chaaya,Hayer,Female,32,Saharsa,Rajasthan,India,2026-07-30,VIP
1768,Yamini,Balay,Male,31,Mehsana,Telangana,India,2022-06-15,VIP
1769,Charvi,Sibal,Female,53,Amroha,Kerala,India,2022-09-12,Premium
1770,Vasatika,Zachariah,Male,66,Latur,Rajasthan,India,2023-07-07,VIP
1771,Onkar,Chakraborty,Female,57,Raebareli,Tamil Nadu,India,2021-12-17,Premium
1772,Naveen,Narain,Female,33,Parbhani,Maharashtra,India,2023-08-03,VIP
1773,Aarini,Soni,Female,34,Bhavnagar,Kerala,India,2026-04-05,VIP
1774,Vyanjana,Chana,Female,51,Rajahmundry,Maharashtra,India,2026-08-12,Regular
1775,Dhruv,Oza,Female,41,Eluru,Karnataka,India,2026-06-29,VIP
1776,Rajeshri,Kaul,Female,46,Rampur,Rajasthan,India,2022-09-12,VIP
1777,Bina,Chahal,Male,63,Hubli–Dharwad,West Bengal,India,2024-08-10,VIP
1778,Raghav,D’Alia,Female,68,Warangal,Karnataka,India,2024-05-18,VIP
1779,Lajita,Agarwal,Male,55,Ghaziabad,Tamil Nadu,India,2026-04-09,Premium
1780,Ranveer,Rama,Female,38,Imphal,Gujarat,India,2024-10-26,VIP
1781,Jonathan,Venkatesh,Female,25,Aligarh,Tamil Nadu,India,2025-01-28,Premium
1782,Aditya,Yohannan,Male,24,Satna,Rajasthan,India,2022-12-11,Regular
1783,Chaman,Kanda,Male,46,Sirsa,West Bengal,India,2022-12-20,Premium
1784,Bhanumati,Dhingra,Female,52,Khora ,Tamil Nadu,India,2024-06-08,Premium
1785,Dayamai,Thakkar,Male,57,Panipat,Kerala,India,2026-08-06,VIP
1786,Vanya,Kale,Male,44,Jalna,Gujarat,India,2024-12-01,VIP
1787,Daniel,Nath,Female,40,Bhagalpur,Rajasthan,India,2023-08-18,VIP
1788,Charles,Gola,Male,59,Katni,Delhi,India,2024-04-04,Regular
1789,Nathaniel,Bains,Female,53,Naihati,Delhi,India,2025-04-22,Regular
1790,Urvashi,Pall,Male,34,Katni,Tamil Nadu,India,2022-04-29,Regular
1791,Barkha,Mandal,Female,49,Motihari,Tamil Nadu,India,2025-01-23,VIP
1792,Gunbir,Deep,Female,52,Amaravati,Maharashtra,India,2022-03-05,Premium
1793,Daksha,Shankar,Male,65,Gangtok,Telangana,India,2022-11-19,VIP
1794,Riya,Subramanian,Female,67,Ulhasnagar,Gujarat,India,2023-07-01,Premium
1795,Tejas,Hayre,Female,32,Mirzapur,Gujarat,India,2026-08-11,VIP
1796,Harsh,Divan,Male,67,Purnia,Maharashtra,India,2023-02-22,VIP
1797,Daksh,Char,Female,32,Bhalswa Jahangir Pur,Tamil Nadu,India,2023-03-30,Premium
1798,Charles,Dalal,Male,30,Guntakal,Rajasthan,India,2025-05-27,Premium
1799,Manthan,Raval,Female,57,Visakhapatnam,Maharashtra,India,2022-09-22,Regular
1800,Wridesh,Ranganathan,Male,18,Barasat,Karnataka,India,2023-03-07,Premium
1801,Keya,Chakraborty,Male,61,Eluru,Rajasthan,India,2024-01-21,Regular
1802,Sai,Pillai,Female,35,Jamshedpur,Gujarat,India,2022-09-15,VIP
1803,Fitan,Dara,Male,48,Danapur,Rajasthan,India,2023-08-17,Premium
1804,Arin,Srinivasan,Female,25,Bareilly,Gujarat,India,2023-04-03,Premium
1805,Leena,Sule,Male,54,Bihar Sharif,Rajasthan,India,2026-07-29,Premium
1806,Jeremiah,Chaudhary,Male,37,Rajkot,Delhi,India,2026-04-14,Regular
1807,Qasim,Ravi,Male,39,Singrauli,Tamil Nadu,India,2026-06-11,Regular
1808,Vrinda,Bhatt,Female,67,Dhule,Andhra Pradesh,India,2022-09-17,Regular
1809,Pratyush,Gole,Male,34,Miryalaguda,Andhra Pradesh,India,2025-07-08,VIP
1810,Dipta,Das,Female,21,Warangal,Delhi,India,2026-08-09,VIP
1811,Samuel,Edwin,Female,47,Kishanganj,Gujarat,India,2023-11-24,Regular
1812,Bakhshi,Chad,Male,42,Guna,Delhi,India,2024-04-02,Regular
1813,Januja,Garg,Female,33,Mumbai,Tamil Nadu,India,2023-10-29,Regular
1814,Charita,Batra,Male,57,Deoghar,Rajasthan,India,2025-07-01,Regular
1815,Logan,Swaminathan,Female,19,Nagaon,Rajasthan,India,2024-09-15,VIP
1816,Yashvi,Kadakia,Female,39,Varanasi,Gujarat,India,2023-09-24,Premium
1817,Balhaar,Guha,Female,46,Dewas,Gujarat,India,2023-07-18,VIP
1818,Krish,Kalita,Female,50,Alwar,Karnataka,India,2022-10-22,VIP
1819,Pahal,Borde,Male,50,Bhilwara,Telangana,India,2024-12-17,Regular
1820,Nihal,Ratta,Female,44,Gwalior,Telangana,India,2023-11-16,Premium
1821,Pavani,Dhar,Male,53,Madurai,Gujarat,India,2024-01-02,Premium
1822,Reyansh,Pradhan,Female,51,Gurgaon,Kerala,India,2023-01-07,Premium
1823,Diya,Saraf,Female,41,Indore,West Bengal,India,2023-10-26,Regular
1824,Faras,Madan,Male,35,Katihar,Gujarat,India,2022-08-25,Regular
1825,Niharika,Bhatti,Male,54,Hubli–Dharwad,Kerala,India,2024-10-19,Regular
1826,Gauri,Mahajan,Female,34,Kamarhati,Karnataka,India,2024-01-16,VIP
1827,Advaith,Chaudhari,Female,68,Korba,Andhra Pradesh,India,2024-12-07,Premium
1828,Henry,Dasgupta,Female,21,Hajipur,Tamil Nadu,India,2024-04-27,VIP
1829,Vrishti,Chandran,Female,35,Aurangabad,Andhra Pradesh,India,2024-02-11,VIP
1830,Anika,Chaudhary,Female,23,Tirunelveli,Gujarat,India,2024-06-01,Premium
1831,Lopa,Golla,Male,21,Katihar,Telangana,India,2026-05-28,Premium
1832,Neha,Sood,Male,46,Rampur,Delhi,India,2021-10-17,Premium
1833,Yochana,Dugal,Female,26,Asansol,Andhra Pradesh,India,2024-12-07,VIP
1834,Amara,Bera,Female,68,Kulti,Gujarat,India,2025-04-09,VIP
1835,Tanvi,Goswami,Female,25,Raichur,Telangana,India,2025-09-13,Premium
1836,Yadavi,Mangat,Male,66,Haldia,West Bengal,India,2026-02-21,VIP
1837,Veer,Mody,Male,36,Farrukhabad,Gujarat,India,2025-03-03,VIP
1838,Dhriti,Chana,Male,52,Solapur,Gujarat,India,2023-10-03,VIP
1839,Girik,Gandhi,Female,46,Guwahati,Tamil Nadu,India,2024-02-23,Regular
1840,Waida,Anne,Female,51,Danapur,Telangana,India,2022-11-15,VIP
1841,Varsha,Tank,Female,65,Machilipatnam,Karnataka,India,2021-10-31,VIP
1842,Ranveer,Amble,Female,34,Deoghar,Gujarat,India,2024-08-25,Premium
1843,Yash,Wable,Male,42,Medininagar,West Bengal,India,2025-07-12,Premium
1844,Om,Viswanathan,Male,36,Akola,Rajasthan,India,2022-05-09,Premium
1845,Jeevika,Deol,Male,67,Faridabad,Telangana,India,2025-04-23,Regular
1846,Warhi,Raghavan,Male,23,Dindigul,Delhi,India,2022-09-04,Regular
1847,Hamsini,Krish,Male,18,Ramagundam,Delhi,India,2024-04-04,Regular
1848,Vasudha,Memon,Female,61,Kakinada,Gujarat,India,2021-09-24,Premium
1849,Meera,Kalla,Female,45,Kottayam,Telangana,India,2022-01-06,Premium
1850,Ubika,Sura,Female,60,Raurkela Industrial Township,Telangana,India,2021-10-06,Regular
1851,Triveni,Narasimhan,Male,40,Raichur,Kerala,India,2022-08-16,Regular
1852,Abdul,Palla,Male,61,Rewa,Karnataka,India,2024-09-23,Premium
1853,Aditya,Chaudhuri,Male,21,Pallavaram,Kerala,India,2023-05-24,VIP
1854,Frado,Wadhwa,Female,27,Bulandshahr,Karnataka,India,2022-10-07,Regular
1855,Vinaya,Amble,Male,54,Chandrapur,Gujarat,India,2023-08-21,Premium
1856,Upma,Rana,Female,58,Dewas,Maharashtra,India,2024-10-24,Regular
1857,Priya,Gopal,Female,64,Moradabad,Delhi,India,2025-06-11,Premium
1858,Reva,Edwin,Female,36,Raichur,Karnataka,India,2025-05-28,Premium
1859,Abdul,Parmer,Male,50,Bhubaneswar,Kerala,India,2023-04-29,VIP
1860,Bhavani,Baria,Female,30,Tenali,Kerala,India,2025-04-18,VIP
1861,Garima,Balay,Female,44,Davanagere,Andhra Pradesh,India,2025-10-16,Regular
1862,Amaira,Dani,Male,53,Unnao,Kerala,India,2026-05-24,VIP
1863,Warhi,Datta,Male,22,Silchar,Karnataka,India,2025-12-25,VIP
1864,Lopa,Deep,Female,50,Moradabad,Kerala,India,2021-11-22,Premium
1865,Jonathan,Dugal,Male,33,Orai,Andhra Pradesh,India,2021-10-30,VIP
1866,Warjas,Ben,Male,20,Haldia,Kerala,India,2021-10-12,Regular
1867,Radha,Srinivasan,Female,50,Ichalkaranji,Rajasthan,India,2025-11-05,Regular
1868,Fitan,Sanghvi,Male,24,Tadipatri,Tamil Nadu,India,2023-01-04,Premium
1869,Yasti,Grover,Female,48,Parbhani,Karnataka,India,2022-09-10,VIP
1870,Adya,Kota,Male,58,Davanagere,Telangana,India,2025-09-29,Regular
1871,Harshil,Thakkar,Female,69,Maheshtala,Gujarat,India,2022-12-24,VIP
1872,Veer,Dara,Female,24,Rewa,Andhra Pradesh,India,2022-01-15,Premium
1873,Anusha,Handa,Female,53,Purnia,Delhi,India,2021-11-11,Premium
1874,Ryan,Chand,Female,34,Nadiad,Telangana,India,2025-03-06,Premium
1875,Damini,Kashyap,Male,64,Naihati,Andhra Pradesh,India,2025-05-03,VIP
1876,Varenya,Bhat,Female,29,Faridabad,West Bengal,India,2024-04-20,Regular
1877,Imaran,Luthra,Female,32,Parbhani,Telangana,India,2024-09-12,Premium
1878,Omya,Koshy,Male,67,Nashik,Andhra Pradesh,India,2023-04-05,Premium
1879,Banjeet,Acharya,Male,53,Pondicherry,Karnataka,India,2023-07-08,VIP
1880,Bhavika,Sodhi,Male,32,Medininagar,Rajasthan,India,2022-07-28,VIP
1881,Raagini,Goyal,Female,39,Pallavaram,Andhra Pradesh,India,2024-10-21,Regular
1882,Gaurika,Modi,Male,27,Jalandhar,Rajasthan,India,2021-10-30,Regular
1883,Kalpit,Narula,Female,60,Mirzapur,Delhi,India,2026-03-19,Premium
1884,Kamya,Khanna,Male,62,Bhagalpur,West Bengal,India,2024-12-24,Premium
1885,Gagan,Cherian,Female,50,Madanapalle,Telangana,India,2022-09-26,Regular
1886,Benjamin,Halder,Male,19,Amroha,Rajasthan,India,2022-07-21,Premium
1887,Falan,Oza,Female,26,Bhalswa Jahangir Pur,Maharashtra,India,2023-06-07,Regular
1888,Mitesh,Bassi,Male,67,Nellore,West Bengal,India,2025-04-09,Premium
1889,Zayyan,Palan,Male,38,Sultan Pur Majra,Delhi,India,2022-09-17,Premium
1890,Rajata,Bir,Male,46,Gurgaon,West Bengal,India,2026-03-03,Premium
1891,Yahvi,Bains,Male,34,Khora ,Karnataka,India,2024-01-17,Premium
1892,Kai,Mann,Female,37,Buxar,Delhi,India,2022-03-25,Regular
1893,Ranveer,Rao,Female,34,Katihar,Rajasthan,India,2026-01-30,Premium
1894,Falan,Gandhi,Male,46,Danapur,Maharashtra,India,2024-12-24,Premium
1895,Madhavi,Rattan,Male,37,Tiruppur,West Bengal,India,2023-04-12,VIP
1896,Aarush,Dutta,Male,61,Guntakal,Rajasthan,India,2021-10-15,Regular
1897,Yochana,Shah,Male,44,Avadi,Delhi,India,2023-08-03,VIP
1898,Chaman,Loyal,Male,43,Tirunelveli,Maharashtra,India,2023-08-14,Premium
1899,Chakradev,Walla,Male,43,Jalna,Andhra Pradesh,India,2022-01-17,Premium
1900,Manbir,Mall,Female,66,Gopalpur,Karnataka,India,2022-02-25,Regular
1901,Yuvraj,Kade,Male,19,Mumbai,Telangana,India,2024-09-01,Premium
1902,Jyoti,Nair,Male,34,Jamalpur,Telangana,India,2023-12-17,Regular
1903,Kiaan,Rege,Female,20,Anantapur,Telangana,India,2022-03-14,VIP
1904,Advaith,Parekh,Female,52,Parbhani,West Bengal,India,2023-03-21,Regular
1905,Aahana,Babu,Female,24,Eluru,Maharashtra,India,2023-11-26,Regular
1906,Samuel,Sathe,Female,18,Anantapur,Telangana,India,2024-01-01,Regular
1907,Samar,Rana,Female,33,Amroha,Andhra Pradesh,India,2023-09-07,Regular
1908,Radha,Pillay,Male,45,Nangloi Jat,Gujarat,India,2022-07-06,VIP
1909,Warhi,Golla,Male,31,Udaipur,Andhra Pradesh,India,2023-03-19,Premium
1910,Ranbir,Swaminathan,Female,24,Ichalkaranji,Telangana,India,2021-11-22,Premium
1911,Dayita,Gaba,Male,62,Singrauli,Maharashtra,India,2023-04-24,VIP
1912,Ekaraj,Dhar,Male,69,Purnia,Maharashtra,India,2023-10-19,Regular
1913,Suhani,Rau,Female,28,Hajipur,Karnataka,India,2022-11-18,Premium
1914,Advik,Chaudhry,Female,47,Yamunanagar,Telangana,India,2021-11-21,Premium
1915,Imaran,Arya,Female,50,Mira-Bhayandar,West Bengal,India,2023-10-29,Premium
1916,Fiyaz,Loyal,Female,61,Ghaziabad,Andhra Pradesh,India,2021-10-29,Regular
1917,Aditya,Cherian,Female,65,Guwahati,Maharashtra,India,2023-06-08,Premium
1918,Liam,Srinivasan,Female,26,Ujjain,Kerala,India,2024-04-30,VIP
1919,Garima,Srinivas,Male,40,Latur,Telangana,India,2022-03-10,Premium
1920,Amara,Dasgupta,Female,19,Varanasi,Maharashtra,India,2022-08-03,VIP
1921,Chaman,Chauhan,Female,20,Ajmer,Kerala,India,2021-09-21,Premium
1922,Udarsh,Bajwa,Female,53,Purnia,Tamil Nadu,India,2024-12-28,Premium
1923,Manan,Pandit,Female,63,Kamarhati,Gujarat,India,2024-12-26,Regular
1924,Isaiah,Swamy,Female,53,Bhubaneswar,Gujarat,India,2023-08-16,Premium
1925,Harsh,Manda,Female,69,Solapur,Gujarat,India,2024-07-20,Premium
1926,Jagat,Patel,Male,68,Varanasi,West Bengal,India,2022-12-31,VIP
1927,Pranav,Sangha,Female,65,Ghaziabad,Tamil Nadu,India,2023-04-04,Premium
1928,Pavani,Doctor,Female,44,Baranagar,Delhi,India,2024-09-04,VIP
1929,Hemang,Madan,Male,65,Arrah,Kerala,India,2023-12-21,VIP
1930,Faraj,Agate,Male,28,Siliguri,Tamil Nadu,India,2024-06-09,Premium
1931,Manbir,Ramakrishnan,Male,40,Morena,Delhi,India,2022-04-15,Regular
1932,Isaiah,Sane,Male,32,Ulhasnagar,Tamil Nadu,India,2022-06-26,Regular
1933,Ekantika,Datta,Female,34,Kharagpur,Andhra Pradesh,India,2024-09-17,Regular
1934,Eiravati,Talwar,Female,38,Ongole,Rajasthan,India,2025-03-27,VIP
1935,Gauri,Devi,Female,25,Yamunanagar,Andhra Pradesh,India,2025-04-10,Regular
1936,Widisha,Yohannan,Male,31,Katihar,Kerala,India,2026-04-10,Premium
1937,Victor,Rajagopalan,Female,29,Amaravati,Gujarat,India,2025-04-20,VIP
1938,Theodore,Chahal,Female,51,Mirzapur,Rajasthan,India,2021-09-26,Premium
1939,Samar,Badal,Female,34,Proddatur,Telangana,India,2025-09-29,VIP
1940,Kiaan,Choudhary,Female,48,Karnal,Tamil Nadu,India,2024-10-13,Regular
1941,Liam,Menon,Female,56,Asansol,Maharashtra,India,2026-05-28,Premium
1942,Oviya,Kibe,Male,51,Rajahmundry,Andhra Pradesh,India,2022-03-10,Regular
1943,Lakshit,Dalal,Female,21,Burhanpur,Karnataka,India,2021-12-08,Regular
1944,Panini,Prabhu,Male,19,Aligarh,Telangana,India,2022-05-05,Premium
1945,Vansha,Dugar,Female,23,Siliguri,West Bengal,India,2024-10-26,Regular
1946,Lohit,Brar,Male,28,Solapur,Rajasthan,India,2021-10-26,VIP
1947,Omaja,Doctor,Female,26,Nandyal,Karnataka,India,2022-11-27,Premium
1948,Chandani,Singhal,Male,53,Naihati,Andhra Pradesh,India,2025-06-28,Regular
1949,Agastya,Mangat,Female,65,Bhatpara,West Bengal,India,2022-03-23,Regular
1950,Azad,Ghose,Female,29,Hyderabad,Gujarat,India,2025-01-31,Premium
1951,Pallavi,Sha,Male,39,Aurangabad,Delhi,India,2025-12-25,Premium
1952,Damini,Karan,Female,56,Sangli-Miraj & Kupwad,Maharashtra,India,2024-01-10,VIP
1953,George,Vig,Male,26,Cuttack,Telangana,India,2023-07-08,Premium
1954,Nandini,Bhalla,Female,55,Katni,Gujarat,India,2023-04-11,Regular
1955,Faras,Sidhu,Female,39,Satara,Andhra Pradesh,India,2025-02-27,VIP
1956,Lajita,Gala,Female,23,Serampore,Telangana,India,2025-04-28,VIP
1957,Robert,Madan,Female,55,Vasai-Virar,West Bengal,India,2022-05-17,VIP
1958,Janani,Nayak,Female,25,Mathura,Delhi,India,2024-02-11,Premium
1959,Nicholas,Chhabra,Male,56,Rajpur Sonarpur,West Bengal,India,2021-10-22,Regular
1960,Dayamai,Guha,Male,35,Patna,West Bengal,India,2023-10-04,Regular
1961,Amruta,Chada,Female,49,Phusro,Andhra Pradesh,India,2025-10-30,VIP
1962,Chakradev,Bava,Female,63,Tiruchirappalli,Rajasthan,India,2024-05-03,Premium
1963,Abhiram,Parikh,Female,59,Sikar,Andhra Pradesh,India,2025-12-20,Regular
1964,Robert,Murty,Male,40,Raurkela Industrial Township,Karnataka,India,2022-10-25,Regular
1965,Gunbir,Narula,Female,57,Ambala,Kerala,India,2022-07-28,Regular
1966,Yadavi,Doctor,Male,24,Dharmavaram,West Bengal,India,2024-12-18,Regular
1967,Vansha,Barad,Male,19,Nanded,Karnataka,India,2023-01-01,VIP
1968,Ubika,Brar,Male,54,Ahmednagar,Karnataka,India,2023-07-19,VIP
1969,Lohit,Dyal,Male,67,Sultan Pur Majra,Gujarat,India,2022-10-30,Premium
1970,Harinakshi,Mannan,Female,41,Chinsurah,West Bengal,India,2022-01-20,Regular
1971,Lila,Khare,Female,61,Phagwara,Delhi,India,2022-05-09,Premium
1972,Michael,Tank,Male,69,Kanpur,Telangana,India,2022-12-05,VIP
1973,Dayamai,Chahal,Female,43,Bareilly,Maharashtra,India,2025-08-01,Regular
1974,Dipta,Gara,Male,30,Nanded,West Bengal,India,2022-04-17,Regular
1975,Ati,Patla,Female,59,Hubli–Dharwad,Tamil Nadu,India,2022-04-27,Premium
1976,Praneel,Sharma,Male,47,Bhalswa Jahangir Pur,Tamil Nadu,India,2023-11-22,Premium
1977,Riya,Dey,Male,33,Jehanabad,Telangana,India,2025-11-12,Premium
1978,Balveer,Patla,Male,25,Rewa,Karnataka,India,2025-03-11,Regular
1979,Kai,Sastry,Female,22,Anand,Andhra Pradesh,India,2024-05-19,Premium
1980,Kashvi,Chacko,Female,30,Guna,Tamil Nadu,India,2025-07-17,Regular
1981,Adya,Basak,Male,43,Sambalpur,West Bengal,India,2026-06-26,VIP
1982,Abhiram,Dubey,Female,29,Ramagundam,Karnataka,India,2024-11-28,VIP
1983,Nathan,Rastogi,Female,45,Rajahmundry,Karnataka,India,2025-01-06,Regular
1984,Turvi,Chander,Male,39,Kirari Suleman Nagar,Karnataka,India,2025-09-12,VIP
1985,Udyati,Chopra,Male,24,Bokaro,Andhra Pradesh,India,2022-08-20,Premium
1986,Mekhala,Sant,Female,29,Rewa,Kerala,India,2024-07-05,Premium
1987,Dhruv,Nadig,Female,26,Mahbubnagar,Delhi,India,2025-11-06,Regular
1988,Simon,Soni,Male,28,Alwar,Andhra Pradesh,India,2025-07-31,Regular
1989,Balvan,Dugal,Male,63,Ulhasnagar,Karnataka,India,2023-07-13,VIP
1990,Ekaja,Balay,Female,24,Ghaziabad,West Bengal,India,2024-10-15,VIP
1991,Qushi,Solanki,Male,32,Meerut,Maharashtra,India,2023-07-07,Regular
1992,Arin,Sampath,Female,18,Nizamabad,Maharashtra,India,2023-03-19,VIP
1993,Fiyaz,Dhar,Female,43,Panipat,Delhi,India,2025-02-27,VIP
1994,Finn,Misra,Male,38,Gurgaon,Telangana,India,2026-03-06,VIP
1995,Tanish,Lad,Male,57,Meerut,Kerala,India,2022-07-02,VIP
1996,Priya,Oommen,Female,47,Dehradun,Maharashtra,India,2023-05-28,VIP
1997,Ikshita,Saini,Male,59,Fatehpur,Rajasthan,India,2026-04-08,Premium
1998,Naveen,Sarkar,Male,65,Aurangabad,Telangana,India,2025-01-09,Regular
1999,Advaith,Issac,Female,22,Adoni,Gujarat,India,2022-12-11,Premium
2000,Ekiya,Nadig,Female,52,Saharanpur,Delhi,India,2025-08-13,Premium
2001,Manbir,Tata,Female,51,Raipur,Kerala,India,2025-03-03,Premium
2002,Adya,Verma,Male,65,Hospet,Andhra Pradesh,India,2022-10-13,Premium
2003,Shivani,Chatterjee,Male,59,Bellary,Gujarat,India,2023-04-24,Regular
2004,Osha,Ganesan,Male,24,Thrissur,West Bengal,India,2024-09-03,Regular
2005,Shaurya,Halder,Female,54,Uluberia,Tamil Nadu,India,2024-10-22,Premium
2006,Amol,Mittal,Male,32,Ambala,Gujarat,India,2022-10-10,VIP
2007,Xalak,Shah,Male,46,Bulandshahr,Tamil Nadu,India,2024-09-14,Premium
2008,Indira,Sandhu,Male,27,Raipur,Gujarat,India,2023-03-18,VIP
2009,Tara,Sangha,Female,33,Belgaum,West Bengal,India,2026-06-01,Regular
2010,Nicholas,Sarin,Male,29,Anantapuram,Karnataka,India,2025-06-08,Regular
2011,Bhanumati,Chaudhary,Male,26,Vasai-Virar,Delhi,India,2022-06-23,Premium
2012,Amol,Sabharwal,Male,52,Mehsana,Rajasthan,India,2026-05-07,VIP
2013,Harish,Sawhney,Female,58,Ramagundam,Maharashtra,India,2025-04-16,Regular
2014,Siddharth,Kapoor,Male,62,Suryapet,Karnataka,India,2024-12-14,VIP
2015,Ishwar,Hayre,Female,59,Amravati,Maharashtra,India,2024-09-11,Regular
2016,Ucchal,Sachar,Female,59,Chennai,Telangana,India,2024-11-24,VIP
2017,Udarsh,Tripathi,Female,43,Agartala,Telangana,India,2023-12-18,VIP
2018,Damyanti,Sachdeva,Male,41,Kolkata,Tamil Nadu,India,2025-03-28,Premium
2019,Bachittar,Aurora,Female,56,Jamnagar,Andhra Pradesh,India,2024-11-24,Regular
2020,Zilmil,Nadkarni,Female,55,Tirunelveli,Kerala,India,2026-07-31,Premium
2021,Qushi,Khurana,Female,66,Nellore,Rajasthan,India,2025-01-21,VIP
2022,Charan,Sanghvi,Male,19,Pali,Telangana,India,2023-03-11,VIP
2023,Neha,Nadkarni,Female,48,Junagadh,West Bengal,India,2023-09-05,VIP
2024,Hardik,Date,Male,51,Gangtok,Kerala,India,2025-01-17,Regular
2025,Abha,Dutt,Female,43,Kurnool,Rajasthan,India,2022-07-04,VIP
2026,Girik,Bal,Male,32,Hyderabad,Maharashtra,India,2023-01-06,Premium
2027,Ayaan,Brar,Female,47,Nagpur,Maharashtra,India,2022-10-28,VIP
2028,Sudiksha,Parmar,Female,66,Mathura,Gujarat,India,2023-08-07,Premium
2029,Chameli,Hari,Male,67,Burhanpur,Kerala,India,2023-12-06,Regular
2030,Charan,Maharaj,Female,38,Asansol,West Bengal,India,2021-11-28,VIP
2031,Harshil,Choudhry,Female,48,Kavali,Andhra Pradesh,India,2022-10-04,VIP
2032,Hredhaan,Dhar,Female,37,Firozabad,Kerala,India,2023-04-02,Regular
2033,Girik,Brahmbhatt,Male,32,Mirzapur,Telangana,India,2023-06-26,Premium
2034,Mahika,Chaudhuri,Male,30,Lucknow,Tamil Nadu,India,2025-03-26,Premium
2035,Ethan,Sur,Male,35,Bhagalpur,Maharashtra,India,2025-04-14,VIP
2036,Keya,Murthy,Male,61,Nanded,Kerala,India,2023-03-30,Regular
2037,Chanchal,Anne,Female,21,Tezpur,Karnataka,India,2021-12-24,Premium
2038,Jacob,Oza,Male,27,Karawal Nagar,Andhra Pradesh,India,2026-05-12,Regular
2039,Abdul,Dutt,Male,56,Bhilai,Delhi,India,2023-05-10,Premium
2040,Ayushman,Wason,Female,27,Kadapa,Gujarat,India,2026-01-24,VIP
2041,Michael,Kalita,Female,68,Raipur,Delhi,India,2023-07-24,Regular
2042,Ayushman,Narang,Female,66,Muzaffarnagar,Kerala,India,2022-06-04,Premium
2043,Jonathan,Loyal,Male,47,Ongole,Delhi,India,2023-05-30,Regular
2044,George,Pall,Male,34,Bhind,Delhi,India,2025-12-06,Premium
2045,Rajata,Vala,Male,48,Nellore,Maharashtra,India,2023-11-04,Regular
2046,Oscar,Hora,Female,55,Singrauli,Tamil Nadu,India,2022-08-03,Premium
2047,Devika,Gandhi,Male,30,Morbi,West Bengal,India,2025-05-26,Regular
2048,Sanaya,Sampath,Female,46,Imphal,Telangana,India,2022-08-18,Premium
2049,Leela,Sanghvi,Female,27,Tezpur,Gujarat,India,2024-09-18,Regular
2050,Kashvi,Bhatt,Male,24,Rourkela,Andhra Pradesh,India,2021-12-31,VIP
2051,Yasti,Kulkarni,Male,45,Durg,West Bengal,India,2026-03-24,Premium
2052,Indira,Rao,Male,69,Raipur,Maharashtra,India,2023-03-30,Premium
2053,Ekantika,Sanghvi,Female,42,Secunderabad,Delhi,India,2023-10-20,Regular
2054,Elijah,Kale,Female,64,Serampore,Gujarat,India,2022-12-12,Regular
2055,Dipta,Das,Male,36,Imphal,Telangana,India,2021-10-21,Regular
2056,Falguni,Kala,Male,20,Tezpur,Andhra Pradesh,India,2024-06-13,Regular
2057,Viraj,Bhatti,Male,58,Anantapuram,West Bengal,India,2023-07-09,VIP
2058,Teerth,Chauhan,Male,62,Narasaraopet,Gujarat,India,2022-05-08,Regular
2059,Oviya,Saran,Male,37,Imphal,Maharashtra,India,2023-05-26,Regular
2060,Ronith,Bawa,Female,38,Panchkula,West Bengal,India,2022-02-10,VIP
2061,Anvi,Sama,Female,40,Amravati,Gujarat,India,2025-07-25,VIP
2062,Onveer,Narain,Male,30,Patiala,Telangana,India,2026-08-13,VIP
2063,Ansh,Mane,Male,34,Ramgarh,Karnataka,India,2021-10-02,VIP
2064,Triya,Mane,Male,24,Sambhal,Gujarat,India,2022-01-10,VIP
2065,Balveer,Nazareth,Female,59,Coimbatore,Maharashtra,India,2025-09-16,Regular
2066,Girish,Sagar,Male,44,Panipat,Karnataka,India,2024-05-30,VIP
2067,Hiral,Ratta,Female,53,Miryalaguda,Tamil Nadu,India,2024-05-17,Regular
2068,Wakeeta,Batta,Male,56,Bihar Sharif,Karnataka,India,2025-07-31,Regular
2069,Wakeeta,Dara,Female,24,Tadipatri,Telangana,India,2022-08-03,VIP
2070,Ayush,Kapur,Female,57,Hyderabad,Maharashtra,India,2022-11-23,Premium
2071,Henry,Naidu,Male,22,Kamarhati,Maharashtra,India,2023-02-28,Regular
2072,Gaurang,Halder,Male,21,Siwan,Tamil Nadu,India,2021-10-03,Premium
2073,Charles,Lad,Male,35,Bhubaneswar,Andhra Pradesh,India,2022-02-14,Regular
2074,Daksha,Borde,Male,29,Ozhukarai,Karnataka,India,2024-12-10,Regular
2075,Anamika,Garde,Female,41,Ballia,Tamil Nadu,India,2025-08-19,VIP
2076,Jagdish,Date,Male,18,Siliguri,Rajasthan,India,2025-03-25,VIP
2077,Sanya,Das,Female,41,Gangtok,Tamil Nadu,India,2025-10-11,Premium
2078,Vrishti,Mand,Male,36,Karawal Nagar,Maharashtra,India,2023-08-20,Regular
2079,George,Lalla,Male,66,Gwalior,Telangana,India,2024-09-18,Premium
2080,Xavier,Jha,Male,49,Aurangabad,Kerala,India,2025-12-02,Premium
2081,Darpan,Kala,Female,65,Thrissur,Karnataka,India,2025-09-11,VIP
2082,Lekha,Guha,Male,66,Vasai-Virar,Karnataka,India,2024-08-10,Premium
2083,Sathvik,Wable,Male,51,Bijapur,Kerala,India,2025-07-29,Premium
2084,Mitesh,Thaman,Female,55,Bikaner,Rajasthan,India,2023-07-29,VIP
2085,Januja,Rajan,Male,63,Udupi,West Bengal,India,2026-01-30,VIP
2086,Samaksh,Ratta,Male,52,Coimbatore,Karnataka,India,2024-01-29,Regular
2087,Pallavi,Gala,Female,45,Gangtok,Maharashtra,India,2022-08-01,VIP
2088,Manan,Shenoy,Female,42,Bhubaneswar,Karnataka,India,2023-10-05,VIP
2089,Amol,Sharma,Female,39,Shimoga,Kerala,India,2021-12-15,Regular
2090,Vamakshi,Wali,Female,21,Nagercoil,West Bengal,India,2023-12-22,Regular
2091,Jagat,Chad,Male,24,Chinsurah,Rajasthan,India,2023-07-08,VIP
2092,Matthew,Ranganathan,Female,59,Danapur,Delhi,India,2024-07-20,Premium
2093,Chatresh,Sastry,Female,55,Uluberia,Kerala,India,2022-07-18,Premium
2094,Chandran,Raja,Female,27,Jammu,Andhra Pradesh,India,2024-03-19,Regular
2095,Ranbir,Rau,Female,24,Hindupur,Rajasthan,India,2024-01-23,VIP
2096,Wakeeta,Venkataraman,Male,56,Moradabad,Kerala,India,2022-02-19,Premium
2097,Yuvraj,Choudhry,Female,67,Raipur,Gujarat,India,2022-03-02,Regular
2098,Balendra,Lata,Female,68,Amritsar,Karnataka,India,2026-03-29,VIP
2099,Harrison,Majumdar,Female,23,Udupi,Karnataka,India,2025-02-25,Regular
2100,Manya,Ramaswamy,Female,49,Muzaffarnagar,Tamil Nadu,India,2023-12-30,VIP
2101,Warhi,Jha,Female,39,Kurnool,Andhra Pradesh,India,2024-09-02,VIP
2102,Bhavna,Mani,Male,29,Bareilly,Telangana,India,2023-04-16,VIP
2103,Yahvi,Sood,Male,19,Mathura,Maharashtra,India,2023-02-28,Premium
2104,Divya,Boase,Male,41,Gaya,Telangana,India,2024-07-15,Premium
2105,Tamanna,Dhar,Male,22,Bhalswa Jahangir Pur,Andhra Pradesh,India,2025-05-09,Regular
2106,Gaurika,Bail,Male,30,Bilaspur,Tamil Nadu,India,2022-05-15,Regular
2107,Onkar,Andra,Female,55,Bhalswa Jahangir Pur,Maharashtra,India,2021-09-21,VIP
2108,Vrinda,Kota,Male,20,Bhubaneswar,Maharashtra,India,2022-02-05,Regular
2109,Anay,Mannan,Male,57,Loni,Gujarat,India,2025-12-29,VIP
2110,Oliver,Din,Male,61,Salem,Rajasthan,India,2024-04-21,Regular
2111,Gautami,Sethi,Female,63,Etawah,Gujarat,India,2026-05-10,Regular
2112,Aarini,Sur,Female,57,Bharatpur,Telangana,India,2025-08-13,VIP
2113,Agastya,Pandit,Male,58,Thoothukudi,Karnataka,India,2026-02-12,Regular
2114,Veda,Chowdhury,Male,69,Kadapa,Karnataka,India,2021-11-21,VIP
2115,Manbir,Roy,Male,43,Ajmer,Gujarat,India,2024-10-01,VIP
2116,Widisha,Balasubramanian,Male,20,Gangtok,Tamil Nadu,India,2025-05-18,Premium
2117,Jagvi,Jhaveri,Female,41,Jammu,Delhi,India,2024-12-04,VIP
2118,Hritik,Mahal,Male,30,Hajipur,Rajasthan,India,2023-03-15,Regular
2119,Alka,Palla,Male,62,Katni,West Bengal,India,2025-04-06,Premium
2120,Anya,More,Male,57,Kalyan-Dombivli,Gujarat,India,2026-02-19,Regular
2121,Hemal,Das,Male,20,Malda,West Bengal,India,2026-07-14,Regular
2122,Idika,Mani,Female,28,Bangalore,Kerala,India,2025-12-16,Regular
2123,Manan,Shukla,Female,27,Nagaon,Andhra Pradesh,India,2024-03-06,Premium
2124,Nicholas,Mitter,Male,25,Tumkur,Kerala,India,2022-04-06,Regular
2125,Chaitaly,Aurora,Female,23,Thane,Rajasthan,India,2023-07-25,VIP
2126,Barkha,Dasgupta,Female,37,Unnao,Rajasthan,India,2024-04-25,Premium
2127,Abdul,Sani,Female,33,Mumbai,Rajasthan,India,2022-02-20,VIP
2128,Zayan,Devi,Male,34,Anantapuram,Gujarat,India,2025-12-25,Regular
2129,Mohammed,Chadha,Male,44,Asansol,Gujarat,India,2023-05-22,Premium
2130,Rachana,Buch,Female,39,Muzaffarnagar,Maharashtra,India,2021-12-26,Regular
2131,Urvashi,Pant,Male,66,Kharagpur,West Bengal,India,2025-04-22,Regular
2132,Mohini,Chaudhari,Male,69,Barasat,Telangana,India,2024-05-10,Premium
2133,Oscar,Sarin,Female,64,Adoni,Delhi,India,2022-11-24,VIP
2134,Ryan,Krishna,Female,55,Erode,Gujarat,India,2026-06-06,Regular
2135,Ryan,Mitra,Male,47,Guwahati,Tamil Nadu,India,2024-03-29,VIP
2136,Triya,Goswami,Female,27,Junagadh,Andhra Pradesh,India,2022-07-13,VIP
2137,Lakshit,Vyas,Female,61,Satara,Karnataka,India,2025-12-31,VIP
2138,Ishita,Sidhu,Male,33,Purnia,Gujarat,India,2025-09-06,Premium
2139,Osha,Roy,Male,51,Bhopal,Karnataka,India,2026-06-20,Premium
2140,Avi,Sama,Male,58,Kolhapur,Delhi,India,2024-04-14,VIP
2141,Xavier,Vala,Female,56,Warangal,Maharashtra,India,2026-05-02,Regular
2142,Chaaya,Bera,Male,47,Cuttack,Andhra Pradesh,India,2025-02-20,Regular
2143,Abeer,Shere,Male,43,Meerut,Kerala,India,2022-06-08,Premium
2144,Christopher,Madan,Male,55,Thoothukudi,Delhi,India,2022-07-17,VIP
2145,Bina,Subramaniam,Female,51,Ghaziabad,Delhi,India,2022-09-30,VIP
2146,Yasti,Bera,Female,43,Hazaribagh,Tamil Nadu,India,2022-12-09,Regular
2147,Warhi,Deshpande,Female,46,Bhatpara,Gujarat,India,2024-04-09,Regular
2148,Deepa,Ahuja,Female,68,Kollam,Kerala,India,2022-09-09,Premium
2149,Ekalinga,Acharya,Male,46,Mahbubnagar,Maharashtra,India,2022-09-29,VIP
2150,Zinal,Chatterjee,Male,55,Kurnool,Andhra Pradesh,India,2022-08-05,VIP
2151,Urvi,Bakshi,Male,50,Katni,Delhi,India,2022-03-09,VIP
2152,Jairaj,Mital,Male,55,Karawal Nagar,Karnataka,India,2023-04-12,VIP
2153,Wahab,Lad,Female,28,Tadepalligudem,Karnataka,India,2022-10-05,VIP
2154,Rachana,Dhingra,Male,52,Udaipur,Tamil Nadu,India,2022-12-02,VIP
2155,Wridesh,Garde,Female,56,Fatehpur,Telangana,India,2025-10-19,Regular
2156,Bimala,Mann,Male,55,Giridih,Maharashtra,India,2025-11-27,VIP
2157,Jhalak,Maharaj,Male,68,Kharagpur,Karnataka,India,2022-08-17,Premium
2158,Ucchal,Saha,Female,61,Siliguri,Andhra Pradesh,India,2021-12-13,Regular
2159,Bhanumati,Shankar,Male,19,Phusro,Karnataka,India,2025-01-09,Premium
2160,Advay,Mitter,Male,48,Udupi,Andhra Pradesh,India,2025-06-29,Premium
2161,Brijesh,Pant,Female,53,Bhind,Gujarat,India,2025-08-12,Regular
2162,Aradhana,Andra,Male,64,Secunderabad,Gujarat,India,2025-12-21,Regular
2163,Yahvi,Kade,Male,27,Loni,Delhi,India,2025-01-13,Premium
2164,Yochana,Bhatnagar,Female,38,Saharanpur,Andhra Pradesh,India,2024-09-15,Premium
2165,Harinakshi,Sharaf,Male,61,Alwar,Andhra Pradesh,India,2024-04-16,Regular
2166,Meera,Bir,Female,32,Gandhinagar,Telangana,India,2025-09-22,Regular
2167,Pranit,Tripathi,Male,69,Bikaner,West Bengal,India,2024-06-20,VIP
2168,Ijaya,Raval,Male,38,Ranchi,Karnataka,India,2021-12-18,Premium
2169,Nathan,Kata,Male,55,Aligarh,Andhra Pradesh,India,2025-12-17,Premium
2170,Vamakshi,Naik,Female,55,Patiala,Rajasthan,India,2022-08-11,VIP
2171,Owen,Rajagopalan,Female,25,Rajkot,Telangana,India,2022-03-29,Regular
2172,Zashil,Contractor,Male,55,Srinagar,Delhi,India,2025-06-20,VIP
2173,Kavya,Balan,Female,38,Pondicherry,West Bengal,India,2022-08-18,Premium
2174,Shivani,Purohit,Female,48,Chapra,Karnataka,India,2026-06-12,Regular
2175,Ryan,Hayre,Male,65,Pallavaram,Rajasthan,India,2025-06-08,VIP
2176,Bhavika,Kar,Female,43,Nanded,Andhra Pradesh,India,2025-05-28,Regular
2177,Rehaan,Chadha,Female,33,Jalandhar,Maharashtra,India,2023-06-12,Regular
2178,Bahadurjit,Dey,Female,54,Karimnagar,Gujarat,India,2025-03-08,VIP
2179,Ekbal,Oak,Male,58,Dehri,West Bengal,India,2025-12-07,Regular
2180,Ranveer,Johal,Female,55,Orai,Gujarat,India,2024-09-15,VIP
2181,Ishanvi,Devi,Female,50,Bahraich,Rajasthan,India,2025-05-08,Regular
2182,Krisha,Bobal,Male,44,Warangal,West Bengal,India,2026-02-11,Regular
2183,Chanchal,Chaudhuri,Female,46,Panchkula,Tamil Nadu,India,2023-09-04,Regular
2184,Charan,Zachariah,Male,45,Lucknow,West Bengal,India,2023-08-15,VIP
2185,Bimala,Krishnamurthy,Male,22,Secunderabad,Andhra Pradesh,India,2022-04-17,VIP
2186,Nakul,Mani,Female,53,Deoghar,Rajasthan,India,2026-08-10,VIP
2187,Wyatt,Vasa,Female,63,Silchar,Karnataka,India,2022-03-12,Regular
2188,Indrajit,Sinha,Male,44,Ludhiana,Telangana,India,2021-12-27,VIP
2189,Hamsini,Sama,Female,59,Kollam,Maharashtra,India,2024-07-23,Regular
2190,Daniel,Dewan,Female,20,Motihari,Gujarat,India,2024-07-08,Regular
2191,David,Keer,Female,23,Srinagar,Delhi,India,2026-07-05,Premium
2192,Balendra,Pal,Female,35,Erode,Kerala,India,2022-05-26,Premium
2193,Varenya,Dayal,Female,39,Kalyan-Dombivli,Delhi,India,2022-08-07,VIP
2194,Balendra,Taneja,Female,65,Etawah,Maharashtra,India,2025-05-20,Regular
2195,Vanya,Mitter,Male,34,Jaipur,Telangana,India,2022-03-08,Regular
2196,Atharv,Hayre,Female,62,Surat,Rajasthan,India,2026-05-31,VIP
2197,Vasatika,Ben,Male,63,Burhanpur,Kerala,India,2022-10-12,VIP
2198,Qushi,Sane,Female,39,Bhiwandi,Andhra Pradesh,India,2025-06-09,Regular
2199,Jacob,Pillai,Male,41,Jammu,Andhra Pradesh,India,2024-08-19,VIP
2200,Rajeshri,Bhardwaj,Female,45,Ahmednagar,Maharashtra,India,2022-06-30,VIP
2201,Advaith,Karan,Male,68,Jorhat,Gujarat,India,2026-07-18,VIP
2202,Chakradev,Aurora,Female,32,Howrah,Rajasthan,India,2022-05-14,Premium
2203,Dakshesh,Date,Male,18,Bokaro,Andhra Pradesh,India,2024-02-12,VIP
2204,Caleb,Murthy,Female,60,Madanapalle,Delhi,India,2023-10-16,VIP
2205,Brinda,Dayal,Male,27,Nangloi Jat,Karnataka,India,2022-10-03,Premium
2206,Faraj,Bose,Male,58,Tinsukia,Andhra Pradesh,India,2023-06-19,Premium
2207,Warda,Parikh,Male,24,Raiganj,Kerala,India,2024-04-15,VIP
2208,Jeevika,Master,Female,24,Hajipur,Telangana,India,2023-12-28,Premium
2209,Eiravati,Thakur,Male,54,Meerut,Karnataka,India,2024-08-29,Regular
2210,Nirja,Sunder,Male,24,Vijayawada,Maharashtra,India,2023-06-12,Premium
2211,Laksh,Verma,Male,53,Farrukhabad,Telangana,India,2026-06-02,VIP
2212,Shivansh,Das,Female,47,Ajmer,Gujarat,India,2022-01-07,Regular
2213,Wahab,Sarraf,Male,42,Raipur,Andhra Pradesh,India,2021-11-23,VIP
2214,Wishi,Bandi,Male,22,Alwar,Tamil Nadu,India,2024-12-24,Premium
2215,Charita,Chad,Female,60,Alwar,Maharashtra,India,2024-12-23,Regular
2216,Warhi,Bahl,Male,53,Yamunanagar,Maharashtra,India,2025-06-28,Regular
2217,Chaitanya,Kapur,Female,67,Nadiad,Rajasthan,India,2023-04-13,Premium
2218,Raagini,Walia,Female,19,Farrukhabad,Delhi,India,2021-12-24,VIP
2219,Ijaya,Bal,Male,56,Firozabad,Gujarat,India,2023-07-22,Premium
2220,Ayaan,Om,Male,34,Purnia,Tamil Nadu,India,2022-03-14,Regular
2221,Ikbal,Rama,Male,31,Deoghar,Telangana,India,2025-08-28,Regular
2222,Panini,Venkataraman,Female,69,Ujjain,Telangana,India,2024-12-15,VIP
2223,Unni,Khanna,Female,56,Kanpur,Andhra Pradesh,India,2024-02-07,VIP
2224,Anusha,Chada,Male,37,Hosur,Karnataka,India,2024-03-25,VIP
2225,Geetika,Rana,Male,36,Tadepalligudem,Delhi,India,2024-01-18,Premium
2226,Janaki,Luthra,Female,21,Narasaraopet,Kerala,India,2021-10-26,Premium
2227,Jeet,Mohanty,Male,29,Bilaspur,Tamil Nadu,India,2023-03-27,Regular
2228,Sachi,Shere,Male,59,Gandhidham,Andhra Pradesh,India,2021-10-15,VIP
2229,Unnati,Bansal,Male,22,Nangloi Jat,Andhra Pradesh,India,2026-06-13,Regular
2230,Tejas,Rege,Male,50,Adoni,Maharashtra,India,2022-05-23,Premium
2231,Aradhana,Murthy,Male,46,Gandhidham,Karnataka,India,2023-03-30,Premium
2232,Aarna,Majumdar,Male,32,Shimla,Gujarat,India,2022-10-18,Premium
2233,Utkarsh,Ghosh,Male,32,Tadipatri,Maharashtra,India,2022-02-19,Premium
2234,Viraj,Contractor,Female,66,Udaipur,Kerala,India,2026-01-09,VIP
2235,Ria,Nadig,Female,20,Begusarai,Tamil Nadu,India,2023-08-27,Premium
2236,Darsh,Lad,Female,59,Pune,Gujarat,India,2024-09-19,Regular
2237,Chaitanya,Keer,Female,35,Moradabad,Andhra Pradesh,India,2022-05-16,VIP
2238,Yashica,Sawhney,Female,65,Sasaram,Rajasthan,India,2022-05-16,Regular
2239,Warjas,Jani,Female,30,Aurangabad,Maharashtra,India,2024-11-14,VIP
2240,Ojasvi,Bora,Female,50,Ichalkaranji,Maharashtra,India,2022-12-06,Regular
2241,Aryan,Narain,Female,61,Thanjavur,Karnataka,India,2025-03-09,Regular
2242,Kavya,Singhal,Female,22,Ludhiana,Rajasthan,India,2023-01-29,Premium
2243,Jyoti,Basu,Female,50,Jalgaon,Tamil Nadu,India,2021-12-06,Premium
2244,Hitesh,Kakar,Female,29,Sasaram,Tamil Nadu,India,2026-01-13,Premium
2245,Hemangini,Kale,Male,47,Ballia,Rajasthan,India,2021-12-28,Premium
2246,Mason,Raj,Female,20,Solapur,Maharashtra,India,2023-08-16,Regular
2247,Yahvi,Sahota,Male,30,Dehri,Kerala,India,2022-02-24,VIP
2248,Urmi,Vohra,Male,40,Ratlam,Rajasthan,India,2024-01-02,Premium
2249,Robert,Memon,Male,58,Ozhukarai,Karnataka,India,2023-10-13,Premium
2250,Janaki,Kashyap,Male,63,Satna,Delhi,India,2022-09-11,Premium
2251,Wridesh,Saxena,Female,61,Mirzapur,Andhra Pradesh,India,2022-05-23,VIP
2252,Indira,Tiwari,Male,42,Mirzapur,Karnataka,India,2025-10-31,Regular
2253,Victor,Sen,Female,24,Berhampur,Gujarat,India,2026-07-22,Premium
2254,Jeremiah,Yogi,Male,20,Vellore,Tamil Nadu,India,2022-11-21,Premium
2255,Abha,Mangat,Male,41,Satara,Delhi,India,2022-09-19,Premium
2256,Finn,Rege,Male,66,Dibrugarh,Andhra Pradesh,India,2022-12-23,Regular
2257,Warda,Hora,Female,19,Malda,Kerala,India,2021-11-05,Premium
2258,Ojas,Dara,Female,35,Firozabad,Delhi,India,2026-06-07,Premium
2259,Upma,Chaudhuri,Female,39,Visakhapatnam,Delhi,India,2025-05-20,VIP
2260,Arjun,Ganesan,Female,67,Mira-Bhayandar,West Bengal,India,2026-02-03,Premium
2261,Lipika,Sami,Male,64,Warangal,Rajasthan,India,2025-02-18,VIP
2262,Wyatt,Memon,Female,57,Naihati,Rajasthan,India,2024-07-29,VIP
2263,Hritik,Bath,Male,28,Raichur,West Bengal,India,2025-07-13,VIP
2264,Nilima,Sengupta,Male,44,Ramagundam,West Bengal,India,2025-10-09,Premium
2265,Krish,Goswami,Male,36,Saharanpur,Karnataka,India,2021-10-12,Premium
2266,Kala,Setty,Male,56,Pondicherry,Rajasthan,India,2025-06-11,Regular
2267,Patrick,Trivedi,Male,54,Jalandhar,Tamil Nadu,India,2023-09-09,Regular
2268,Chameli,Tak,Male,33,Nashik,Kerala,India,2026-07-06,VIP
2269,Zarna,Vohra,Female,49,Baranagar,West Bengal,India,2024-06-16,Regular
2270,Leena,Nagar,Female,45,Asansol,Delhi,India,2022-01-26,Regular
2271,Shivansh,Sani,Male,43,Ramgarh,Delhi,India,2024-05-21,Premium
2272,Hardik,Palan,Male,30,Dehradun,Telangana,India,2022-09-21,VIP
2273,Bhavna,Mahal,Male,50,Bahraich,Karnataka,India,2023-08-13,Premium
2274,Omkaar,Mani,Male,47,Medininagar,Andhra Pradesh,India,2022-08-13,Regular
2275,Vincent,Mallick,Male,50,Jalandhar,Andhra Pradesh,India,2023-06-22,Regular
2276,Yashoda,Ganguly,Male,55,Khora ,Karnataka,India,2022-01-19,Regular
2277,Robert,Ahuja,Female,63,Indore,Karnataka,India,2024-11-09,Premium
2278,Samar,Manda,Female,41,Raiganj,Karnataka,India,2026-02-22,VIP
2279,Jonathan,Setty,Male,25,Bhubaneswar,Andhra Pradesh,India,2022-09-25,Regular
2280,Sai,Sankaran,Male,46,Firozabad,Andhra Pradesh,India,2022-06-14,Premium
2281,Laksh,Mallick,Female,39,Raichur,Gujarat,India,2022-05-21,Premium
2282,Tristan,Borde,Female,56,Sangli-Miraj & Kupwad,Tamil Nadu,India,2026-01-10,Premium
2283,Gautami,Majumdar,Female,68,Anand,Kerala,India,2022-05-06,VIP
2284,Divya,Barad,Female,67,Salem,Rajasthan,India,2026-02-23,Regular
2285,Eesha,Gupta,Male,58,Bangalore,Andhra Pradesh,India,2023-10-22,Regular
2286,Laksh,Puri,Male,26,Thiruvananthapuram,Maharashtra,India,2023-12-21,Premium
2287,Upma,Doshi,Male,30,Gaya,Karnataka,India,2025-12-09,VIP
2288,Barkha,Deep,Female,51,Hubli–Dharwad,Tamil Nadu,India,2026-02-08,Premium
2289,Tanish,Aggarwal,Male,59,Jabalpur,West Bengal,India,2025-11-20,VIP
2290,Sathvik,Gokhale,Female,65,Gurgaon,Telangana,India,2023-12-14,VIP
2291,Lajita,Keer,Male,35,Karawal Nagar,Kerala,India,2026-03-24,Regular
2292,Pranit,Mital,Female,29,Jalna,Delhi,India,2025-11-03,VIP
2293,Vrishti,Ramanathan,Male,47,Tinsukia,Maharashtra,India,2025-10-21,Regular
2294,Chakrika,Char,Male,44,Gorakhpur,Karnataka,India,2024-02-27,Regular
2295,Oni,Sekhon,Male,19,Shahjahanpur,Delhi,India,2025-04-30,Regular
2296,Jack,Goda,Female,65,Imphal,West Bengal,India,2022-09-05,VIP
2297,Idika,Rao,Female,53,Karawal Nagar,Kerala,India,2025-11-15,Premium
2298,Nisha,Keer,Female,46,Ramagundam,Tamil Nadu,India,2023-12-29,Premium
2299,Yashica,Kale,Male,48,Ghaziabad,Andhra Pradesh,India,2026-06-30,Regular
2300,Ekantika,Lal,Male,33,Bulandshahr,Andhra Pradesh,India,2025-01-15,Regular
2301,Riya,Sandal,Female,49,Bhilwara,Tamil Nadu,India,2022-03-06,Premium
2302,Amrita,Sunder,Female,40,Sonipat,Karnataka,India,2022-02-06,Premium
2303,Darika,Sem,Male,68,Korba,West Bengal,India,2026-08-01,Premium
2304,Ojas,Wason,Male,20,Bhubaneswar,Andhra Pradesh,India,2024-07-08,Premium
2305,Kai,Zacharia,Female,42,Jaipur,Telangana,India,2024-12-09,Regular
2306,Gautam,Nath,Male,43,Begusarai,Karnataka,India,2022-04-03,Regular
2307,Chandran,Venkataraman,Female,40,Mirzapur,Delhi,India,2026-04-08,Regular
2308,Rushil,Dugar,Male,38,Berhampur,Andhra Pradesh,India,2024-03-07,VIP
2309,Neel,Prakash,Female,61,Haridwar,Maharashtra,India,2023-07-19,Regular
2310,Yuvraj,Arya,Male,57,Jaipur,Andhra Pradesh,India,2026-03-11,VIP
2311,Harsh,Thaker,Female,56,Shivpuri,Karnataka,India,2022-01-27,Premium
2312,Naksh,Mandal,Female,40,Nagpur,Delhi,India,2023-09-02,Regular
2313,Yug,Bandi,Male,28,Amravati,Delhi,India,2024-12-04,VIP
2314,Nandini,Deep,Male,66,Guwahati,Karnataka,India,2022-05-13,VIP
2315,Ethan,Thaman,Male,56,Jaipur,Delhi,India,2021-11-02,VIP
2316,Max,Chandran,Female,48,Jammu,Kerala,India,2024-05-14,Regular
2317,Ekiya,Sandal,Female,57,Barasat,Rajasthan,India,2024-01-17,VIP
2318,Tara,Jain,Male,19,Bilaspur,Kerala,India,2026-08-13,Regular
2319,Urishilla,Puri,Male,22,Haldia,Maharashtra,India,2022-07-04,Regular
2320,Tristan,Ray,Male,46,Karawal Nagar,Maharashtra,India,2024-02-18,VIP
2321,Yashawini,Konda,Male,55,Pune,Maharashtra,India,2025-12-10,Premium
2322,Meera,Pradhan,Male,19,Bidhannagar,Rajasthan,India,2023-08-15,Premium
2323,Aryan,Ranganathan,Female,58,Amroha,Rajasthan,India,2024-11-09,VIP
2324,Vansha,Chopra,Male,18,Thoothukudi,Tamil Nadu,India,2022-12-08,Regular
2325,Fiyaz,Chandran,Male,36,Dhule,Rajasthan,India,2025-11-17,Regular
2326,Zaid,Chacko,Male,52,Sambhal,Delhi,India,2025-09-28,Premium
2327,Viraj,Bhargava,Female,56,Nizamabad,Rajasthan,India,2025-03-20,VIP
2328,Deepa,Nazareth,Female,20,Vadodara,Delhi,India,2024-06-12,VIP
2329,Niharika,Ahluwalia,Male,41,Bhagalpur,West Bengal,India,2026-07-01,Premium
2330,Vrinda,Tata,Male,25,Noida,West Bengal,India,2024-06-13,Premium
2331,Triya,Subramanian,Female,33,Vasai-Virar,Karnataka,India,2025-05-02,Regular
2332,Faras,Prashad,Male,59,Ahmedabad,Kerala,India,2023-02-03,Regular
2333,Zinal,Dara,Female,49,Davanagere,West Bengal,India,2025-06-08,VIP
2334,Ishaan,Barad,Female,26,Shimla,West Bengal,India,2023-03-02,Premium
2335,Vidhi,Dey,Male,67,Silchar,Karnataka,India,2021-10-16,VIP
2336,Chaman,Dalal,Female,66,Durg,Delhi,India,2024-01-08,Premium
2337,Ekantika,Prabhu,Female,58,Ajmer,Andhra Pradesh,India,2024-03-07,Premium
2338,Samarth,Prabhu,Male,35,Chittoor,Kerala,India,2025-08-26,Premium
2339,Shivansh,Narayanan,Male,33,Dehradun,Tamil Nadu,India,2026-03-05,Premium
2340,Urvi,Anne,Female,46,Erode,Kerala,India,2023-03-28,Regular
2341,Mason,Singhal,Female,32,Kolkata,Telangana,India,2024-05-13,Regular
2342,Raghav,Iyengar,Male,38,Siwan,Telangana,India,2025-08-12,VIP
2343,Ganga,Chandra,Male,60,Bhind,Telangana,India,2023-01-17,Premium
2344,Ekalinga,Palla,Female,46,Hapur,Maharashtra,India,2021-10-31,Premium
2345,Reyansh,Maharaj,Male,56,Purnia,West Bengal,India,2024-04-24,Regular
2346,Jhalak,Rau,Female,40,Kishanganj,Telangana,India,2026-04-25,VIP
2347,Samaksh,Brahmbhatt,Female,35,Kota,Rajasthan,India,2023-07-22,Regular
2348,Ati,Gokhale,Female,34,Phusro,Tamil Nadu,India,2022-08-01,VIP
2349,Jonathan,Vig,Female,52,Bathinda,West Bengal,India,2026-08-11,Regular
2350,Aradhana,Solanki,Female,37,Gulbarga,Rajasthan,India,2021-09-26,Premium
2351,Vincent,Kalita,Female,41,Srikakulam,Delhi,India,2022-12-17,VIP
2352,Luke,Gala,Male,33,Mumbai,Andhra Pradesh,India,2024-06-18,Regular
2353,Faras,Ben,Male,47,Sasaram,Telangana,India,2025-06-15,VIP
2354,Pavani,Sodhi,Female,52,Barasat,Andhra Pradesh,India,2025-12-20,Premium
2355,Jacob,Khosla,Female,52,Burhanpur,Telangana,India,2024-12-28,Regular
2356,Urvi,Pant,Female,60,Nagaon,Maharashtra,India,2024-05-29,Regular
2357,Farhan,Kala,Female,58,Alwar,Gujarat,India,2022-12-05,VIP
2358,Rajeshri,Sathe,Female,42,Chandrapur,Karnataka,India,2022-09-26,Regular
2359,Radhika,Pall,Female,55,Nagpur,Tamil Nadu,India,2024-10-28,Premium
2360,Unnati,Pal,Male,50,Kakinada,Kerala,India,2026-06-23,Regular
2361,Rayaan,Raja,Male,23,Mangalore,Karnataka,India,2021-10-21,VIP
2362,Rohan,Sathe,Male,62,Hajipur,Andhra Pradesh,India,2023-05-16,Regular
2363,Abdul,Mukherjee,Female,24,Bareilly,Andhra Pradesh,India,2024-11-07,VIP
2364,Zehaan,Thakkar,Female,48,Medininagar,Andhra Pradesh,India,2024-01-14,Regular
2365,Bahadurjit,Maharaj,Female,57,Sikar,Maharashtra,India,2022-02-01,Premium
2366,Zehaan,Mahal,Female,41,Aurangabad,Gujarat,India,2021-12-21,VIP
2367,Urishilla,Sha,Male,49,Malegaon,Maharashtra,India,2025-09-27,Premium
2368,Hemang,Barad,Female,35,Bhopal,Delhi,India,2023-01-06,Premium
2369,Peter,Deep,Male,52,Gurgaon,West Bengal,India,2022-09-24,Premium
2370,Daksh,Sawhney,Female,39,Satara,Tamil Nadu,India,2022-07-17,Premium
2371,Arunima,Hari,Male,45,Thoothukudi,Tamil Nadu,India,2024-05-28,VIP
2372,Omkaar,Peri,Male,28,Sambhal,Telangana,India,2025-04-03,VIP
2373,Darsh,Bhattacharyya,Female,47,Orai,Kerala,India,2022-12-20,VIP
2374,Amara,Chacko,Female,32,Raiganj,Delhi,India,2022-02-03,Regular
2375,Anya,Issac,Male,46,Malegaon,Karnataka,India,2021-09-28,VIP
2376,Deepa,Mahal,Female,61,Kochi,Karnataka,India,2024-08-13,VIP
2377,Unnati,Chadha,Female,21,Hubli–Dharwad,Gujarat,India,2022-09-14,Premium
2378,Gautam,Gopal,Female,40,Gaya,Andhra Pradesh,India,2024-05-31,VIP
2379,Anmol,Gara,Male,45,Bellary,West Bengal,India,2024-11-24,Premium
2380,Triveni,Bumb,Male,25,Aizawl,Delhi,India,2023-05-04,Premium
2381,Kevin,Mukherjee,Male,67,Nadiad,Gujarat,India,2024-02-26,Premium
2382,Pranav,Mallick,Male,26,Buxar,Tamil Nadu,India,2024-05-25,VIP
2383,Odika,Kara,Male,61,Darbhanga,Tamil Nadu,India,2023-05-29,Regular
2384,Peter,Merchant,Male,31,Gandhidham,West Bengal,India,2023-12-18,VIP
2385,George,Suri,Male,42,Adoni,Delhi,India,2024-10-21,Premium
2386,Ikshita,Virk,Male,32,Tirunelveli,Tamil Nadu,India,2022-01-10,Premium
2387,Lekha,Dugal,Male,69,Raebareli,Karnataka,India,2024-08-30,VIP
2388,Bhavya,Johal,Male,22,Ambala,Maharashtra,India,2026-05-28,Premium
2389,Amruta,Chana,Female,26,Rampur,Rajasthan,India,2023-07-28,VIP
2390,Unni,Lal,Male,54,Bhiwandi,Delhi,India,2026-02-10,Premium
2391,Quincy,Soman,Female,50,Bhind,West Bengal,India,2024-06-17,VIP
2392,Kashish,Purohit,Male,34,North Dumdum,Karnataka,India,2022-08-09,Premium
2393,Jagrati,Anand,Female,31,Bidar,Tamil Nadu,India,2025-10-04,Regular
2394,Gaurika,Nayar,Female,19,Gaya,Kerala,India,2024-10-04,Regular
2395,Damini,Gaba,Male,49,Bongaigaon,Kerala,India,2023-04-19,Premium
2396,Anthony,Sarna,Female,31,Guntakal,Telangana,India,2026-08-12,Premium
2397,Radhika,Rastogi,Female,68,Latur,West Bengal,India,2023-11-11,Premium
2398,Kashvi,Nazareth,Male,35,Rewa,West Bengal,India,2024-04-07,Regular
2399,Banjeet,Kaur,Female,41,Bidar,Gujarat,India,2025-05-03,Premium
2400,Amruta,Rattan,Female,64,Ujjain,Gujarat,India,2026-01-26,Premium
2401,Ojas,Mital,Female,18,Tezpur,Karnataka,India,2022-11-25,Regular
2402,Kalpit,Nath,Male,45,Mysore,West Bengal,India,2024-05-05,VIP
2403,Lohit,Pal,Male,38,Tenali,Karnataka,India,2023-02-13,VIP
2404,Triveni,Acharya,Female,59,Kollam,Tamil Nadu,India,2023-03-06,Regular
2405,Charvi,Mohanty,Female,45,Udaipur,Karnataka,India,2023-09-21,Premium
2406,Samar,Sarkar,Female,45,Sambalpur,West Bengal,India,2023-01-09,Premium
2407,Kavya,Ahluwalia,Female,62,Kozhikode,Delhi,India,2024-08-23,VIP
2408,Harish,Sinha,Female,22,Rajpur Sonarpur,Telangana,India,2025-09-24,Regular
2409,Krisha,Sheth,Female,47,Jalandhar,West Bengal,India,2025-01-04,VIP
2410,Kabir,Nadkarni,Male,64,Silchar,Andhra Pradesh,India,2024-06-30,Regular
2411,Barkha,Samra,Male,51,Deoghar,Kerala,India,2022-04-28,VIP
2412,Idika,Suresh,Female,45,Korba,Kerala,India,2023-03-25,Premium
2413,Wahab,Pillay,Male,45,Mau,Delhi,India,2025-12-23,Premium
2414,Aarav,Rao,Female,21,Berhampur,Andhra Pradesh,India,2022-11-20,Premium
2415,Xalak,Guha,Female,65,Rajpur Sonarpur,Rajasthan,India,2024-04-13,VIP
2416,Radhika,Chander,Female,45,Yamunanagar,Delhi,India,2023-03-30,VIP
2417,Pavani,Dora,Female,48,Bijapur,Andhra Pradesh,India,2025-01-01,Premium
2418,Vasana,Banerjee,Female,36,Bidar,West Bengal,India,2023-03-29,VIP
2419,Nihal,Rao,Male,24,Kirari Suleman Nagar,Kerala,India,2022-06-01,Regular
2420,Hiral,Chaudhuri,Male,63,Ahmedabad,Karnataka,India,2023-01-30,Premium
2421,Eiravati,Dave,Male,26,Malda,Tamil Nadu,India,2021-10-24,Premium
2422,Vedika,Ratti,Male,65,Meerut,Andhra Pradesh,India,2024-04-16,Regular
2423,Pavani,Kuruvilla,Female,31,Mahbubnagar,Rajasthan,India,2025-07-17,VIP
2424,Yadavi,Pradhan,Male,32,Thanjavur,West Bengal,India,2026-04-07,Premium
2425,Janya,Choudhury,Male,21,Khandwa,Tamil Nadu,India,2026-03-27,VIP
2426,Leela,Buch,Male,45,Chennai,Delhi,India,2024-07-31,VIP
2427,Aarna,Hora,Male,31,Raebareli,Telangana,India,2022-02-15,Premium
2428,Ucchal,Manda,Male,47,Bhilai,Gujarat,India,2025-11-17,VIP
2429,Triveni,Peri,Male,58,Khora ,Karnataka,India,2024-11-08,VIP
2430,Zayyan,Sandal,Female,19,Sagar,Gujarat,India,2021-11-30,Premium
2431,Amara,Gola,Male,57,Raurkela Industrial Township,Karnataka,India,2025-04-05,Regular
2432,Anay,Sekhon,Male,19,Bihar Sharif,Telangana,India,2022-01-06,Premium
2433,Isaac,Parikh,Female,61,Katihar,Kerala,India,2025-01-30,Regular
2434,Yuvraj,Gill,Female,50,Deoghar,Gujarat,India,2022-07-08,VIP
2435,Jonathan,Dhillon,Female,62,Chinsurah,Tamil Nadu,India,2024-01-19,VIP
2436,Hemani,Shanker,Male,60,Loni,Maharashtra,India,2026-07-22,Regular
2437,Tara,Baria,Female,57,Khammam,Delhi,India,2024-11-19,Regular
2438,Balvan,Din,Female,25,Eluru,Rajasthan,India,2026-01-27,Premium
2439,Farhan,Nazareth,Female,26,Bhusawal,West Bengal,India,2025-02-14,VIP
2440,Anthony,Gour,Male,67,Vijayawada,Kerala,India,2025-05-26,VIP
2441,Jackson,Handa,Male,37,Avadi,Karnataka,India,2026-02-01,Regular
2442,Yagnesh,Bawa,Male,63,Chapra,West Bengal,India,2025-09-26,Premium
2443,Tanveer,Sarkar,Female,39,Gaya,West Bengal,India,2024-01-26,VIP
2444,Yachana,Bath,Male,52,Bokaro,Telangana,India,2024-02-20,Premium
2445,Anjali,Ahluwalia,Female,25,Dhule,Gujarat,India,2021-11-15,Regular
2446,Oeshi,Dayal,Male,45,Shimoga,West Bengal,India,2025-08-24,Premium
2447,Eesha,Chatterjee,Female,32,Kamarhati,Telangana,India,2021-11-13,Regular
2448,Ekta,Kant,Male,63,Pudukkottai,Maharashtra,India,2024-02-29,Premium
2449,Triveni,Salvi,Female,46,Hosur,Rajasthan,India,2025-01-08,Regular
2450,Vamakshi,Arora,Female,66,Mau,Delhi,India,2024-06-07,Premium
2451,Hiral,Saxena,Male,22,Surendranagar Dudhrej,Andhra Pradesh,India,2025-12-16,Premium
2452,Shivansh,Walia,Female,68,Pali,Rajasthan,India,2023-11-21,Regular
2453,Neha,Bali,Male,37,Morbi,Rajasthan,India,2026-06-27,VIP
2454,Hemani,Chacko,Female,25,Bettiah,Andhra Pradesh,India,2024-11-08,Regular
2455,Daksha,Manne,Male,58,Bidhannagar,Tamil Nadu,India,2025-09-09,VIP
2456,Ayushman,Dugal,Female,27,Nagercoil,Rajasthan,India,2026-07-09,Regular
2457,Raagini,Sagar,Male,42,Anantapuram,Gujarat,India,2026-06-12,VIP
2458,Vritti,Keer,Male,43,Siwan,Kerala,India,2022-11-01,Regular
2459,Kritika,Dasgupta,Female,21,Tenali,West Bengal,India,2023-07-28,VIP
2460,Siddharth,Choudhry,Male,69,Mangalore,Gujarat,India,2023-01-25,VIP
2461,Nandini,Rege,Male,21,Bellary,Maharashtra,India,2025-04-09,VIP
2462,Arya,Nagarajan,Female,46,Aligarh,West Bengal,India,2024-06-01,Regular
2463,Yadavi,Wason,Female,46,Kamarhati,Kerala,India,2025-02-24,VIP
2464,Warda,Shetty,Female,56,Hospet,Andhra Pradesh,India,2023-01-18,Premium
2465,Peter,Ratta,Female,43,Delhi,West Bengal,India,2026-03-30,Regular
2466,Gaurika,Shetty,Male,51,Navi Mumbai,Kerala,India,2024-12-22,VIP
2467,Omya,Sahota,Female,42,Maheshtala,West Bengal,India,2021-12-17,Regular
2468,Udarsh,Devi,Female,30,Khora ,Karnataka,India,2026-07-26,VIP
2469,Nilima,Bajaj,Male,48,Phagwara,West Bengal,India,2023-11-03,VIP
2470,Ojas,Sodhi,Male,37,Uluberia,Andhra Pradesh,India,2021-11-27,Regular
2471,Lopa,Vaidya,Male,40,Nanded,West Bengal,India,2025-08-10,Premium
2472,Jyoti,Khatri,Male,42,Chittoor,Kerala,India,2023-05-31,Regular
2473,Ekantika,Deo,Male,48,Amritsar,Delhi,India,2021-12-22,Premium
2474,Samuel,Shenoy,Male,22,Sambalpur,Rajasthan,India,2025-06-27,VIP
2475,Wyatt,Goel,Male,64,Orai,Kerala,India,2022-08-29,VIP
2476,Garima,Dutta,Female,49,Surendranagar Dudhrej,Tamil Nadu,India,2022-04-22,Premium
2477,Abhimanyu,Bali,Male,56,Saharsa,Delhi,India,2025-09-17,VIP
2478,Lekha,Bobal,Female,39,Bhilwara,West Bengal,India,2026-04-14,Regular
2479,Jai,Walla,Female,44,Bahraich,Telangana,India,2025-10-20,Premium
2480,Darpan,Master,Male,59,Thane,West Bengal,India,2024-10-20,VIP
2481,Mugdha,Vaidya,Female,59,Haldia,Telangana,India,2022-10-08,VIP
2482,Hemang,Dhingra,Female,46,Adoni,Karnataka,India,2022-08-31,Regular
2483,Omkaar,Peri,Female,36,Sonipat,West Bengal,India,2022-12-03,Premium
2484,Xavier,Subramanian,Female,46,Bilaspur,Rajasthan,India,2022-07-16,Premium
2485,Forum,Borah,Male,61,Pallavaram,Kerala,India,2023-10-18,Regular
2486,Abha,Oommen,Male,26,Raiganj,Kerala,India,2024-07-11,Premium
2487,Shravya,Kuruvilla,Female,29,Hindupur,Rajasthan,India,2022-01-07,VIP
2488,Logan,Divan,Female,32,Indore,Gujarat,India,2023-08-05,Premium
2489,Kamala,Patil,Female,60,Aizawl,Maharashtra,India,2023-01-22,VIP
2490,Dalaja,Soman,Female,55,Durg,West Bengal,India,2023-01-10,Premium
2491,Kabir,Din,Male,22,Yamunanagar,Karnataka,India,2023-11-26,Regular
2492,Vedant,Bala,Female,43,Ballia,Maharashtra,India,2024-04-16,Premium
2493,Manbir,Arora,Male,60,Bharatpur,Andhra Pradesh,India,2026-01-15,Regular
2494,Zansi,Ravi,Female,45,Tadipatri,Gujarat,India,2023-03-01,VIP
2495,Hemangini,Dugal,Female,22,Nagaon,Kerala,India,2024-11-24,Regular
2496,Kritika,Sundaram,Female,46,Loni,Gujarat,India,2025-10-24,Premium
2497,Parth,Sule,Female,25,Kanpur,Maharashtra,India,2022-04-07,VIP
2498,Hema,Kar,Female,56,Tiruppur,Delhi,India,2023-08-15,Premium
2499,Mason,Mall,Female,28,Thiruvananthapuram,Gujarat,India,2024-09-29,Regular
2500,Wishi,Sharaf,Male,61,Loni,Karnataka,India,2023-08-28,Premium
2501,Samaksh,Patla,Male,66,Silchar,Gujarat,India,2022-07-22,Premium
2502,Forum,Tripathi,Male,63,Gopalpur,West Bengal,India,2026-06-02,VIP
2503,Fariq,Bhalla,Female,42,Tezpur,Tamil Nadu,India,2026-02-28,VIP
2504,Yug,Konda,Female,37,South Dumdum,Karnataka,India,2023-10-19,Regular
2505,Vedant,Shan,Female,61,Thane,Telangana,India,2023-12-22,VIP
2506,Arunima,Chand,Female,52,Rajkot,Maharashtra,India,2022-11-03,Premium
2507,Chavvi,Bhat,Male,61,Ambattur,Telangana,India,2023-10-15,VIP
2508,Vansha,Shetty,Male,49,Jorhat,Andhra Pradesh,India,2022-02-23,VIP
2509,Eiravati,Bora,Female,23,Morena,Rajasthan,India,2022-09-14,Premium
2510,Riya,Chacko,Male,51,Davanagere,Maharashtra,India,2022-07-25,Regular
2511,Tanveer,Sur,Male,57,Jehanabad,West Bengal,India,2021-10-17,Premium
2512,Qushi,Choudhury,Female,38,Jammu,West Bengal,India,2025-08-05,VIP
2513,Aadi,Krishnamurthy,Male,35,Ghaziabad,Delhi,India,2024-01-07,VIP
2514,Waida,Goda,Female,36,Guna,Gujarat,India,2025-10-28,Premium
2515,Yoshita,Mander,Female,65,Bilaspur,Kerala,India,2026-03-29,Regular
2516,Yuvraj,Om,Male,29,Kishanganj,Andhra Pradesh,India,2025-12-28,VIP
2517,Dayamai,Sarraf,Female,18,South Dumdum,Telangana,India,2025-11-10,Regular
2518,Abeer,Nagar,Male,69,Shimla,West Bengal,India,2023-02-06,VIP
2519,Praneel,Bhatti,Male,24,Avadi,Andhra Pradesh,India,2022-07-08,Regular
2520,Saanvi,Oommen,Male,47,Jammu,Kerala,India,2022-08-21,Regular
2521,Vincent,Kala,Male,41,Orai,Rajasthan,India,2024-04-23,VIP
2522,Ekaja,Wali,Male,21,Kota,Maharashtra,India,2024-04-07,Regular
2523,Shivansh,Dubey,Male,40,Sangli-Miraj & Kupwad,Tamil Nadu,India,2023-05-07,Premium
2524,Meghana,Garg,Male,56,Phagwara,West Bengal,India,2023-01-19,Regular
2525,Eshana,Varty,Female,51,Hindupur,Kerala,India,2025-04-05,VIP
2526,Amruta,Karnik,Male,46,Chittoor,Karnataka,India,2024-04-18,VIP
2527,Kamala,Dhillon,Male,28,Thoothukudi,Karnataka,India,2024-09-21,VIP
2528,Divya,Sengupta,Female,28,Khandwa,Karnataka,India,2026-07-04,Regular
2529,Maya,Sahni,Female,56,Sambhal,Delhi,India,2022-03-08,Regular
2530,Nilima,Pandya,Male,61,Sirsa,Tamil Nadu,India,2024-01-17,VIP
2531,Anirudh,Jain,Female,25,Bardhaman,Delhi,India,2024-03-21,Premium
2532,Kashvi,Bajwa,Male,28,Purnia,West Bengal,India,2024-12-19,Premium
2533,Eshana,Iyengar,Male,43,Tadipatri,Kerala,India,2025-12-28,Regular
2534,Ria,Mahal,Male,36,Aurangabad,Gujarat,India,2023-10-13,VIP
2535,Naveen,Nanda,Male,60,Guntakal,Kerala,India,2025-09-16,Premium
2536,Chakradhar,Ramakrishnan,Male,21,Kulti,Andhra Pradesh,India,2024-02-05,Premium
2537,Keya,Bhargava,Male,54,Pimpri-Chinchwad,Kerala,India,2024-08-17,Regular
2538,Anya,Yogi,Male,50,Bahraich,Telangana,India,2024-02-18,VIP
2539,Indrajit,Sodhi,Female,35,Srinagar,Andhra Pradesh,India,2024-06-22,VIP
2540,Odika,Doshi,Male,18,Giridih,Delhi,India,2024-04-03,Regular
2541,Ryan,Chakrabarti,Female,20,Sambalpur,Karnataka,India,2024-07-02,Regular
2542,Abha,Wali,Female,48,Lucknow,Telangana,India,2022-11-28,VIP
2543,Ekansh,Murthy,Female,46,Amroha,Maharashtra,India,2023-07-17,Regular
2544,Qarin,Nagi,Female,34,Ambattur,Gujarat,India,2025-08-19,Regular
2545,Janaki,Nath,Male,19,Rampur,Kerala,India,2023-11-20,Premium
2546,Arin,Dey,Male,21,Bulandshahr,Maharashtra,India,2025-05-07,Premium
2547,Meghana,Sur,Female,38,Dehri,Gujarat,India,2022-03-24,Regular
2548,Yauvani,Prakash,Male,42,Buxar,Andhra Pradesh,India,2025-06-07,VIP
2549,Azad,Thaman,Male,37,Siwan,Telangana,India,2025-11-24,Premium
2550,Barkha,Nath,Female,53,Aurangabad,Telangana,India,2026-07-10,Regular
2551,George,Chowdhury,Female,33,Anand,West Bengal,India,2022-06-17,Regular
2552,Upadhriti,Halder,Female,25,Chinsurah,West Bengal,India,2024-01-26,VIP
2553,Udyati,Seth,Male,36,Bathinda,Telangana,India,2022-05-02,Premium
2554,Qabil,Nori,Male,39,Dehri,Andhra Pradesh,India,2025-05-23,Premium
2555,Ansh,Ratti,Female,63,Chennai,Telangana,India,2025-01-11,VIP
2556,Anirudh,Anand,Male,50,North Dumdum,Delhi,India,2025-05-07,Premium
2557,Matthew,Lad,Male,44,Bhimavaram,Rajasthan,India,2024-06-28,Premium
2558,Tanvi,Iyer,Female,20,Gangtok,Tamil Nadu,India,2023-01-05,VIP
2559,Ranbir,Divan,Male,47,Aizawl,Tamil Nadu,India,2023-04-05,VIP
2560,Harrison,Bal,Female,29,Warangal,Telangana,India,2026-04-22,Regular
2561,Ijaya,Biswas,Male,40,Satna,Maharashtra,India,2023-09-02,VIP
2562,Sathvik,Jaggi,Male,51,Ujjain,Andhra Pradesh,India,2025-04-28,Premium
2563,Anika,Kaul,Male,23,Raichur,Maharashtra,India,2021-12-11,VIP
2564,Laksh,Sarraf,Male,40,Gandhinagar,Andhra Pradesh,India,2021-12-05,Regular
2565,Sachi,Joshi,Male,54,Dhanbad,Gujarat,India,2025-07-07,Regular
2566,Reva,Rastogi,Female,67,Tiruppur,Gujarat,India,2024-12-13,Regular
2567,Jeet,Chander,Female,42,Guna,Andhra Pradesh,India,2026-08-19,VIP
2568,Zaitra,Dara,Female,65,Bhagalpur,Gujarat,India,2022-09-26,Regular
2569,Vrinda,Parmar,Female,52,Vijayanagaram,Andhra Pradesh,India,2023-05-04,Regular
2570,Shivansh,Chana,Female,63,Morena,Maharashtra,India,2023-11-20,Premium
2571,Yashoda,Choudhury,Female,55,Pune,Andhra Pradesh,India,2021-10-10,Premium
2572,Lajita,Salvi,Male,24,Salem,Maharashtra,India,2024-09-23,VIP
2573,Jalsa,Mukherjee,Male,30,Raebareli,Karnataka,India,2024-04-09,Regular
2574,Veer,Chad,Female,41,Chittoor,Rajasthan,India,2021-11-06,VIP
2575,Anvi,Naik,Male,58,Ajmer,Andhra Pradesh,India,2023-10-31,Premium
2576,Peter,Andra,Female,32,Kadapa,Tamil Nadu,India,2023-01-14,VIP
2577,Logan,Singhal,Male,23,Ghaziabad,Tamil Nadu,India,2023-07-01,VIP
2578,Chaaya,Prabhu,Male,32,Sangli-Miraj & Kupwad,Maharashtra,India,2025-04-12,Premium
2579,Orinder,Ghosh,Female,64,Bokaro,Rajasthan,India,2024-10-26,Premium
2580,Imaran,Gaba,Female,24,Mehsana,Karnataka,India,2023-06-14,Premium
2581,Damini,Raval,Female,58,Bilaspur,West Bengal,India,2024-06-11,Premium
2582,Ayush,Bal,Female,37,Bhopal,Karnataka,India,2025-09-18,VIP
2583,Bakhshi,Dhawan,Female,24,Ranchi,Gujarat,India,2026-04-21,Premium
2584,Krishna,Vohra,Female,22,Sangli-Miraj & Kupwad,Telangana,India,2022-07-26,Premium
2585,Alexander,Palla,Female,18,Tiruchirappalli,Tamil Nadu,India,2025-04-14,Premium
2586,Dominic,Chowdhury,Male,37,Madhyamgram,Kerala,India,2025-03-30,Regular
2587,Ria,Desai,Female,21,Bijapur,Gujarat,India,2025-10-06,Premium
2588,Upasna,Kurian,Male,47,North Dumdum,Telangana,India,2026-04-22,Premium
2589,Jasmit,Char,Female,22,Kumbakonam,West Bengal,India,2026-07-28,VIP
2590,Rohan,Dass,Male,30,Kottayam,West Bengal,India,2022-10-26,Regular
2591,Luke,Kar,Female,43,Bareilly,Karnataka,India,2025-02-23,Premium
2592,Barkha,Cheema,Female,18,Kamarhati,Telangana,India,2023-11-05,VIP
2593,Qasim,Mitra,Male,52,Surendranagar Dudhrej,Delhi,India,2026-02-19,Regular
2594,Zansi,Loke,Female,56,Khammam,Andhra Pradesh,India,2025-04-21,Regular
2595,Kavya,Dhillon,Male,20,Kharagpur,Maharashtra,India,2022-02-14,Premium
2596,Rudra,Gopal,Male,59,Asansol,Andhra Pradesh,India,2022-01-01,Premium
2597,Wazir,Edwin,Female,49,North Dumdum,Andhra Pradesh,India,2021-10-24,Premium
2598,Vasana,Sule,Male,18,Maheshtala,West Bengal,India,2026-08-16,Regular
2599,Nidra,Seth,Female,59,Malda,Karnataka,India,2023-12-13,Regular
2600,Ria,Dalal,Female,56,Kottayam,Kerala,India,2024-08-01,VIP
2601,Geetika,Grewal,Male,39,Mau,Karnataka,India,2025-11-10,Premium
2602,Tanmayi,Char,Male,18,Kadapa,Rajasthan,India,2023-12-13,Regular
2603,Dev,Pau,Male,53,Indore,West Bengal,India,2026-05-03,Regular
2604,Jonathan,Chandra,Female,26,Berhampore,Rajasthan,India,2022-08-29,Premium
2605,Jai,Merchant,Female,29,Sri Ganganagar,Andhra Pradesh,India,2024-04-28,VIP
2606,Sneha,Sarin,Male,26,Dibrugarh,Gujarat,India,2023-04-08,VIP
2607,Mitali,Vaidya,Female,64,Ajmer,Kerala,India,2023-08-08,Regular
2608,Anay,Issac,Female,18,Hajipur,Tamil Nadu,India,2023-01-02,Regular
2609,Champak,Walia,Male,36,Panvel,Gujarat,India,2023-09-03,Regular
2610,Ojas,Prasad,Male,34,Salem,Andhra Pradesh,India,2023-02-14,Premium
2611,Upkaar,Doshi,Female,25,Panihati,Telangana,India,2024-01-31,Premium
2612,Chandran,Rattan,Female,64,Pali,Maharashtra,India,2026-02-25,Premium
2613,Oviya,Soni,Male,27,Pondicherry,West Bengal,India,2022-11-14,Regular
2614,Charita,Acharya,Female,30,Chandrapur,Rajasthan,India,2026-06-10,Regular
2615,Devika,Joshi,Female,41,Allahabad,Karnataka,India,2025-03-15,Regular
2616,Logan,Dhawan,Female,36,Nanded,Rajasthan,India,2023-10-11,VIP
2617,Mahika,Dutta,Male,56,Katni,Andhra Pradesh,India,2023-05-11,Regular
2618,Yuvraj,Palla,Female,38,Kamarhati,Rajasthan,India,2024-01-24,VIP
2619,Logan,Ratti,Male,52,Bhimavaram,Rajasthan,India,2023-01-02,Regular
2620,Samesh,Sawhney,Male,39,Bally,Rajasthan,India,2024-07-01,VIP
2621,Advay,Dalal,Male,40,Loni,Rajasthan,India,2022-08-02,VIP
2622,Urishilla,Kata,Male,23,Bihar Sharif,Kerala,India,2022-10-10,Premium
2623,Suhani,Dube,Male,26,Mau,Telangana,India,2024-01-11,Regular
2624,Banjeet,Raj,Male,23,Gorakhpur,Delhi,India,2025-09-06,VIP
2625,Pooja,Ganguly,Female,58,Jalna,Andhra Pradesh,India,2023-08-16,Premium
2626,Harshil,Chakrabarti,Female,53,New Delhi,Delhi,India,2025-12-02,VIP
2627,Rachana,Sama,Female,43,Vasai-Virar,Maharashtra,India,2024-02-05,Regular
2628,Anya,Krishnamurthy,Female,21,Gurgaon,Gujarat,India,2023-11-07,VIP
2629,Ishanvi,Chacko,Female,55,Salem,Andhra Pradesh,India,2025-11-04,Regular
2630,Xavier,Talwar,Male,35,Gudivada,Andhra Pradesh,India,2025-05-27,Premium
2631,Amaira,Chawla,Male,35,Kishanganj,Telangana,India,2026-07-11,VIP
2632,Keya,Venkataraman,Male,18,Kalyan-Dombivli,Maharashtra,India,2022-08-18,Regular
2633,Guneet,Chandran,Female,27,Mathura,Kerala,India,2024-10-12,Regular
2634,Oviya,Ramesh,Female,63,Sri Ganganagar,Telangana,India,2025-06-16,Premium
2635,Triveni,Virk,Male,27,Silchar,Gujarat,India,2025-05-21,Regular
2636,Atharv,Kalita,Male,18,Nagpur,Delhi,India,2024-07-06,VIP
2637,Hardik,Master,Male,45,Bhopal,Kerala,India,2025-08-06,Regular
2638,Zehaan,Parmer,Male,34,Nagercoil,Telangana,India,2023-10-30,Premium
2639,Aradhana,Sehgal,Male,31,Anantapur,Andhra Pradesh,India,2025-08-11,VIP
2640,Adya,Dyal,Male,48,Proddatur,Telangana,India,2026-05-15,VIP
2641,Ekanta,Rattan,Male,27,Malegaon,West Bengal,India,2025-12-18,Regular
2642,Gaurav,Nath,Male,67,Tadepalligudem,Delhi,India,2026-04-17,Premium
2643,Vedant,Nadig,Female,48,Salem,Telangana,India,2022-06-25,VIP
2644,Nidra,Munshi,Female,65,Gaya,Rajasthan,India,2024-12-19,Premium
2645,Samaksh,Lanka,Male,18,Etawah,Maharashtra,India,2024-07-31,Premium
2646,Raksha,Pathak,Female,42,Gulbarga,Tamil Nadu,India,2024-06-16,Regular
2647,Amol,Choudhury,Female,40,Amaravati,Andhra Pradesh,India,2024-05-09,Premium
2648,Yashawini,Minhas,Male,27,Sikar,Gujarat,India,2022-05-11,Premium
2649,Rushil,Chander,Female,19,Khora ,Karnataka,India,2025-02-26,Premium
2650,Adya,Dhingra,Female,29,Katihar,Telangana,India,2024-09-21,Regular
2651,Mekhala,Deol,Female,65,Vasai-Virar,Karnataka,India,2024-03-19,Regular
2652,Fitan,Naik,Male,61,Mango,West Bengal,India,2022-01-22,Premium
2653,Yatan,Dubey,Female,22,Indore,Karnataka,India,2025-12-02,VIP
2654,Udarsh,Kanda,Male,55,Kamarhati,Delhi,India,2025-06-17,VIP
2655,Tarak,Dhillon,Female,37,Sagar,Delhi,India,2023-10-15,Premium
2656,Ansh,Subramanian,Male,67,Vijayanagaram,Andhra Pradesh,India,2026-06-12,Premium
2657,Rehaan,Sachar,Female,47,Kadapa,Rajasthan,India,2025-02-10,Premium
2658,Lila,Lal,Male,48,Firozabad,Andhra Pradesh,India,2025-05-20,VIP
2659,Kamala,Patla,Female,23,Imphal,Maharashtra,India,2026-04-23,Premium
2660,Ishanvi,Bose,Male,65,Pondicherry,Kerala,India,2023-10-25,Regular
2661,Kabir,Char,Male,68,Jorhat,Telangana,India,2024-05-18,Premium
2662,Henry,Kari,Male,46,Begusarai,Rajasthan,India,2023-08-14,VIP
2663,Udyati,Luthra,Female,24,Jaunpur,Andhra Pradesh,India,2025-06-09,Premium
2664,Widisha,Sarin,Male,36,Tirunelveli,Andhra Pradesh,India,2021-11-25,Premium
2665,Saumya,Bhandari,Male,53,Morena,Kerala,India,2022-12-21,VIP
2666,Devansh,Pandya,Male,42,Bally,Karnataka,India,2026-07-24,Premium
2667,Zayyan,Bala,Female,26,Chinsurah,Tamil Nadu,India,2022-11-06,Regular
2668,Meghana,Kale,Male,48,Tirupati,Delhi,India,2026-04-17,Premium
2669,Daksha,Narayanan,Female,25,Jehanabad,Rajasthan,India,2026-01-13,Premium
2670,Niharika,Dhawan,Female,49,Chennai,Gujarat,India,2022-03-01,Premium
2671,Ishita,Dar,Female,54,Srikakulam,Rajasthan,India,2022-04-03,Regular
2672,Odika,Edwin,Male,27,Kulti,Kerala,India,2023-03-29,VIP
2673,Pratyush,Balan,Female,27,Jamshedpur,Gujarat,India,2024-07-14,Regular
2674,Gaurav,Chandra,Male,33,Chapra,Tamil Nadu,India,2025-01-03,Premium
2675,Nikita,Raj,Male,58,Durgapur,Tamil Nadu,India,2024-08-19,Regular
2676,Qadim,Char,Female,37,Raichur,Karnataka,India,2023-03-23,Regular
2677,Qushi,Krishnan,Female,48,Mysore,Andhra Pradesh,India,2023-04-14,Premium
2678,Abha,Ratti,Female,35,Ambattur,Rajasthan,India,2024-09-13,VIP
2679,Finn,Nori,Male,36,Bareilly,West Bengal,India,2026-03-03,VIP
2680,Aarini,Bahri,Male,20,Proddatur,Gujarat,India,2022-03-20,Regular
2681,Kashvi,Chandran,Female,34,Mumbai,Tamil Nadu,India,2026-03-19,Regular
2682,Advik,Agrawal,Female,47,Yamunanagar,Delhi,India,2024-04-26,Regular
2683,Ayaan,Prasad,Female,28,Malegaon,Maharashtra,India,2023-04-26,VIP
2684,Wishi,Gopal,Male,64,Hapur,Maharashtra,India,2022-07-16,VIP
2685,Mohammed,Prasad,Female,57,Gandhidham,Gujarat,India,2023-03-23,VIP
2686,Yashica,Dixit,Female,61,Ludhiana,Delhi,India,2022-01-16,VIP
2687,Jai,Muni,Male,26,Moradabad,Maharashtra,India,2024-09-06,Regular
2688,Pranit,Vasa,Male,65,Salem,Andhra Pradesh,India,2025-12-12,Premium
2689,Reyansh,Dubey,Female,30,Malda,Kerala,India,2026-05-17,Premium
2690,Lopa,Sem,Male,41,Begusarai,Tamil Nadu,India,2022-04-09,Regular
2691,Hamsini,Koshy,Male,30,Ajmer,Andhra Pradesh,India,2023-10-01,Regular
2692,Vritti,Guha,Female,27,Kalyan-Dombivli,Gujarat,India,2024-10-05,Regular
2693,Daniel,Srinivasan,Female,26,Saharsa,Telangana,India,2022-06-27,Premium
2694,Ekani,Vyas,Male,65,Bongaigaon,Maharashtra,India,2023-06-04,VIP
2695,Barkha,Nagi,Female,50,Sultan Pur Majra,Telangana,India,2023-05-26,Premium
2696,Brinda,Sandhu,Female,30,Raebareli,Karnataka,India,2024-12-02,Regular
2697,Fitan,Swaminathan,Female,60,Pallavaram,West Bengal,India,2022-08-08,VIP
2698,Ekanta,Sule,Male,29,Farrukhabad,Maharashtra,India,2025-12-12,Premium
2699,Bhavna,Bhakta,Female,66,Maheshtala,Telangana,India,2022-06-22,VIP
2700,Damyanti,Ghose,Female,50,Nashik,Karnataka,India,2026-04-04,VIP
2701,Ayaan,Batta,Female,40,Kharagpur,Telangana,India,2023-04-25,Regular
2702,Indira,Yogi,Female,32,Raebareli,Kerala,India,2026-01-14,VIP
2703,Pranav,Trivedi,Female,59,Varanasi,Gujarat,India,2023-07-16,Premium
2704,Hardik,Shankar,Female,61,Korba,Rajasthan,India,2024-06-09,Premium
2705,Elijah,Jani,Female,36,Tiruppur,Karnataka,India,2026-07-28,Premium
2706,Alexander,Bath,Female,50,Tiruppur,West Bengal,India,2022-09-14,Regular
2707,Bina,Agrawal,Female,26,Bathinda,Karnataka,India,2023-03-22,Regular
2708,Madhavi,Kari,Male,22,Rewa,Kerala,India,2022-02-04,Regular
2709,Nachiket,Dhar,Male,25,Rampur,Gujarat,India,2025-04-23,Regular
2710,Dayita,Jayaraman,Female,32,Alappuzha,Telangana,India,2021-10-19,Premium
2711,Ojasvi,Sachdev,Male,55,Alwar,Gujarat,India,2023-04-29,Premium
2712,Vinaya,Kulkarni,Female,35,Tenali,Rajasthan,India,2022-01-25,Premium
2713,Saumya,Dave,Male,27,Madurai,Telangana,India,2022-09-08,VIP
2714,Jack,Dutt,Male,18,Jabalpur,Rajasthan,India,2023-04-10,VIP
2715,Falak,Ganesh,Male,66,Sikar,Delhi,India,2024-02-19,VIP
2716,Bhavini,Mane,Male,46,Moradabad,Tamil Nadu,India,2022-09-23,VIP
2717,Megha,Jaggi,Male,29,Miryalaguda,Maharashtra,India,2025-12-13,Regular
2718,Sai,Datta,Male,26,Nandyal,Andhra Pradesh,India,2025-10-14,Regular
2719,Ikbal,Choudhury,Male,43,Agra,Karnataka,India,2025-01-05,VIP
2720,Qarin,Chacko,Male,38,New Delhi,Rajasthan,India,2025-06-03,Regular
2721,Kamala,Sarma,Female,44,Mango,Tamil Nadu,India,2022-01-23,Regular
2722,Yahvi,Gulati,Female,53,Ratlam,Telangana,India,2022-01-31,Premium
2723,Akshay,Dua,Male,68,Chandrapur,Rajasthan,India,2023-03-17,Regular
2724,Inaya,Shere,Female,62,Pimpri-Chinchwad,Maharashtra,India,2025-01-15,Regular
2725,Lajita,Dua,Female,53,Dibrugarh,Tamil Nadu,India,2022-04-03,Regular
2726,Umang,Gour,Female,53,Thanjavur,Maharashtra,India,2025-06-12,Premium
2727,Aryan,Sastry,Male,62,Sambalpur,Karnataka,India,2026-03-18,Premium
2728,Bhavna,Dyal,Female,65,Motihari,Delhi,India,2024-05-31,VIP
2729,Dakshesh,Choudhury,Female,42,Alappuzha,Delhi,India,2026-02-13,Regular
2730,Anay,Gara,Male,26,Uluberia,Karnataka,India,2022-01-15,Premium
2731,Luke,Chawla,Male,42,Chennai,Tamil Nadu,India,2024-12-15,Regular
2732,Aarush,Bhardwaj,Female,18,Tezpur,Telangana,India,2022-09-24,Regular
2733,Udarsh,Banik,Male,25,Jaipur,Delhi,India,2025-10-07,Regular
2734,Libni,Mandal,Male,52,Hospet,Tamil Nadu,India,2023-09-26,VIP
2735,Vritti,Krishna,Male,47,Malda,Karnataka,India,2025-10-15,Regular
2736,Michael,Sha,Female,31,Rajahmundry,Telangana,India,2022-12-10,Premium
2737,Bhavini,Ghosh,Female,42,Bardhaman,Andhra Pradesh,India,2023-01-29,VIP
2738,Jhalak,Bail,Female,33,Dewas,West Bengal,India,2022-12-09,VIP
2739,Brijesh,Sharaf,Male,32,Hosur,Tamil Nadu,India,2023-08-24,Premium
2740,Neelima,Dass,Female,44,Dhule,Andhra Pradesh,India,2025-03-01,VIP
2741,Oviya,Sahni,Male,66,Bidhannagar,West Bengal,India,2025-06-28,VIP
2742,Lipika,Sheth,Female,31,Naihati,Delhi,India,2024-06-26,Premium
2743,Mohini,Deol,Male,18,Sambalpur,Maharashtra,India,2023-07-24,VIP
2744,Rayaan,Hayer,Female,50,Madhyamgram,Telangana,India,2026-05-18,Premium
2745,Nilima,Prasad,Male,56,Kakinada,Kerala,India,2025-01-20,VIP
2746,Lohit,Singhal,Male,19,Hosur,Tamil Nadu,India,2025-07-24,Regular
2747,Charita,Sachar,Female,28,Kollam,Gujarat,India,2023-07-24,VIP
2748,Geetika,Dugar,Female,58,Hazaribagh,Rajasthan,India,2025-05-21,Regular
2749,Pranit,Savant,Male,48,Tiruppur,Andhra Pradesh,India,2024-12-30,VIP
2750,Orinder,Mahajan,Male,46,Rewa,Karnataka,India,2026-08-09,VIP
2751,Rudra,Dora,Female,56,Ratlam,Telangana,India,2025-09-12,Premium
2752,Yatan,De,Female,29,Satna,Delhi,India,2026-03-24,Premium
2753,Balendra,Chatterjee,Female,27,Guwahati,Gujarat,India,2021-11-23,VIP
2754,Abhiram,Bera,Male,24,Mysore,Andhra Pradesh,India,2024-05-18,Regular
2755,Ishanvi,Jain,Female,27,Kakinada,Kerala,India,2024-04-30,Premium
2756,Dominic,Patil,Male,20,Ballia,Karnataka,India,2025-07-06,VIP
2757,Vaishnavi,Nigam,Male,38,Ramagundam,Maharashtra,India,2024-04-17,Regular
2758,Harrison,Dutta,Female,29,Ujjain,Maharashtra,India,2025-03-30,VIP
2759,Jagat,Walia,Male,56,Kozhikode,Andhra Pradesh,India,2026-06-29,Regular
2760,Upasna,Mand,Female,40,Raipur,West Bengal,India,2022-12-17,Premium
2761,Sai,Chatterjee,Female,68,Bhavnagar,Andhra Pradesh,India,2024-12-14,Premium
2762,Urvashi,Raghavan,Female,50,Tirunelveli,Gujarat,India,2021-11-18,Regular
2763,Janani,Sastry,Male,67,Sultan Pur Majra,Karnataka,India,2021-11-18,VIP
2764,Vyanjana,Padmanabhan,Female,43,Guwahati,West Bengal,India,2024-11-10,Premium
2765,Ekapad,Goel,Female,56,Dewas,Kerala,India,2025-01-22,Premium
2766,Mason,Choudhry,Female,60,Pondicherry,Rajasthan,India,2024-03-14,Regular
2767,Fiyaz,Pant,Male,48,Pune,Kerala,India,2025-04-07,Regular
2768,Omkaar,Patla,Male,20,Nellore,Tamil Nadu,India,2026-01-30,Regular
2769,Ati,Venkatesh,Male,48,Unnao,Maharashtra,India,2024-06-03,Premium
2770,Ojas,Ben,Female,52,Farrukhabad,West Bengal,India,2023-12-14,Premium
2771,Saumya,Sant,Female,62,Thane,Delhi,India,2024-01-13,Regular
2772,Tara,Buch,Female,69,Suryapet,Tamil Nadu,India,2021-12-24,Regular
2773,Kalpit,Anne,Female,48,Barasat,Delhi,India,2024-12-13,Premium
2774,Ryan,Singhal,Female,32,Munger,Tamil Nadu,India,2022-01-07,VIP
2775,Anamika,Prashad,Female,32,Ambarnath,Gujarat,India,2026-01-27,Regular
2776,Panini,Ray,Male,37,Mira-Bhayandar,Karnataka,India,2024-08-28,Premium
2777,Advika,Hans,Female,35,Ichalkaranji,Kerala,India,2023-12-25,VIP
2778,Fiyaz,Sengupta,Male,49,Imphal,Delhi,India,2026-01-15,VIP
2779,Ishaan,Bajaj,Female,31,Aligarh,Andhra Pradesh,India,2023-10-12,Regular
2780,Falan,Goel,Male,60,Amritsar,Tamil Nadu,India,2023-01-09,VIP
2781,Warjas,Chahal,Male,44,Bangalore,Andhra Pradesh,India,2021-10-29,VIP
2782,Harita,Bobal,Female,43,Ballia,West Bengal,India,2025-08-19,Premium
2783,Ganga,Cherian,Female,53,Pimpri-Chinchwad,Andhra Pradesh,India,2022-11-22,Regular
2784,Ryan,Bumb,Male,21,Mysore,Maharashtra,India,2022-06-29,Premium
2785,Aarush,Sant,Male,48,Bhagalpur,Tamil Nadu,India,2022-02-20,VIP
2786,Fariq,Ram,Female,42,Bettiah,Telangana,India,2023-05-09,Premium
2787,Vamakshi,Hora,Female,25,Mahbubnagar,Tamil Nadu,India,2023-04-19,VIP
2788,Upasna,Mani,Male,35,Mango,Gujarat,India,2023-04-15,Regular
2789,Yashica,Ahuja,Male,65,Belgaum,Kerala,India,2023-05-25,VIP
2790,Adya,Dhawan,Male,21,Amravati,Rajasthan,India,2022-05-11,Regular
2791,Raghav,Grover,Male,32,Ambattur,West Bengal,India,2023-02-04,Premium
2792,Megha,Minhas,Female,36,Guna,West Bengal,India,2024-02-21,VIP
2793,Tejas,Sandhu,Female,56,Hapur,Andhra Pradesh,India,2023-10-06,Premium
2794,Abhimanyu,Krishnamurthy,Female,66,Nanded,Rajasthan,India,2022-04-06,VIP
2795,David,Bhatnagar,Female,22,Hapur,Kerala,India,2022-03-24,VIP
2796,Qushi,Buch,Male,36,Ahmedabad,Maharashtra,India,2022-06-19,Premium
2797,Eiravati,Pathak,Male,41,Jehanabad,Karnataka,India,2023-12-12,Regular
2798,Eiravati,Seshadri,Male,65,Nangloi Jat,West Bengal,India,2024-11-11,Premium
2799,Xalak,Mital,Female,58,Satara,Maharashtra,India,2026-05-11,VIP
2800,Ranveer,Kari,Male,22,Kalyan-Dombivli,Rajasthan,India,2024-09-18,Regular
2801,Nimrat,Shroff,Female,24,Anantapur,Rajasthan,India,2025-02-21,VIP
2802,Ubika,Shetty,Female,30,Jamnagar,Andhra Pradesh,India,2022-12-03,Premium
2803,Lekha,Saini,Female,41,Kolhapur,Rajasthan,India,2024-05-29,Premium
2804,Lakshmi,Dixit,Female,66,Ambarnath,West Bengal,India,2021-10-31,Premium
2805,Radha,Gera,Male,33,Guntakal,Telangana,India,2023-04-12,Regular
2806,Teerth,Chandran,Male,27,Katni,Rajasthan,India,2025-09-24,VIP
2807,Mason,Madan,Male,45,Davanagere,Rajasthan,India,2021-11-24,VIP
2808,Widisha,Ramanathan,Female,31,Avadi,Andhra Pradesh,India,2026-05-21,Regular
2809,Arunima,Kari,Male,19,Morbi,West Bengal,India,2025-12-16,Premium
2810,Rachita,Saran,Female,65,Morbi,Kerala,India,2022-03-22,Premium
2811,Ira,Cherian,Female,44,North Dumdum,Delhi,India,2025-10-08,Premium
2812,Bimala,Dhaliwal,Female,44,Kadapa,Kerala,India,2025-12-01,VIP
2813,Tarak,Saha,Male,43,Ahmedabad,Telangana,India,2024-05-01,Regular
2814,Nathan,Nigam,Male,18,Tadipatri,Karnataka,India,2025-05-12,Premium
2815,Jairaj,Dayal,Female,28,Mau,Andhra Pradesh,India,2024-11-20,VIP
2816,Kabir,Pingle,Female,34,Rajkot,Maharashtra,India,2021-11-12,VIP
2817,Sanya,Pingle,Female,65,Shahjahanpur,Delhi,India,2023-06-30,Regular
2818,Eta,Kaur,Male,28,Fatehpur,Gujarat,India,2024-02-06,Regular
2819,Harini,Narula,Female,23,Warangal,Gujarat,India,2024-06-13,VIP
2820,Veer,Khalsa,Female,54,Unnao,Karnataka,India,2026-07-04,Premium
2821,Upma,Bahl,Female,64,Sasaram,Andhra Pradesh,India,2022-07-11,Regular
2822,Leena,Divan,Female,53,Jodhpur,Karnataka,India,2026-03-20,VIP
2823,Vritti,Shere,Female,65,Jabalpur,Andhra Pradesh,India,2025-07-15,Premium
2824,Lopa,Hans,Male,47,Asansol,Delhi,India,2024-10-22,Regular
2825,Daniel,Som,Male,18,Rajahmundry,Telangana,India,2021-09-27,Premium
2826,Falak,Parekh,Male,43,Kishanganj,Telangana,India,2022-12-15,Regular
2827,Anjali,Nagarajan,Male,58,Satara,Rajasthan,India,2026-04-11,Regular
2828,Ryan,Guha,Female,25,Sagar,Telangana,India,2022-03-25,VIP
2829,Robert,Viswanathan,Female,18,Kulti,Delhi,India,2024-11-29,Premium
2830,Pallavi,Apte,Male,18,Bhilwara,Rajasthan,India,2023-06-14,Regular
2831,Maanas,Minhas,Female,59,Bhopal,Andhra Pradesh,India,2025-04-19,VIP
2832,Farhan,Pillay,Male,36,Siliguri,Karnataka,India,2025-07-06,Premium
2833,Lavanya,Dugar,Male,34,Satara,Maharashtra,India,2022-08-18,Regular
2834,Anusha,Shah,Male,66,Davanagere,Maharashtra,India,2025-07-27,Premium
2835,Bhavani,Gaba,Male,60,North Dumdum,Rajasthan,India,2021-11-09,Premium
2836,Jatin,Ben,Female,34,Suryapet,Karnataka,India,2025-10-09,Regular
2837,Jyoti,Dhar,Female,59,Gandhinagar,Telangana,India,2026-05-24,VIP
2838,Atharv,Saraf,Male,37,Tenali,Gujarat,India,2023-03-25,Regular
2839,Eta,Banerjee,Female,33,North Dumdum,Karnataka,India,2026-07-11,Regular
2840,Balveer,Vaidya,Female,41,Mira-Bhayandar,Rajasthan,India,2025-12-09,Premium
2841,Devansh,Bir,Female,34,Saharanpur,Rajasthan,India,2022-08-01,Regular
2842,Nihal,Keer,Male,47,Karimnagar,Tamil Nadu,India,2024-10-01,VIP
2843,Hamsini,Bumb,Female,27,Tiruvottiyur,Andhra Pradesh,India,2022-04-22,VIP
2844,Waida,Rattan,Male,29,Loni,Rajasthan,India,2025-04-03,VIP
2845,Meghana,Dubey,Male,52,Dhule,Delhi,India,2025-07-12,Regular
2846,Nathan,D’Alia,Female,38,Ambattur,Andhra Pradesh,India,2023-10-01,VIP
2847,Daksh,Bajwa,Female,44,Kamarhati,Maharashtra,India,2025-10-14,VIP
2848,Brijesh,Basak,Male,48,Muzaffarpur,Maharashtra,India,2023-01-05,Premium
2849,Laksh,Tella,Female,34,North Dumdum,Tamil Nadu,India,2025-01-03,Regular
2850,Meghana,Bahl,Female,39,Kumbakonam,Delhi,India,2021-11-30,VIP
2851,Oeshi,Bir,Female,68,Kollam,Delhi,India,2022-01-07,Premium
2852,Sathvik,Karpe,Male,52,Chennai,Maharashtra,India,2024-09-07,Regular
2853,Faris,Pillai,Female,53,Sikar,Tamil Nadu,India,2023-07-11,Premium
2854,Max,Yadav,Male,62,Ichalkaranji,Andhra Pradesh,India,2023-12-22,Premium
2855,Kavya,Vaidya,Male,45,Kozhikode,Telangana,India,2023-06-06,VIP
2856,Aahana,Natt,Male,19,Khammam,Telangana,India,2023-12-05,Premium
2857,Maya,Dar,Male,26,Bidhannagar,Karnataka,India,2021-12-16,Premium
2858,Sanaya,Vala,Female,25,Kurnool,Andhra Pradesh,India,2023-04-15,Regular
2859,Isaiah,Barman,Male,34,Aligarh,Kerala,India,2023-06-18,VIP
2860,Ryan,Misra,Female,69,Guntakal,Tamil Nadu,India,2024-04-17,VIP
2861,Jalsa,Sheth,Male,36,Berhampur,Gujarat,India,2026-07-15,Premium
2862,Zayyan,Kalla,Female,40,Tirupati,Karnataka,India,2021-10-26,Premium
2863,Tarak,Golla,Female,28,Tiruppur,Telangana,India,2025-12-18,Premium
2864,Lipika,Narang,Female,28,Katni,Telangana,India,2023-02-13,Premium
2865,Vyanjana,Srinivasan,Female,24,Kulti,Delhi,India,2022-05-17,VIP
2866,Hredhaan,Acharya,Female,36,Udupi,Telangana,India,2022-02-20,VIP
2867,Advay,Mahal,Female,23,Avadi,Telangana,India,2025-07-01,Regular
2868,Lakshmi,Dutta,Female,34,Meerut,Kerala,India,2024-11-04,Premium
2869,Tanveer,Halder,Female,22,Serampore,Maharashtra,India,2022-05-12,VIP
2870,Ati,Sahni,Female,20,Bihar Sharif,Andhra Pradesh,India,2022-01-04,VIP
2871,Jagdish,Mittal,Male,34,Firozabad,Kerala,India,2025-08-07,Premium
2872,Samarth,Dara,Female,62,Fatehpur,Telangana,India,2023-03-14,Regular
2873,Akshay,Chowdhury,Male,38,Noida,Maharashtra,India,2025-08-02,Premium
2874,Anjali,Madan,Male,69,Phusro,Tamil Nadu,India,2025-10-17,Regular
2875,Dev,Dua,Male,61,Amritsar,Andhra Pradesh,India,2025-02-04,VIP
2876,Krishna,Balan,Male,21,Mehsana,Andhra Pradesh,India,2025-05-23,Regular
2877,Udyati,Sachar,Female,68,Ahmedabad,Delhi,India,2026-08-14,VIP
2878,Chaitanya,Bhatnagar,Male,61,Ichalkaranji,Tamil Nadu,India,2025-10-15,Premium
2879,Samaksh,Loke,Male,59,Darbhanga,West Bengal,India,2023-04-25,VIP
2880,Wahab,Sem,Female,18,Varanasi,Tamil Nadu,India,2026-07-03,Regular
2881,Radhika,Suresh,Female,48,Nashik,Telangana,India,2024-02-25,VIP
2882,Januja,Chakrabarti,Male,54,Sirsa,Tamil Nadu,India,2025-09-24,Regular
2883,Nihal,Prakash,Male,50,Suryapet,Maharashtra,India,2026-04-25,Regular
2884,Madhav,Nagi,Male,43,Vellore,Maharashtra,India,2023-03-12,Regular
2885,Neelima,Pradhan,Female,67,Sri Ganganagar,Telangana,India,2024-03-14,Premium
2886,Manbir,Talwar,Female,20,Karimnagar,Kerala,India,2025-05-21,Regular
2887,Gabriel,Kulkarni,Male,40,Thoothukudi,Maharashtra,India,2024-10-06,Regular
2888,Unnati,Seshadri,Male,60,Kalyan-Dombivli,Delhi,India,2024-08-20,Premium
2889,Yashawini,Dhillon,Male,52,Panvel,Gujarat,India,2023-01-26,VIP
2890,Liam,Jha,Male,46,Jodhpur,Kerala,India,2025-04-11,VIP
2891,Isaac,Thaker,Male,69,Saharsa,Gujarat,India,2022-08-06,VIP
2892,Aayush,Kumar,Female,66,Ambattur,Gujarat,India,2024-07-24,Premium
2893,Vrinda,Dada,Male,31,Dindigul,Telangana,India,2026-05-18,Regular
2894,Megha,Virk,Female,66,Muzaffarnagar,Kerala,India,2026-08-15,VIP
2895,Indali,Reddy,Female,56,Kamarhati,Telangana,India,2025-07-28,Regular
2896,Nachiket,Guha,Male,22,Dibrugarh,Gujarat,India,2022-08-18,VIP
2897,Warhi,Dhawan,Female,48,Farrukhabad,Rajasthan,India,2023-10-09,Premium
2898,Nidra,Mitter,Male,30,Hosur,Maharashtra,India,2022-07-15,Premium
2899,Rayaan,Bajwa,Female,27,Ludhiana,Rajasthan,India,2024-03-24,VIP
2900,Jai,Johal,Male,20,Madurai,Karnataka,India,2022-04-14,Premium
2901,Zehaan,Sethi,Male,45,Bhusawal,Tamil Nadu,India,2024-10-02,VIP
2902,Neha,Anne,Male,49,Tiruvottiyur,Telangana,India,2025-01-04,Premium
2903,Kavya,Joshi,Male,22,Haldia,West Bengal,India,2025-10-13,VIP
2904,Benjamin,Swamy,Male,24,Panchkula,West Bengal,India,2024-06-07,VIP
2905,Indali,Balasubramanian,Female,62,Bhalswa Jahangir Pur,Kerala,India,2024-12-23,Premium
2906,Guneet,Sami,Female,35,Pallavaram,West Bengal,India,2021-12-11,Regular
2907,Lajita,Barad,Male,50,Chandigarh,Delhi,India,2025-10-02,Regular
2908,Zayyan,Chanda,Female,25,Sambalpur,Maharashtra,India,2022-07-07,Premium
2909,Suhani,Raghavan,Male,50,New Delhi,Rajasthan,India,2025-09-15,Regular
2910,Bakhshi,Naidu,Female,51,Suryapet,Andhra Pradesh,India,2025-07-20,Premium
2911,Tarak,Roy,Male,21,Hyderabad,Kerala,India,2022-10-21,Premium
2912,Ayaan,Toor,Female,43,Coimbatore,Telangana,India,2025-12-25,Regular
2913,Pratyush,Sheth,Female,37,Buxar,Delhi,India,2025-01-06,Regular
2914,Chanakya,Kulkarni,Male,43,Hazaribagh,Kerala,India,2025-11-21,Premium
2915,Owen,Seth,Female,48,Ujjain,Maharashtra,India,2022-01-19,Premium
2916,Bina,Narula,Female,18,Bhubaneswar,Andhra Pradesh,India,2023-01-11,Regular
2917,Faraj,Issac,Male,68,Shivpuri,Andhra Pradesh,India,2023-10-31,Regular
2918,Abdul,Ram,Female,68,Gandhinagar,West Bengal,India,2022-02-01,Premium
2919,Chasmum,Goswami,Female,20,Mau,Karnataka,India,2025-11-28,Regular
2920,Veer,Saxena,Female,41,Salem,Rajasthan,India,2023-02-10,Regular
2921,Liam,Deo,Female,24,Bahraich,Delhi,India,2025-12-07,VIP
2922,Jeevika,Sani,Male,64,Loni,Gujarat,India,2024-11-05,VIP
2923,Hitesh,Sahota,Male,49,Visakhapatnam,Delhi,India,2024-02-01,VIP
2924,Rajata,Sami,Female,37,Amritsar,West Bengal,India,2022-06-16,Premium
2925,Adya,Parmar,Male,26,Rewa,Rajasthan,India,2026-01-10,Regular
2926,Yagnesh,Devan,Male,19,Nagpur,Tamil Nadu,India,2023-02-03,Premium
2927,Gabriel,Grover,Female,59,Amroha,Rajasthan,India,2026-05-11,Premium
2928,Kashvi,Lall,Male,23,Jabalpur,Telangana,India,2023-04-17,Regular
2929,Odika,D’Alia,Female,21,Ahmednagar,Maharashtra,India,2023-06-08,VIP
2930,Manan,Mital,Male,68,Katni,Karnataka,India,2021-10-22,Premium
2931,Kamya,Bhasin,Female,53,Gorakhpur,West Bengal,India,2026-03-05,Regular
2932,Amaira,Wali,Male,54,Avadi,Rajasthan,India,2022-11-17,Regular
2933,Ekaja,Kohli,Male,62,Kakinada,Maharashtra,India,2023-04-27,Premium
2934,Vaishnavi,Sridhar,Female,43,Kakinada,West Bengal,India,2022-07-22,Premium
2935,Orinder,Rama,Male,54,Ulhasnagar,Kerala,India,2022-10-17,Regular
2936,Yashvi,Dhillon,Male,29,Morena,West Bengal,India,2026-01-30,Regular
2937,Elijah,Gala,Female,39,Haridwar,Karnataka,India,2024-10-15,VIP
2938,Umang,Lala,Female,37,Allahabad,West Bengal,India,2025-05-21,Premium
2939,Brijesh,Nagi,Male,27,Bhopal,Maharashtra,India,2023-05-09,VIP
2940,Kashvi,Raman,Female,60,Medininagar,Maharashtra,India,2023-08-17,Regular
2941,Joshua,Srinivas,Female,36,Sangli-Miraj & Kupwad,Delhi,India,2023-10-07,Premium
2942,Bhavna,Tank,Male,26,Bhiwani,Rajasthan,India,2021-12-23,VIP
2943,Omisha,Bhatti,Male,61,Ulhasnagar,Rajasthan,India,2022-01-20,Regular
2944,Kala,Mall,Female,33,Parbhani,Karnataka,India,2025-08-31,Regular
2945,Harita,Mitter,Male,50,Aizawl,Telangana,India,2025-09-16,Premium
2946,Yasti,Sura,Male,22,Giridih,Karnataka,India,2026-06-24,Regular
2947,Laksh,Singh,Female,18,Mysore,Tamil Nadu,India,2025-11-17,Premium
2948,Hema,Walia,Male,25,Chandrapur,Tamil Nadu,India,2023-12-30,Premium
2949,Anika,Mani,Male,22,Satara,Kerala,India,2024-06-21,VIP
2950,Wriddhish,Halder,Female,67,Farrukhabad,Delhi,India,2023-05-07,VIP
2951,Gautami,Vasa,Male,64,Alwar,Karnataka,India,2023-12-16,Regular
2952,Panini,Guha,Male,56,Sagar,Gujarat,India,2023-05-01,Regular
2953,Janaki,Nagi,Male,31,Surendranagar Dudhrej,Delhi,India,2026-02-19,VIP
2954,Oscar,Dalal,Female,42,Shahjahanpur,Gujarat,India,2023-06-19,Premium
2955,Geetika,Goswami,Male,33,Dindigul,Maharashtra,India,2023-10-21,Regular
2956,Manya,Sule,Female,29,Tezpur,Telangana,India,2025-08-14,Regular
2957,Harita,Dhingra,Female,44,Medininagar,Rajasthan,India,2022-04-29,Regular
2958,Zayyan,Dash,Female,22,Jamalpur,Rajasthan,India,2025-01-21,VIP
2959,Aarush,Bhavsar,Male,50,Rohtak,Rajasthan,India,2025-12-04,Premium
2960,Suhani,Malhotra,Female,61,Davanagere,Rajasthan,India,2023-12-22,Regular
2961,Charan,Sane,Female,67,Hindupur,Kerala,India,2022-08-19,VIP
2962,Vamakshi,Sarkar,Female,62,Satara,Telangana,India,2022-09-24,Premium
2963,Logan,Golla,Female,20,Mirzapur,Delhi,India,2022-03-06,Premium
2964,Benjamin,Boase,Male,40,Moradabad,Kerala,India,2026-05-19,Premium
2965,Amrita,Datta,Female,62,Bhusawal,Kerala,India,2023-06-16,VIP
2966,Balveer,Bhasin,Female,27,Gorakhpur,Rajasthan,India,2024-08-01,Regular
2967,Aradhana,Mane,Female,58,New Delhi,Karnataka,India,2023-09-04,VIP
2968,Thomas,Loke,Female,54,Patiala,Gujarat,India,2023-01-02,Regular
2969,Arin,Nadig,Male,53,Tirunelveli,Telangana,India,2024-12-21,Regular
2970,Samar,Badal,Female,19,Mysore,West Bengal,India,2026-07-28,Premium
2971,Anamika,Sunder,Male,39,Bareilly,West Bengal,India,2023-10-22,VIP
2972,Niharika,Kant,Male,34,Jaunpur,Maharashtra,India,2023-02-14,Regular
2973,Oscar,Kannan,Male,48,Aligarh,Rajasthan,India,2021-09-27,VIP
2974,William,Morar,Female,24,Adoni,Kerala,India,2025-01-01,VIP
2975,Sanaya,Kala,Male,22,Salem,Telangana,India,2022-05-30,Premium
2976,Nilima,Sawhney,Male,23,Jalgaon,Rajasthan,India,2024-12-25,VIP
2977,Lajita,Bajaj,Female,38,Tiruppur,Karnataka,India,2025-11-23,Premium
2978,Rajeshri,Viswanathan,Female,54,Pondicherry,West Bengal,India,2021-11-21,VIP
2979,Xalak,Tripathi,Female,53,Mango,Andhra Pradesh,India,2023-06-18,Premium
2980,Kashish,Dhawan,Male,50,Ghaziabad,Delhi,India,2024-12-04,Regular
2981,Om,Raval,Male,40,Bellary,West Bengal,India,2024-05-21,VIP
2982,Ira,Ravel,Male,24,Kulti,Maharashtra,India,2024-03-09,VIP
2983,Vihaan,Raghavan,Male,57,Nagpur,Tamil Nadu,India,2026-07-04,Regular
2984,Yagnesh,Bhattacharyya,Female,56,Lucknow,Karnataka,India,2025-01-08,VIP
2985,Hemani,Parsa,Male,66,Jaipur,Gujarat,India,2025-11-21,Regular
2986,Rajata,Sehgal,Male,27,Hubli–Dharwad,Rajasthan,India,2025-06-07,VIP
2987,Aadhya,Pall,Male,20,Agartala,Maharashtra,India,2024-10-30,VIP
2988,Abha,Srinivas,Male,50,Gulbarga,Rajasthan,India,2023-07-30,VIP
2989,Zansi,Wali,Male,62,Vadodara,Andhra Pradesh,India,2024-12-16,Regular
2990,Janya,Bava,Female,30,Mysore,Telangana,India,2023-01-24,Regular
2991,George,Bedi,Male,31,Vijayawada,Kerala,India,2026-03-07,Premium
2992,Aadhya,Sethi,Female,21,Durg,Kerala,India,2022-12-02,VIP
2993,Rajata,Mallick,Male,21,Berhampur,Tamil Nadu,India,2025-03-13,VIP
2994,Devika,Ganesan,Male,26,Ahmednagar,Delhi,India,2022-07-01,Regular
2995,Charles,Goda,Female,63,Motihari,Gujarat,India,2025-09-18,Premium
2996,Pallavi,Ganesh,Female,48,Pune,Delhi,India,2023-05-18,VIP
2997,Faraj,Bhavsar,Male,23,Agartala,Andhra Pradesh,India,2023-03-27,Premium
2998,Jeet,Shere,Male,30,Mangalore,Tamil Nadu,India,2023-01-05,Premium
2999,Rachit,Korpal,Female,36,Anantapur,Telangana,India,2023-03-05,Premium
3000,Anita,Varghese,Female,46,Orai,Karnataka,India,2026-01-02,Premium
3001,Dakshesh,Ramesh,Female,28,Rourkela,Telangana,India,2022-02-15,VIP
3002,Upasna,Dugal,Male,60,New Delhi,West Bengal,India,2024-11-01,Premium
3003,Arya,Shere,Female,28,Malda,West Bengal,India,2023-03-16,Regular
3004,Imaran,Kothari,Female,19,Medininagar,Gujarat,India,2022-01-27,Regular
3005,Ekalinga,Purohit,Male,43,Mumbai,Tamil Nadu,India,2024-02-27,Premium
3006,Triveni,Wadhwa,Female,65,Tenali,Delhi,India,2026-05-24,Premium
3007,Netra,Vohra,Male,68,Saharsa,Karnataka,India,2024-09-21,Regular
3008,Nidhi,Krishnamurthy,Female,42,Rourkela,Maharashtra,India,2025-12-29,Regular
3009,Xalak,Date,Female,59,Tiruppur,Telangana,India,2022-05-04,Regular
3010,Jhalak,Misra,Female,26,Mahbubnagar,Maharashtra,India,2025-03-22,Regular
3011,Lavanya,Prashad,Male,45,Dindigul,Gujarat,India,2021-12-01,Regular
3012,Divya,Sur,Female,63,Pune,Gujarat,India,2023-07-19,Regular
3013,Radhika,Din,Male,35,Gudivada,Gujarat,India,2022-11-26,Premium
3014,Chasmum,Randhawa,Female,33,Ajmer,West Bengal,India,2021-11-07,Regular
3015,Utkarsh,Sarna,Male,60,Morbi,Rajasthan,India,2025-02-09,VIP
3016,Unnati,Shroff,Male,67,Kurnool,Gujarat,India,2025-08-27,VIP
3017,Kalpit,Sagar,Male,30,Sambalpur,Kerala,India,2022-12-14,Premium
3018,Harrison,Merchant,Female,46,Meerut,Gujarat,India,2024-09-11,Regular
3019,Udyati,Raju,Male,65,Solapur,Delhi,India,2024-03-19,Premium
3020,Isha,Vala,Male,27,Thane,Tamil Nadu,India,2025-10-16,Regular
3021,Ekansh,Pandey,Male,63,Jammu,Tamil Nadu,India,2024-05-09,Regular
3022,Yashawini,Gandhi,Male,27,Salem,Karnataka,India,2022-12-15,Premium
3023,Anamika,Bhasin,Female,53,Danapur,Rajasthan,India,2023-07-29,VIP
3024,Kamya,Bajwa,Female,24,Sambhal,Kerala,India,2024-07-21,VIP
3025,Triveni,Palan,Female,39,Anantapuram,Delhi,India,2024-11-04,Regular
3026,Charan,Varughese,Male,36,Bahraich,Telangana,India,2025-11-10,Premium
3027,Rachita,Varkey,Male,44,Motihari,Maharashtra,India,2026-07-13,Regular
3028,Yashawini,Bhavsar,Male,45,Burhanpur,Gujarat,India,2024-07-09,Premium
3029,Ria,Loke,Male,61,Ajmer,Kerala,India,2023-05-20,Premium
3030,Girik,Rajagopalan,Male,33,Singrauli,West Bengal,India,2023-08-03,Regular
3031,Benjamin,Basu,Male,59,Ahmedabad,Delhi,India,2022-11-05,Regular
3032,Robert,Sahota,Male,45,Erode,Karnataka,India,2023-01-02,VIP
3033,Prisha,Kumer,Male,43,Mumbai,Rajasthan,India,2022-04-11,VIP
3034,Nihal,Barad,Male,68,Karawal Nagar,Karnataka,India,2022-04-11,Regular
3035,Theodore,Sidhu,Male,48,Kumbakonam,Delhi,India,2022-09-07,VIP
3036,Fariq,Sharaf,Female,19,Tadepalligudem,Telangana,India,2024-11-17,VIP
3037,Upasna,Kuruvilla,Male,60,Khammam,Karnataka,India,2026-03-12,Regular
3038,Nachiket,Venkatesh,Female,56,Hindupur,Kerala,India,2023-10-20,Premium
3039,Upkaar,Bains,Female,52,Karawal Nagar,Tamil Nadu,India,2024-01-11,VIP
3040,Falguni,Upadhyay,Male,61,Panchkula,Rajasthan,India,2025-02-26,Regular
3041,Charan,Mital,Female,49,Aligarh,Maharashtra,India,2022-12-21,Premium
3042,Udant,Kanda,Male,21,Madhyamgram,Gujarat,India,2023-01-07,Premium
3043,Guneet,Tiwari,Male,64,Haridwar,Telangana,India,2025-02-11,VIP
3044,Oni,Narula,Male,39,Jodhpur,Telangana,India,2023-10-11,Premium
3045,Nicholas,Srivastava,Female,58,Satara,Tamil Nadu,India,2022-03-13,Premium
3046,Rajata,Ravi,Male,52,Jamnagar,Karnataka,India,2025-03-27,VIP
3047,Urvashi,Balasubramanian,Male,68,Uluberia,Gujarat,India,2022-09-20,Premium
3048,Darika,Keer,Male,62,Pallavaram,Maharashtra,India,2025-01-31,Regular
3049,Tanish,Ravi,Female,59,Noida,Rajasthan,India,2024-02-25,VIP
3050,Yagnesh,Gala,Male,57,Kozhikode,Tamil Nadu,India,2024-06-30,VIP
3051,Krisha,Butala,Male,19,Gwalior,Andhra Pradesh,India,2022-05-31,VIP
3052,Abhiram,Doctor,Male,57,Kumbakonam,Rajasthan,India,2022-07-01,VIP
3053,Max,Behl,Male,48,Chittoor,Andhra Pradesh,India,2023-03-23,Regular
3054,Bachittar,Deol,Female,61,Ambarnath,Rajasthan,India,2024-10-01,Premium
3055,Gagan,Baria,Female,49,Tirupati,Andhra Pradesh,India,2024-07-09,Premium
3056,Harish,Barad,Female,21,Thane,Rajasthan,India,2021-09-18,VIP
3057,Rehaan,Garde,Female,25,Pallavaram,Kerala,India,2022-08-18,Regular
3058,Amara,Manne,Female,20,Pudukkottai,Telangana,India,2024-02-18,Premium
3059,Lakshit,Bhattacharyya,Male,63,Medininagar,Karnataka,India,2023-12-04,Premium
3060,Nakul,Varma,Female,69,Mehsana,Gujarat,India,2023-08-14,Premium
3061,Bhanumati,Balay,Female,28,Sonipat,Andhra Pradesh,India,2023-02-05,Regular
3062,Urvashi,Sethi,Female,45,Danapur,Tamil Nadu,India,2024-04-26,VIP
3063,Chaaya,Rattan,Male,52,Noida,Karnataka,India,2024-05-06,VIP
3064,Eta,Kade,Male,65,Surendranagar Dudhrej,Telangana,India,2022-12-24,Regular
3065,Mohammed,Bansal,Male,52,Allahabad,Maharashtra,India,2022-09-18,Regular
3066,Manbir,Chokshi,Female,52,Cuttack,Kerala,India,2022-12-25,Regular
3067,Ethan,Mandal,Female,26,Imphal,Delhi,India,2023-10-01,VIP
3068,Vasatika,Saran,Female,50,Bhilai,Tamil Nadu,India,2026-05-30,VIP
3069,Chasmum,Kadakia,Male,40,Visakhapatnam,Telangana,India,2024-10-23,VIP
3070,Naksh,Raman,Male,41,Hapur,Rajasthan,India,2022-04-11,VIP
3071,Chandran,Balay,Male,45,Pali,West Bengal,India,2023-04-20,Premium
3072,Widisha,Sheth,Male,20,North Dumdum,Telangana,India,2025-07-15,VIP
3073,Kiaan,Narain,Male,66,Satna,Rajasthan,India,2026-07-14,Regular
3074,Qarin,Amble,Female,40,Chandrapur,Maharashtra,India,2025-04-01,Premium
3075,Girik,Sur,Male,24,Siliguri,Gujarat,India,2022-01-26,VIP
3076,Logan,Khatri,Male,34,Alwar,Maharashtra,India,2023-06-08,VIP
3077,Pranit,Sahni,Male,67,Bangalore,Delhi,India,2024-10-12,VIP
3078,Hemal,Pradhan,Female,50,Delhi,Maharashtra,India,2022-08-08,Premium
3079,Vasudha,Thaker,Female,22,Rajpur Sonarpur,Kerala,India,2022-12-21,Regular
3080,Gaurangi,Tiwari,Female,32,Bettiah,Gujarat,India,2025-01-13,Regular
3081,Ronith,Saran,Male,36,Malda,Gujarat,India,2026-05-14,VIP
3082,Bina,Yohannan,Female,41,Varanasi,Kerala,India,2024-02-18,Premium
3083,Gaurangi,Badami,Female,58,Giridih,Rajasthan,India,2022-04-01,Regular
3084,Urvi,Sahni,Male,66,Narasaraopet,West Bengal,India,2026-07-30,Regular
3085,Vihaan,Murty,Female,61,Hospet,Andhra Pradesh,India,2023-12-19,VIP
3086,Charita,Barad,Male,46,Adoni,Karnataka,India,2023-11-16,VIP
3087,Megha,Lanka,Male,43,Bettiah,West Bengal,India,2023-08-31,Premium
3088,Banjeet,Kapadia,Male,55,Mathura,Karnataka,India,2025-02-02,VIP
3089,Aarnav,Sani,Female,24,Aurangabad,Andhra Pradesh,India,2024-01-16,Premium
3090,Omaja,Babu,Male,53,Ghaziabad,West Bengal,India,2022-02-24,VIP
3091,Watika,Kala,Female,46,Bhiwandi,Delhi,India,2023-09-17,VIP
3092,Lopa,Narasimhan,Male,47,Bongaigaon,Andhra Pradesh,India,2023-06-02,VIP
3093,Akshay,Sanghvi,Female,54,Ozhukarai,Tamil Nadu,India,2023-10-21,Regular
3094,Varsha,Bail,Female,20,Bikaner,Andhra Pradesh,India,2023-11-29,VIP
3095,Omkaar,Master,Male,66,Vijayanagaram,Rajasthan,India,2023-02-02,Regular
3096,Pooja,Jani,Male,58,Mirzapur,Andhra Pradesh,India,2022-07-18,Regular
3097,Bhavya,More,Male,22,Solapur,Tamil Nadu,India,2023-01-14,VIP
3098,Jairaj,Aggarwal,Male,25,Amritsar,Maharashtra,India,2024-01-05,Premium
3099,Praneel,Comar,Male,46,Naihati,Tamil Nadu,India,2022-09-30,Regular
3100,Xiti,Warrior,Female,25,Sasaram,Rajasthan,India,2022-10-02,Premium
3101,Vasana,Mall,Female,38,Raurkela Industrial Township,Karnataka,India,2022-06-30,Premium
3102,Ira,Goda,Male,19,Maheshtala,Karnataka,India,2026-05-09,VIP
3103,Zashil,Badami,Female,68,Rajkot,Maharashtra,India,2023-02-04,VIP
3104,Madhav,Oommen,Male,67,Nagaon,Maharashtra,India,2026-04-06,Regular
3105,Rishi,Srinivas,Female,35,Ludhiana,Andhra Pradesh,India,2024-08-09,VIP
3106,Lopa,Sankaran,Male,34,Anand,Andhra Pradesh,India,2025-02-19,Regular
3107,Simon,Ganesh,Male,69,Udupi,Maharashtra,India,2025-10-28,Regular
3108,Ekalinga,Karan,Female,41,Proddatur,Karnataka,India,2025-08-10,Regular
3109,Lila,Nagy,Female,21,Davanagere,Telangana,India,2022-01-26,Regular
3110,Balhaar,Sethi,Female,52,Delhi,Gujarat,India,2026-07-27,VIP
3111,Isha,Badal,Female,19,Sonipat,Gujarat,India,2025-04-01,VIP
3112,Abhimanyu,Murty,Female,27,Guwahati,Delhi,India,2022-11-08,Premium
3113,Gopal,Verma,Female,40,Guntakal,Tamil Nadu,India,2022-11-13,Premium
3114,Urvashi,Talwar,Male,58,Jamshedpur,Maharashtra,India,2021-12-27,VIP
3115,Edhitha,Korpal,Female,51,Jorhat,Delhi,India,2025-05-02,Regular
3116,Chaaya,Barad,Male,25,Pimpri-Chinchwad,Kerala,India,2024-04-07,Premium
3117,Laksh,Kuruvilla,Male,61,Jamnagar,Karnataka,India,2024-02-07,VIP
3118,Harini,Sabharwal,Female,46,Bettiah,Rajasthan,India,2024-10-22,VIP
3119,Falan,Tara,Male,63,Dewas,Tamil Nadu,India,2025-03-05,Premium
3120,Arin,Bal,Female,64,Khammam,Gujarat,India,2023-04-15,Premium
3121,Girik,Devan,Male,29,Mirzapur,Kerala,India,2022-09-05,Regular
3122,Girish,Lalla,Male,67,Ratlam,Andhra Pradesh,India,2022-10-07,VIP
3123,Qadim,Kala,Male,50,Ahmednagar,Delhi,India,2022-02-17,VIP
3124,Aradhana,Mukhopadhyay,Male,52,Jamalpur,Telangana,India,2026-08-16,VIP
3125,Chameli,Mishra,Female,36,Sambhal,Rajasthan,India,2022-01-22,Regular
3126,Devika,Salvi,Female,29,Thoothukudi,Telangana,India,2024-01-01,VIP
3127,Charles,Devan,Female,25,Bareilly,Maharashtra,India,2021-09-30,Regular
3128,Hredhaan,Sood,Male,39,Nandyal,Kerala,India,2024-10-13,VIP
3129,Nidra,Chhabra,Female,69,Kozhikode,Maharashtra,India,2026-06-27,Premium
3130,Yug,Bumb,Male,38,Gulbarga,Delhi,India,2023-04-16,Regular
3131,Hemang,Badal,Female,24,Bellary,Telangana,India,2022-10-16,Regular
3132,Omkaar,Upadhyay,Female,40,Vellore,Karnataka,India,2021-10-04,VIP
3133,Anjali,Guha,Female,50,Motihari,Andhra Pradesh,India,2023-09-27,Premium
3134,Daniel,Sani,Male,40,Pudukkottai,Rajasthan,India,2025-01-06,Premium
3135,Reyansh,Wable,Female,51,Hapur,Andhra Pradesh,India,2022-11-15,VIP
3136,Nidhi,Sabharwal,Female,46,Agartala,Rajasthan,India,2023-10-31,VIP
3137,Jeet,Salvi,Male,34,Mahbubnagar,Rajasthan,India,2025-12-12,Premium
3138,Aarav,Contractor,Female,26,Gudivada,Maharashtra,India,2023-05-04,VIP
3139,Zehaan,Dave,Male,48,Amaravati,Gujarat,India,2022-09-25,Premium
3140,Yuvraj,Deo,Female,21,Ahmednagar,Gujarat,India,2023-11-03,Premium
3141,Chakradhar,Bora,Male,33,Guntur,Maharashtra,India,2023-07-27,Premium
3142,Aradhana,Chowdhury,Male,23,Bhagalpur,Andhra Pradesh,India,2022-08-28,VIP
3143,Akshay,Sachdev,Female,46,Mau,Tamil Nadu,India,2023-06-21,Premium
3144,Sanya,Dhawan,Male,18,Amravati,Maharashtra,India,2024-11-06,VIP
3145,Ekta,Roy,Female,29,Kadapa,Rajasthan,India,2024-01-20,VIP
3146,Sachi,Jaggi,Female,45,Tiruppur,Kerala,India,2025-01-09,Premium
3147,Ira,Guha,Male,53,Unnao,Karnataka,India,2025-11-15,Premium
3148,Anusha,Sarkar,Male,67,Nizamabad,Andhra Pradesh,India,2021-09-27,Premium
3149,Rachita,Sheth,Male,59,Ghaziabad,Telangana,India,2022-03-22,Premium
3150,Tara,Viswanathan,Female,21,Kurnool,Tamil Nadu,India,2025-03-25,Premium
3151,Indrajit,Mani,Male,26,Anantapuram,Tamil Nadu,India,2024-02-02,Premium
3152,Peter,Sandhu,Male,65,Bhalswa Jahangir Pur,Karnataka,India,2026-03-21,VIP
3153,Dhruv,Sha,Male,38,Avadi,Kerala,India,2023-08-15,Regular
3154,Shivani,Iyer,Female,42,Morena,Andhra Pradesh,India,2025-01-13,Regular
3155,Anamika,Dyal,Male,53,Muzaffarnagar,Tamil Nadu,India,2025-06-10,Premium
3156,Kiaan,Badal,Male,29,Shivpuri,Karnataka,India,2024-12-25,Premium
3157,Theodore,Upadhyay,Male,22,Bhubaneswar,Maharashtra,India,2023-12-28,Premium
3158,Kamala,Vig,Male,21,Navi Mumbai,Rajasthan,India,2024-01-10,Regular
3159,Zaitra,Mukherjee,Female,44,Jaipur,Andhra Pradesh,India,2022-04-01,Premium
3160,Hredhaan,Khurana,Male,59,Nizamabad,Tamil Nadu,India,2023-10-16,Premium
3161,Qadim,Taneja,Female,66,Jalgaon,Delhi,India,2021-11-17,Premium
3162,Falak,Saini,Female,64,Mumbai,Rajasthan,India,2025-10-21,VIP
3163,Rishi,Grover,Male,67,Farrukhabad,Maharashtra,India,2025-04-29,VIP
3164,Zayan,Magar,Female,49,Rewa,West Bengal,India,2026-07-10,VIP
3165,Ishanvi,Char,Female,52,Chittoor,Andhra Pradesh,India,2023-05-20,Premium
3166,Yash,Nair,Female,23,Naihati,Delhi,India,2024-09-30,VIP
3167,Urishilla,Khosla,Female,42,Kumbakonam,Telangana,India,2023-08-26,Regular
3168,Raagini,Babu,Male,64,Kota,Kerala,India,2026-07-09,Premium
3169,Laksh,Kashyap,Male,48,Varanasi,Tamil Nadu,India,2023-06-16,Premium
3170,Unni,Sachar,Male,46,Kota,Telangana,India,2026-05-19,Premium
3171,Ridhi,Deshmukh,Female,57,Kakinada,Tamil Nadu,India,2023-07-28,VIP
3172,Kamala,Chatterjee,Male,23,Bardhaman,Telangana,India,2021-10-24,Regular
3173,Nilima,Dara,Male,60,Giridih,Delhi,India,2025-07-16,Regular
3174,Shaurya,Chander,Male,60,Patiala,Tamil Nadu,India,2022-09-22,Regular
3175,Girik,Krishna,Male,27,Varanasi,West Bengal,India,2025-10-05,Regular
3176,Aradhana,Ganesh,Female,24,Unnao,Telangana,India,2023-07-22,Regular
3177,Nisha,Narayanan,Male,27,Hubli–Dharwad,Gujarat,India,2025-12-30,Regular
3178,Veer,Mall,Female,54,Purnia,Karnataka,India,2024-09-06,Premium
3179,Ishanvi,Sethi,Female,66,Indore,Gujarat,India,2022-07-17,Regular
3180,Ansh,Maharaj,Male,49,Malegaon,West Bengal,India,2023-01-18,VIP
3181,Vivaan,Bath,Female,23,Thiruvananthapuram,Tamil Nadu,India,2023-06-29,Regular
3182,Rudra,Deo,Female,54,Jaunpur,Andhra Pradesh,India,2022-03-27,Regular
3183,Shivani,Kara,Female,63,Patna,Telangana,India,2022-09-19,Regular
3184,Samarth,Peri,Male,42,Bhiwani,Karnataka,India,2023-01-09,VIP
3185,Dev,Dutt,Female,37,Burhanpur,Kerala,India,2021-10-11,Regular
3186,Onveer,Prasad,Male,29,Katihar,Telangana,India,2023-03-16,Premium
3187,Osha,Chopra,Female,36,Sangli-Miraj & Kupwad,Andhra Pradesh,India,2023-07-07,VIP
3188,Elijah,Dube,Female,38,Moradabad,Andhra Pradesh,India,2025-05-30,Regular
3189,Veer,Ganesan,Female,51,Saharsa,Kerala,India,2026-06-08,Regular
3190,Forum,Sethi,Male,32,Hindupur,Telangana,India,2026-03-31,Premium
3191,Tanveer,Sen,Male,42,Malegaon,Andhra Pradesh,India,2025-07-01,VIP
3192,Arya,Mutti,Male,32,Medininagar,Gujarat,India,2023-07-15,VIP
3193,Anmol,Hayre,Female,69,Sagar,West Bengal,India,2024-11-27,Regular
3194,Udyati,Chand,Male,46,Cuttack,Delhi,India,2022-03-04,VIP
3195,Victor,Walla,Female,22,Karaikudi,Maharashtra,India,2025-10-16,Premium
3196,Megha,Deshmukh,Female,52,Kadapa,Telangana,India,2023-03-30,Premium
3197,Vincent,Date,Female,41,Dhanbad,Karnataka,India,2026-01-14,Regular
3198,Ethan,Khurana,Female,32,Sonipat,Delhi,India,2026-03-07,VIP
3199,Girik,Lad,Male,54,Thoothukudi,Delhi,India,2026-05-20,VIP
3200,Laban,Gokhale,Male,52,Purnia,Maharashtra,India,2025-11-19,VIP
3201,Samesh,Dey,Female,45,Hubli–Dharwad,Karnataka,India,2026-02-13,Premium
3202,Manbir,Sathe,Female,53,Bhusawal,Telangana,India,2026-05-13,Premium
3203,Faris,Nagy,Female,57,Dehradun,Telangana,India,2024-01-24,VIP
3204,Geetika,Balan,Male,25,Hyderabad,Delhi,India,2021-12-11,Premium
3205,Arjun,Balasubramanian,Male,29,North Dumdum,Tamil Nadu,India,2023-02-12,VIP
3206,Finn,Butala,Female,56,Ongole,Maharashtra,India,2022-07-20,Regular
3207,Reva,Yohannan,Female,58,Howrah,Kerala,India,2021-12-07,Premium
3208,Mason,Pandit,Female,31,Nadiad,Kerala,India,2022-09-10,Regular
3209,Yamini,Mann,Female,46,Bhilwara,Rajasthan,India,2023-01-25,Premium
3210,Frederick,Divan,Male,48,Tumkur,Telangana,India,2025-11-21,Regular
3211,Faraj,Dora,Male,50,Tumkur,Karnataka,India,2025-12-23,Regular
3212,Brijesh,Murthy,Female,26,Nandyal,Kerala,India,2022-01-21,VIP
3213,Yashica,Saran,Male,23,Indore,Karnataka,India,2022-02-02,VIP
3214,Chandran,Agate,Male,29,Sambalpur,Andhra Pradesh,India,2024-12-05,Premium
3215,Hemani,Om,Male,29,Mirzapur,Delhi,India,2026-02-06,Premium
3216,Anvi,Wagle,Female,67,Machilipatnam,Maharashtra,India,2024-12-04,Regular
3217,Jason,Keer,Male,29,Jalgaon,Andhra Pradesh,India,2024-01-03,VIP
3218,Yasti,Kari,Male,57,Uluberia,Gujarat,India,2022-02-17,Premium
3219,Jasmit,Mukherjee,Female,58,Gangtok,Kerala,India,2024-11-27,Premium
3220,Benjamin,Baral,Male,39,Meerut,Delhi,India,2025-03-04,Regular
3221,Sarthak,Khosla,Female,39,Madanapalle,Gujarat,India,2026-06-18,VIP
3222,Triveni,Pant,Male,33,Hajipur,Tamil Nadu,India,2023-04-15,VIP
3223,Jeremiah,Bhattacharyya,Male,59,Agartala,Karnataka,India,2022-02-10,Premium
3224,Jason,Ramanathan,Male,35,Dehri,Tamil Nadu,India,2022-10-09,Premium
3225,Abdul,Lal,Female,40,Belgaum,Tamil Nadu,India,2026-05-15,VIP
3226,Urvi,Tara,Male,44,Hazaribagh,Andhra Pradesh,India,2023-05-13,VIP
3227,Kritika,Guha,Male,69,Silchar,Kerala,India,2023-12-29,Regular
3228,Xavier,Dubey,Female,41,Ajmer,West Bengal,India,2025-02-12,Regular
3229,Chakrika,Garde,Female,54,Vellore,Delhi,India,2024-03-30,VIP
3230,Nathan,Bail,Male,33,Gurgaon,West Bengal,India,2022-10-28,Regular
3231,Jyoti,Wadhwa,Female,57,Kakinada,Kerala,India,2022-08-07,VIP
3232,Dayita,Krishnamurthy,Female,23,Surendranagar Dudhrej,Delhi,India,2022-01-22,Premium
3233,Madhavi,Manne,Male,62,Sangli-Miraj & Kupwad,Andhra Pradesh,India,2024-09-23,Premium
3234,Kashvi,Mannan,Male,21,Gaya,West Bengal,India,2025-02-21,VIP
3235,Veer,Pillay,Male,67,Tinsukia,Delhi,India,2023-04-21,Regular
3236,Chaaya,Handa,Female,60,Guwahati,Kerala,India,2025-09-16,Premium
3237,Krishna,Morar,Male,50,Parbhani,Gujarat,India,2024-03-08,VIP
3238,Yochana,Wali,Female,61,Kamarhati,Delhi,India,2022-08-22,Premium
3239,Jyoti,Khurana,Female,60,Bally,Maharashtra,India,2024-07-14,Regular
3240,Krish,Shroff,Female,34,Mau,Gujarat,India,2022-01-12,VIP
3241,Bimala,Bhandari,Male,58,Mathura,Delhi,India,2023-06-15,Regular
3242,Tarak,Joshi,Female,42,Jammu,Rajasthan,India,2026-03-10,Regular
3243,Aarini,Murty,Female,69,Tenali,Gujarat,India,2023-08-08,Regular
3244,Lohit,Chaudry,Male,21,Bareilly,Karnataka,India,2025-07-31,Premium
3245,Unnati,Dasgupta,Male,45,Medininagar,Telangana,India,2023-05-28,Premium
3246,Wridesh,Chand,Male,39,Kumbakonam,Tamil Nadu,India,2023-07-23,Regular
3247,Krish,Ravel,Male,69,Kamarhati,Rajasthan,India,2022-01-17,VIP
3248,Niharika,Banerjee,Female,52,Gwalior,Karnataka,India,2026-01-03,Premium
3249,Watika,Narang,Female,59,Bareilly,West Bengal,India,2025-08-22,VIP
3250,Xiti,Ray,Male,25,Hyderabad,Tamil Nadu,India,2023-04-15,Premium
3251,Sathvik,Bala,Male,62,Dharmavaram,West Bengal,India,2022-08-15,VIP
3252,Gaurika,Sachdeva,Male,29,Jamalpur,Telangana,India,2022-10-20,Premium
3253,Agastya,Konda,Male,45,Thoothukudi,Gujarat,India,2025-09-24,Regular
3254,Widisha,Lalla,Male,61,Kavali,Tamil Nadu,India,2022-09-24,Premium
3255,Ojasvi,Aggarwal,Male,62,Katni,Gujarat,India,2024-11-04,VIP
3256,Hiral,Desai,Male,53,Solapur,Tamil Nadu,India,2024-05-11,Regular
3257,Ekavir,Dasgupta,Female,53,Moradabad,Gujarat,India,2026-04-20,VIP
3258,Brinda,Kara,Male,41,Sikar,Delhi,India,2026-03-22,Regular
3259,Vansha,Oza,Female,59,Dharmavaram,Kerala,India,2022-11-24,Regular
3260,Nikita,Hayer,Male,43,Sangli-Miraj & Kupwad,Kerala,India,2023-07-19,Regular
3261,Yashasvi,Divan,Female,23,Mathura,Kerala,India,2025-07-21,Regular
3262,Anvi,Nayak,Male,35,Gurgaon,Kerala,India,2022-05-14,Premium
3263,George,Kumer,Male,18,Durg,Maharashtra,India,2022-10-27,VIP
3264,Zinal,Wason,Female,64,Kalyan-Dombivli,Tamil Nadu,India,2024-10-31,VIP
3265,Ansh,Nazareth,Male,43,Kumbakonam,Maharashtra,India,2025-01-28,VIP
3266,Priya,Saran,Female,25,Kadapa,Rajasthan,India,2022-07-13,VIP
3267,Jackson,Dave,Female,22,Surat,Maharashtra,India,2022-01-26,Premium
3268,Reyansh,Bhakta,Female,49,Karimnagar,Andhra Pradesh,India,2025-01-13,VIP
3269,Mitali,Chakrabarti,Female,53,Kharagpur,West Bengal,India,2023-01-09,VIP
3270,Tamanna,Bora,Male,22,Rajpur Sonarpur,Telangana,India,2022-07-25,Regular
3271,Parth,Kamdar,Male,28,Mau,Delhi,India,2024-09-27,Regular
3272,Charles,Sani,Female,49,Junagadh,West Bengal,India,2026-07-31,Premium
3273,Ikbal,Sunder,Male,20,Khandwa,Maharashtra,India,2026-06-28,VIP
3274,Luke,Kade,Male,37,Ramagundam,Delhi,India,2022-01-21,Regular
3275,Jack,Khurana,Male,45,Begusarai,Rajasthan,India,2021-10-03,Premium
3276,Sara,Hari,Male,61,Bihar Sharif,Telangana,India,2023-09-25,Premium
3277,Vansha,Wadhwa,Female,25,Vellore,Telangana,India,2022-02-08,Premium
3278,Simon,Kaur,Male,32,Srikakulam,West Bengal,India,2022-10-08,Regular
3279,Chatresh,Chaudry,Male,68,Bidhannagar,Kerala,India,2021-11-13,Regular
3280,Champak,Tripathi,Male,32,Buxar,Rajasthan,India,2022-04-07,Premium
3281,Bimala,Mangal,Male,41,Pune,Telangana,India,2025-07-26,Regular
3282,Aadhya,Gandhi,Male,62,Khora ,West Bengal,India,2026-08-02,Regular
3283,Osha,Prashad,Female,31,Suryapet,Delhi,India,2025-08-05,Premium
3284,Gaurav,Vig,Male,56,Ulhasnagar,Tamil Nadu,India,2026-04-08,Premium
3285,Jasmit,Rajagopalan,Male,50,Siliguri,Karnataka,India,2024-07-10,Regular
3286,Harshil,Menon,Female,57,Orai,Andhra Pradesh,India,2024-05-06,Premium
3287,Robert,Gill,Male,56,Moradabad,Gujarat,India,2023-04-15,Regular
3288,Udant,Menon,Male,26,Chinsurah,West Bengal,India,2025-02-24,VIP
3289,Christopher,Reddy,Female,30,Proddatur,Delhi,India,2025-09-26,VIP
3290,Mohammed,Rao,Female,54,Berhampore,Rajasthan,India,2025-04-07,Premium
3291,Azaan,Sathe,Female,29,Thrissur,Maharashtra,India,2024-05-06,Regular
3292,Vedant,Venkatesh,Female,34,Anantapur,West Bengal,India,2024-10-16,Regular
3293,Yagnesh,Venkatesh,Male,44,Kishanganj,Telangana,India,2021-11-11,Premium
3294,Bhavani,Aggarwal,Female,41,Vellore,Delhi,India,2022-09-19,Regular
3295,Lucky,Saraf,Male,18,Ludhiana,Rajasthan,India,2026-05-21,VIP
3296,Manan,Ravi,Female,68,Tinsukia,Gujarat,India,2022-12-17,Premium
3297,Radha,Lata,Female,46,Jamalpur,Gujarat,India,2024-12-19,Regular
3298,Kritika,Padmanabhan,Male,39,Srinagar,West Bengal,India,2023-07-23,Regular
3299,Alexander,Subramaniam,Male,38,Navi Mumbai,Tamil Nadu,India,2022-12-14,Premium
3300,Ranveer,Wadhwa,Male,24,Aurangabad,Andhra Pradesh,India,2024-07-30,VIP
3301,Jai,Krishnamurthy,Male,61,Shimoga,Rajasthan,India,2025-02-07,Regular
3302,Manthan,Khosla,Female,52,Danapur,Maharashtra,India,2024-01-10,VIP
3303,Banjeet,Balan,Male,30,Morena,Tamil Nadu,India,2023-08-14,Premium
3304,Aarav,Ahuja,Male,38,Ghaziabad,Delhi,India,2025-01-13,Premium
3305,Lopa,Bhatnagar,Male,43,Bhiwandi,Andhra Pradesh,India,2025-01-02,Regular
3306,Yahvi,Jaggi,Male,21,Jodhpur,Delhi,India,2023-05-11,VIP
3307,Gaurika,Bal,Male,57,Amritsar,Rajasthan,India,2024-11-26,VIP
3308,Daksh,Mallick,Male,52,Durg,Telangana,India,2022-05-03,VIP
3309,Ekanta,Bhagat,Male,54,Vellore,Rajasthan,India,2023-03-22,Premium
3310,Rohan,Savant,Male,45,Asansol,Maharashtra,India,2022-02-21,Regular
3311,Jyoti,Kannan,Female,51,Gopalpur,Telangana,India,2021-11-09,Regular
3312,Warhi,Sastry,Female,47,Khora ,West Bengal,India,2024-02-09,VIP
3313,Mahika,Gaba,Female,24,Sultan Pur Majra,Maharashtra,India,2022-11-26,Premium
3314,Neha,Sabharwal,Female,69,Kavali,Kerala,India,2022-11-18,Regular
3315,Hemangini,Bahl,Female,65,Pallavaram,Telangana,India,2025-09-30,Regular
3316,Leena,Batta,Male,31,Buxar,Andhra Pradesh,India,2022-04-13,VIP
3317,Adya,Bajaj,Female,21,Loni,Kerala,India,2026-04-02,Regular
3318,Adya,Bhavsar,Male,69,Davanagere,Rajasthan,India,2023-06-09,Regular
3319,Sudiksha,Kata,Male,69,Mira-Bhayandar,Kerala,India,2024-05-21,Regular
3320,Ishita,Garg,Female,21,Hapur,Delhi,India,2025-02-15,Regular
3321,Ikbal,Sibal,Male,58,Madhyamgram,Rajasthan,India,2021-10-21,Premium
3322,Samarth,Gala,Female,21,Vijayawada,Karnataka,India,2023-02-07,Premium
3323,Aadi,Raghavan,Male,67,Muzaffarnagar,Delhi,India,2025-04-20,Premium
3324,Wazir,Varghese,Male,35,Mira-Bhayandar,Delhi,India,2025-09-10,Regular
3325,Warhi,Pai,Female,45,Bhilai,Andhra Pradesh,India,2023-05-02,Premium
3326,Tejas,Sem,Male,20,Bongaigaon,Rajasthan,India,2024-03-27,VIP
3327,Damyanti,Lalla,Male,34,Gulbarga,Kerala,India,2024-06-17,VIP
3328,Champak,Dhaliwal,Female,58,Durg,Rajasthan,India,2026-01-20,Regular
3329,Caleb,Chandra,Male,64,Bally,Tamil Nadu,India,2024-02-19,VIP
3330,Chatresh,Khalsa,Female,20,Kurnool,Gujarat,India,2023-11-04,VIP
3331,Harsh,Rao,Male,62,Deoghar,Delhi,India,2022-08-20,Regular
3332,Lucky,Sheth,Male,34,Anand,Gujarat,India,2023-03-01,Regular
3333,Rachit,Borde,Male,64,Nanded,Andhra Pradesh,India,2022-07-01,Regular
3334,Vyanjana,Yadav,Male,43,Kota,Kerala,India,2023-05-11,Premium
3335,Advika,Venkataraman,Female,25,Tirunelveli,Rajasthan,India,2026-08-01,Premium
3336,Harini,Swamy,Male,58,Muzaffarpur,West Bengal,India,2025-05-03,Regular
3337,Vincent,Zacharia,Female,37,Raipur,Rajasthan,India,2026-02-04,VIP
3338,Peter,Nagar,Male,18,Bhopal,Karnataka,India,2024-08-04,Premium
3339,Veer,Sengupta,Male,31,Kumbakonam,West Bengal,India,2026-05-07,Premium
3340,Priya,Rau,Female,43,Malda,Delhi,India,2025-10-13,Regular
3341,Darsh,Rau,Male,60,Noida,Rajasthan,India,2025-02-27,VIP
3342,Zarna,Din,Male,35,Bharatpur,Maharashtra,India,2021-09-24,Premium
3343,Krisha,Zachariah,Female,46,Guwahati,Rajasthan,India,2023-03-03,Premium
3344,Pranit,Kapur,Male,25,Khammam,Tamil Nadu,India,2023-01-25,Premium
3345,Gabriel,Ramaswamy,Male,59,Kanpur,Gujarat,India,2024-07-24,Regular
3346,Sara,Cheema,Male,55,Machilipatnam,Tamil Nadu,India,2026-07-23,VIP
3347,Mason,Bora,Female,20,Srinagar,Tamil Nadu,India,2026-07-26,Premium
3348,Liam,Narang,Male,32,Sirsa,Andhra Pradesh,India,2022-01-18,VIP
3349,Amrita,Keer,Female,30,Narasaraopet,Delhi,India,2026-04-28,Regular
3350,Bhavya,Babu,Male,66,Cuttack,Karnataka,India,2022-01-13,Regular
3351,Ganga,Bandi,Female,24,Hosur,Telangana,India,2025-05-25,Premium
3352,Zashil,Tripathi,Female,38,Bikaner,Tamil Nadu,India,2024-04-01,Premium
3353,Geetika,Vala,Female,61,Guwahati,Karnataka,India,2024-02-16,Premium
3354,Idika,Seth,Male,21,Vadodara,Maharashtra,India,2025-06-20,VIP
3355,Gavin,Parikh,Female,33,Noida,Andhra Pradesh,India,2026-05-05,Regular
3356,Neelima,Sem,Female,52,Morena,Tamil Nadu,India,2023-05-19,Premium
3357,Rachit,Bal,Male,69,Panipat,Tamil Nadu,India,2024-12-13,Premium
3358,Faras,Bhatt,Female,20,Shimla,Gujarat,India,2026-03-29,Regular
3359,Waida,Rajagopalan,Male,40,Ramgarh,Kerala,India,2025-06-05,Premium
3360,Yashasvi,Tank,Female,36,Bikaner,Andhra Pradesh,India,2024-06-08,Premium
3361,Zaitra,Hayre,Male,21,Agra,Kerala,India,2026-03-29,Premium
3362,Eesha,Viswanathan,Male,24,Silchar,Kerala,India,2023-04-19,VIP
3363,Wazir,Pillay,Female,36,Agartala,Telangana,India,2021-12-19,VIP
3364,Jalsa,Ramakrishnan,Male,40,Udupi,Maharashtra,India,2024-07-15,Regular
3365,Tanmayi,Barad,Male,60,Amravati,Telangana,India,2023-02-21,Premium
3366,Ati,Goda,Female,45,Dindigul,Tamil Nadu,India,2023-12-30,Premium
3367,Zayan,Gopal,Female,54,Jaunpur,Kerala,India,2025-01-24,Premium
3368,Rohan,Dey,Male,61,Pudukkottai,Andhra Pradesh,India,2024-03-19,Regular
3369,Quincy,Koshy,Female,19,Katihar,Andhra Pradesh,India,2026-08-12,Premium
3370,Amruta,Raman,Male,43,Jammu,Tamil Nadu,India,2026-05-11,VIP
3371,Harshil,Oak,Female,25,Dehradun,Maharashtra,India,2023-12-07,VIP
3372,Fariq,Narang,Male,45,Katihar,Rajasthan,India,2024-08-02,Premium
3373,Vasudha,Gokhale,Female,55,Pali,Rajasthan,India,2023-02-20,Regular
3374,Onveer,Raval,Female,61,Korba,Delhi,India,2024-08-19,Regular
3375,Kala,Chaudry,Male,32,Dibrugarh,Gujarat,India,2022-08-13,Premium
3376,Mahika,Pingle,Male,57,Indore,Delhi,India,2025-11-17,Premium
3377,Zilmil,Lall,Female,51,Karaikudi,Andhra Pradesh,India,2024-06-21,Regular
3378,Amol,Nagi,Male,59,Tumkur,Tamil Nadu,India,2023-12-10,VIP
3379,Udarsh,Amble,Male,61,Farrukhabad,Delhi,India,2022-09-25,Regular
3380,Yauvani,Borde,Female,34,Ongole,West Bengal,India,2025-10-31,Regular
3381,Nitesh,Batta,Female,48,Nagaon,Telangana,India,2024-07-20,Premium
3382,Warinder,Luthra,Female,61,Chandigarh,Tamil Nadu,India,2024-10-23,Regular
3383,Shivansh,Ramesh,Male,69,Hubli–Dharwad,West Bengal,India,2024-06-24,Premium
3384,Chaaya,Setty,Female,28,Khammam,West Bengal,India,2024-07-02,Premium
3385,Samaksh,Chhabra,Female,25,Malegaon,Maharashtra,India,2024-10-29,Regular
3386,Tanish,Saini,Male,31,Loni,Karnataka,India,2022-07-17,Regular
3387,Wazir,Sandhu,Male,25,Ratlam,Delhi,India,2022-02-07,VIP
3388,Amol,Lata,Female,52,Moradabad,Kerala,India,2024-02-15,Premium
3389,Gagan,Banik,Female,32,Belgaum,Karnataka,India,2025-08-06,Regular
3390,Leela,Wadhwa,Male,29,Gudivada,Rajasthan,India,2026-03-03,VIP
3391,Urvashi,Bhasin,Male,20,Morena,Rajasthan,India,2021-10-08,VIP
3392,Anita,Patel,Male,19,Noida,Delhi,India,2026-02-01,Premium
3393,Ijaya,Ratti,Male,31,Durgapur,Gujarat,India,2024-07-12,Premium
3394,Priya,Saha,Male,53,Anantapur,Gujarat,India,2026-01-08,VIP
3395,Ojasvi,Sengupta,Male,39,Parbhani,Kerala,India,2024-04-02,VIP
3396,Oliver,Devi,Female,38,Naihati,Rajasthan,India,2026-01-20,Premium
3397,Geetika,Mammen,Male,39,Giridih,Delhi,India,2025-04-20,Regular
3398,Januja,Nadig,Male,30,Mangalore,Delhi,India,2025-12-25,Premium
3399,Kabir,Modi,Male,34,Gwalior,Delhi,India,2025-05-10,VIP
3400,Gaurangi,Bal,Male,39,Chennai,Kerala,India,2022-01-18,Premium
3401,Brijesh,Dugal,Male,33,Serampore,Andhra Pradesh,India,2023-09-01,Regular
3402,Vincent,Bora,Male,63,Mira-Bhayandar,West Bengal,India,2022-09-12,Premium
3403,Eshana,Nadig,Female,59,Dhule,Maharashtra,India,2021-10-05,Premium
3404,Ekiya,Oak,Male,62,Visakhapatnam,Tamil Nadu,India,2026-02-25,VIP
3405,Samar,Sandal,Female,40,Salem,Delhi,India,2024-02-17,Premium
3406,Chavvi,Mane,Male,48,Kharagpur,Delhi,India,2025-11-20,VIP
3407,Maanas,Tata,Female,22,Bhusawal,Telangana,India,2025-07-14,Premium
3408,Ridhi,Master,Female,49,Jalgaon,Maharashtra,India,2021-10-07,Premium
3409,Kai,Peri,Female,64,Arrah,Karnataka,India,2024-02-29,Regular
3410,Shaurya,Boase,Female,46,Malegaon,Tamil Nadu,India,2026-05-03,Premium
3411,Hitesh,Deol,Female,56,Rajkot,Karnataka,India,2022-10-15,Premium
3412,Ryan,Dhar,Female,25,Farrukhabad,West Bengal,India,2022-07-02,Premium
3413,Daniel,Purohit,Female,22,Mysore,Rajasthan,India,2026-02-18,Premium
3414,Yash,Sagar,Female,33,Unnao,Kerala,India,2023-01-28,VIP
3415,Samar,Sheth,Male,31,Nagpur,Telangana,India,2026-03-30,Regular
3416,Noah,Sinha,Female,37,Kadapa,Delhi,India,2022-06-15,VIP
3417,Tamanna,Goel,Female,24,Etawah,Tamil Nadu,India,2025-10-18,VIP
3418,Ucchal,Nagi,Male,41,Mirzapur,Gujarat,India,2026-06-30,Premium
3419,Amaira,Sule,Female,41,Nadiad,West Bengal,India,2023-01-11,VIP
3420,Bachittar,Nanda,Female,55,Tadipatri,Andhra Pradesh,India,2022-06-25,VIP
3421,Yasti,Setty,Female,62,Begusarai,Gujarat,India,2023-10-07,Regular
3422,Harsh,Ramanathan,Male,68,Jamalpur,West Bengal,India,2023-04-05,VIP
3423,Ria,Dara,Female,35,Akola,Kerala,India,2022-04-02,VIP
3424,Tanvi,Kale,Male,57,Mango,Delhi,India,2023-07-25,Regular
3425,Quincy,Balakrishnan,Male,69,South Dumdum,Karnataka,India,2023-03-08,Premium
3426,Mohammed,Kala,Male,42,Tirunelveli,Karnataka,India,2022-07-28,Premium
3427,Prisha,Narain,Male,36,Avadi,Andhra Pradesh,India,2023-09-22,Premium
3428,Maanas,Khalsa,Female,49,Anantapur,Delhi,India,2024-10-21,Premium
3429,Yash,Zachariah,Male,66,Imphal,Gujarat,India,2026-06-11,Regular
3430,Darika,Loke,Male,34,Bhilai,Rajasthan,India,2025-11-15,Premium
3431,Ubika,Tailor,Female,25,Nanded,Kerala,India,2025-01-21,Regular
3432,Bimala,Kota,Male,45,Aurangabad,Rajasthan,India,2024-07-17,Premium
3433,Advika,Kulkarni,Male,43,Phagwara,West Bengal,India,2022-09-14,Premium
3434,Pranit,Sekhon,Female,63,Delhi,Delhi,India,2023-04-21,VIP
3435,Owen,Sarraf,Female,20,Nanded,Kerala,India,2022-03-09,Premium
3436,Garima,Koshy,Male,30,Hajipur,Karnataka,India,2025-12-12,Regular
3437,Isaiah,Kala,Male,28,Khammam,Andhra Pradesh,India,2022-11-21,VIP
3438,Zilmil,Kibe,Male,64,Jalgaon,Andhra Pradesh,India,2021-12-14,VIP
3439,Guneet,Desai,Male,48,Sikar,Telangana,India,2022-03-05,Regular
3440,Raghav,Ghose,Female,42,Varanasi,Telangana,India,2023-12-21,Regular
3441,Vrinda,Shroff,Female,32,Karnal,Andhra Pradesh,India,2023-07-04,Premium
3442,Kashish,Varkey,Female,61,Udaipur,Rajasthan,India,2023-09-23,VIP
3443,Meera,Bhat,Female,21,Panihati,Karnataka,India,2021-11-10,VIP
3444,Arunima,Mittal,Male,49,Munger,Kerala,India,2022-05-30,Regular
3445,Ekani,Choudhary,Male,58,Jabalpur,West Bengal,India,2024-08-30,Premium
3446,Nicholas,Kade,Male,40,Lucknow,Delhi,India,2022-12-25,VIP
3447,Oliver,Pall,Female,19,Tiruchirappalli,Maharashtra,India,2024-04-15,Premium
3448,Rushil,Sridhar,Male,65,Sasaram,West Bengal,India,2023-05-10,Regular
3449,Dakshesh,Hegde,Female,43,Gangtok,Karnataka,India,2025-04-01,Premium
3450,Upma,Butala,Male,57,Guntakal,West Bengal,India,2025-12-19,Premium
3451,Girik,Contractor,Female,59,Sikar,West Bengal,India,2022-02-15,Premium
3452,Matthew,Doshi,Male,34,Dhule,Rajasthan,India,2023-01-20,Regular
3453,Jacob,Sharma,Female,29,Kirari Suleman Nagar,Telangana,India,2022-11-25,Regular
3454,Chatresh,Contractor,Male,61,Bhiwandi,Rajasthan,India,2022-09-03,VIP
3455,Lavanya,Rau,Male,54,Bikaner,Rajasthan,India,2023-04-02,Regular
3456,Benjamin,Dara,Female,60,Amroha,Telangana,India,2022-11-14,Premium
3457,Hemal,Wadhwa,Male,31,Kulti,Gujarat,India,2023-05-26,Regular
3458,Tanish,Bansal,Male,60,Aurangabad,Maharashtra,India,2023-05-08,VIP
3459,Raagini,Rai,Female,23,Dhule,Gujarat,India,2026-04-10,Premium
3460,Agastya,Gola,Female,69,Barasat,West Bengal,India,2026-02-22,Regular
3461,Hemang,Doctor,Female,57,Belgaum,Telangana,India,2022-07-27,Premium
3462,Gautam,Mane,Female,32,Proddatur,Maharashtra,India,2025-01-26,Regular
3463,Logan,Nazareth,Male,63,Gangtok,Gujarat,India,2024-06-28,VIP
3464,Krish,Doctor,Female,62,Gandhinagar,Kerala,India,2022-10-23,VIP
3465,Anay,Hari,Female,22,Etawah,Andhra Pradesh,India,2024-12-13,Regular
3466,Dominic,Agarwal,Female,46,Jehanabad,Kerala,India,2024-08-25,Premium
3467,Kabir,Taneja,Male,55,Jalandhar,Delhi,India,2023-08-30,Regular
3468,Sudiksha,Dani,Female,51,Bally,Andhra Pradesh,India,2023-05-03,Premium
3469,Panini,Parmer,Male,67,Panvel,Andhra Pradesh,India,2024-10-31,VIP
3470,Lila,Mohanty,Female,32,Rajpur Sonarpur,Rajasthan,India,2021-12-11,VIP
3471,Aashi,Borde,Female,42,Indore,Rajasthan,India,2022-11-29,Regular
3472,Vasatika,Bhagat,Male,38,Amravati,Rajasthan,India,2024-10-16,VIP
3473,Neel,Srinivas,Female,55,Proddatur,Gujarat,India,2025-12-03,VIP
3474,Arunima,Bhasin,Male,66,Khora ,Maharashtra,India,2022-03-28,Regular
3475,Saanvi,Chada,Male,18,Purnia,Gujarat,India,2021-11-26,Premium
3476,Nitara,Kari,Male,37,Cuttack,Telangana,India,2024-02-09,Regular
3477,Hredhaan,Oommen,Female,53,Bhilwara,Gujarat,India,2023-01-23,Regular
3478,Abhimanyu,Kapadia,Male,25,Patna,Rajasthan,India,2023-11-02,Regular
3479,Daniel,Dash,Female,33,Tadepalligudem,Andhra Pradesh,India,2024-10-20,VIP
3480,Nidra,Taneja,Male,29,Arrah,Tamil Nadu,India,2025-04-24,Premium
3481,Darika,Bhattacharyya,Male,34,Mango,Tamil Nadu,India,2024-09-03,Regular
3482,Kamya,Mane,Male,68,Malegaon,Maharashtra,India,2023-10-22,VIP
3483,Zayan,Srinivasan,Female,33,Durgapur,Delhi,India,2023-11-07,Regular
3484,Triya,Saraf,Male,34,Bhubaneswar,West Bengal,India,2022-02-02,Regular
3485,Daniel,Dani,Female,49,Agra,Delhi,India,2023-06-23,Premium
3486,Avi,Sachar,Male,29,Salem,Telangana,India,2025-07-15,Regular
3487,Mohini,Majumdar,Male,51,Unnao,Gujarat,India,2023-02-02,Regular
3488,Pallavi,Varty,Female,66,Tinsukia,Rajasthan,India,2021-10-28,Regular
3489,Zansi,Chatterjee,Male,22,Sultan Pur Majra,Kerala,India,2022-08-17,Regular
3490,Manbir,Balasubramanian,Female,31,Tiruvottiyur,Telangana,India,2022-03-25,Regular
3491,Ubika,Chad,Male,50,Danapur,Telangana,India,2022-01-27,Regular
3492,Nilima,Sethi,Female,44,Shahjahanpur,Gujarat,India,2022-03-04,VIP
3493,Turvi,Karnik,Female,50,Vijayawada,Tamil Nadu,India,2022-02-13,VIP
3494,Bhavna,Patel,Female,68,Pallavaram,Tamil Nadu,India,2024-04-07,VIP
3495,Ryan,Rattan,Female,40,Raipur,Maharashtra,India,2023-05-21,VIP
3496,Aryan,Badal,Female,44,South Dumdum,Rajasthan,India,2024-09-06,Premium
3497,Isha,Sekhon,Female,55,Haldia,Kerala,India,2023-11-15,Regular
3498,Watika,Balan,Male,67,Jamshedpur,Maharashtra,India,2026-06-27,Premium
3499,Abdul,Nath,Female,36,Kollam,Rajasthan,India,2025-02-19,Regular
3500,Naksh,Sarraf,Female,59,Junagadh,Karnataka,India,2025-01-22,Premium
3501,Rajeshri,Dixit,Male,39,Nagercoil,Andhra Pradesh,India,2022-04-05,Regular
3502,Wridesh,Devi,Female,47,Surat,West Bengal,India,2021-12-26,Regular
3503,Dakshesh,Lata,Female,35,Vijayanagaram,Karnataka,India,2025-05-02,Regular
3504,Harish,Mukhopadhyay,Male,43,Giridih,Delhi,India,2021-12-04,Premium
3505,Ekansh,Dada,Female,53,Amroha,Andhra Pradesh,India,2025-11-04,Premium
3506,Unni,Dash,Female,27,Agra,Kerala,India,2021-11-18,VIP
3507,Adweta,Keer,Female,31,Phusro,West Bengal,India,2024-01-03,VIP
3508,Aarush,Murty,Male,34,Amritsar,Delhi,India,2024-05-28,Premium
3509,Orinder,Basak,Female,55,Phagwara,Kerala,India,2025-12-25,Premium
3510,Baljiwan,Mishra,Female,40,Tenali,Tamil Nadu,India,2026-03-20,VIP
3511,Waida,Kapur,Male,41,Davanagere,West Bengal,India,2025-08-27,VIP
3512,Reva,Dara,Female,19,Eluru,Gujarat,India,2026-06-13,Regular
3513,Brinda,Chaudry,Female,64,Eluru,Rajasthan,India,2022-07-24,VIP
3514,Manthan,Kalita,Female,34,Baranagar,Delhi,India,2022-02-17,VIP
3515,Vedhika,Srinivasan,Female,68,Kulti,West Bengal,India,2023-09-12,VIP
3516,Owen,Naidu,Female,65,South Dumdum,Kerala,India,2023-07-05,VIP
3517,Yutika,Mann,Male,50,Phagwara,Rajasthan,India,2025-07-04,Regular
3518,Alexander,Bhavsar,Male,55,Dehradun,Karnataka,India,2025-05-18,VIP
3519,Liam,Bal,Male,64,Bhind,Andhra Pradesh,India,2022-02-23,Regular
3520,Yutika,Sharma,Male,30,Aligarh,Gujarat,India,2022-06-21,Regular
3521,Nirja,Bhakta,Female,49,Bhopal,Tamil Nadu,India,2023-12-03,Regular
3522,Girish,Chacko,Female,35,Uluberia,Delhi,India,2026-07-29,Premium
3523,Yochana,Thaman,Female,41,Siliguri,West Bengal,India,2022-08-31,VIP
3524,Fiyaz,Saxena,Male,42,Siwan,Maharashtra,India,2025-12-30,Regular
3525,Bimala,Trivedi,Male,40,Madurai,Gujarat,India,2026-05-13,Premium
3526,Mohini,Lad,Female,23,Deoghar,Tamil Nadu,India,2022-11-21,VIP
3527,Naveen,Dara,Female,40,Raurkela Industrial Township,Gujarat,India,2026-02-25,Premium
3528,Yochana,Kaul,Female,34,Guna,Telangana,India,2024-11-22,Premium
3529,Raksha,Apte,Male,62,Ghaziabad,Kerala,India,2021-12-06,Premium
3530,Aashi,Zachariah,Male,29,Gurgaon,Kerala,India,2025-09-30,VIP
3531,Ekaja,Solanki,Male,65,Bokaro,Telangana,India,2023-04-27,VIP
3532,Lajita,Chada,Female,41,Hindupur,Tamil Nadu,India,2025-02-21,VIP
3533,Gavin,Chad,Female,61,Sasaram,Karnataka,India,2025-12-18,Regular
3534,Anamika,Gandhi,Female,47,Karaikudi,Telangana,India,2026-01-03,VIP
3535,Matthew,Sheth,Male,49,Adoni,Telangana,India,2025-10-09,Premium
3536,Chandresh,Loke,Male,28,Giridih,Andhra Pradesh,India,2024-09-23,VIP
3537,Veer,Dalal,Female,37,Hubli–Dharwad,Telangana,India,2025-04-25,Regular
3538,Isaiah,Pant,Female,22,Varanasi,Kerala,India,2025-12-01,Premium
3539,Yuvraj,Goel,Female,27,Anantapuram,Telangana,India,2026-06-02,VIP
3540,Udarsh,Nath,Female,67,Raichur,Karnataka,India,2022-08-16,Premium
3541,Triveni,Rao,Female,59,Jalna,Delhi,India,2022-02-05,Premium
3542,Oviya,Mandal,Female,38,Yamunanagar,West Bengal,India,2026-05-13,Premium
3543,Yuvraj,Lanka,Male,57,Indore,Rajasthan,India,2023-12-22,Regular
3544,Sneha,Vaidya,Male,19,Saharanpur,Karnataka,India,2022-04-07,VIP
3545,Sachi,Apte,Male,59,Kishanganj,Karnataka,India,2024-08-03,Premium
3546,Harsh,Raju,Female,50,Kozhikode,Maharashtra,India,2024-09-26,Regular
3547,Xavier,Ray,Female,28,Hosur,Andhra Pradesh,India,2026-05-13,VIP
3548,Jeremiah,Acharya,Male,42,Shimoga,Telangana,India,2026-04-06,Regular
3549,Mugdha,Walia,Female,26,Srikakulam,Gujarat,India,2022-01-23,Premium
3550,Rajata,Devan,Female,36,Tenali,West Bengal,India,2025-10-16,Regular
3551,Matthew,Vyas,Female,52,Madanapalle,Andhra Pradesh,India,2026-08-11,Regular
3552,Ekansh,Sandal,Male,60,Rajkot,West Bengal,India,2022-06-22,Regular
3553,Charita,Borah,Male,53,Gorakhpur,Kerala,India,2023-10-29,Premium
3554,Ishita,Gade,Male,41,Vellore,Telangana,India,2022-08-19,Regular
3555,Viraj,Kala,Female,20,Vellore,Delhi,India,2021-09-19,Premium
3556,Harita,Grover,Male,68,Varanasi,West Bengal,India,2023-11-17,Regular
3557,Ekani,Vaidya,Female,20,Rewa,Telangana,India,2024-07-16,Regular
3558,Anthony,Gandhi,Male,58,Alwar,Gujarat,India,2024-04-13,Premium
3559,Warhi,Dhillon,Male,51,Amravati,Rajasthan,India,2022-07-17,Premium
3560,Pushti,Nadkarni,Female,68,Nellore,Delhi,India,2024-03-04,Regular
3561,Anusha,Bala,Male,18,Rewa,Rajasthan,India,2022-04-02,VIP
3562,Upma,Sule,Female,53,Hazaribagh,Maharashtra,India,2022-10-16,Premium
3563,Aarna,Yohannan,Female,23,Bongaigaon,West Bengal,India,2026-04-25,Premium
3564,Aarnav,Rattan,Female,65,Suryapet,Tamil Nadu,India,2022-12-13,Premium
3565,Gunbir,Magar,Male,27,Mango,Kerala,India,2024-01-07,Premium
3566,Odika,Varughese,Female,65,Kamarhati,Tamil Nadu,India,2024-06-28,Regular
3567,Qasim,Ramesh,Male,63,Bilaspur,Karnataka,India,2026-05-11,VIP
3568,Pahal,Yohannan,Female,39,Amaravati,Tamil Nadu,India,2025-01-29,VIP
3569,Ria,Muni,Female,22,Tezpur,Andhra Pradesh,India,2024-05-15,Regular
3570,Gautam,Narang,Male,30,Giridih,Tamil Nadu,India,2023-12-08,VIP
3571,Dipta,Bawa,Female,28,Amravati,Gujarat,India,2022-11-10,VIP
3572,Pranit,Bhardwaj,Male,23,Karimnagar,West Bengal,India,2023-10-23,Premium
3573,Lakshmi,Basu,Male,61,Raipur,Andhra Pradesh,India,2022-04-24,VIP
3574,Urvi,Brar,Female,50,Ghaziabad,West Bengal,India,2023-08-24,Premium
3575,Megha,Johal,Male,36,Satara,Gujarat,India,2023-10-30,VIP
3576,Nirja,Dass,Male,42,Kottayam,Andhra Pradesh,India,2023-12-04,VIP
3577,Falak,Pradhan,Male,37,Nadiad,Kerala,India,2025-11-04,VIP
3578,Abhimanyu,Bawa,Female,41,Hindupur,West Bengal,India,2026-08-01,Premium
3579,Charvi,Deshpande,Female,28,Bettiah,Delhi,India,2023-11-04,Premium
3580,Praneel,Batta,Male,39,Gandhinagar,Tamil Nadu,India,2024-11-26,VIP
3581,Anusha,Saran,Female,45,Mehsana,Delhi,India,2025-03-16,Premium
3582,Chandresh,Narain,Female,48,Firozabad,Delhi,India,2023-02-02,Regular
3583,Akshay,Mukhopadhyay,Female,42,Bhusawal,West Bengal,India,2024-10-23,VIP
3584,Vrishti,Savant,Male,64,Siwan,Tamil Nadu,India,2021-12-17,Premium
3585,Shravya,Morar,Female,55,Korba,Tamil Nadu,India,2023-05-08,VIP
3586,Yashawini,Balakrishnan,Male,57,Bikaner,Gujarat,India,2023-10-11,VIP
3587,Kala,Kuruvilla,Male,32,Eluru,Tamil Nadu,India,2022-10-29,Premium
3588,Qarin,Sahota,Male,33,Ramagundam,Telangana,India,2022-03-05,VIP
3589,Ikbal,Ranganathan,Male,65,Mahbubnagar,Delhi,India,2024-08-31,Regular
3590,Veer,Bera,Female,31,Khandwa,Karnataka,India,2023-01-28,Premium
3591,Rachit,Dani,Female,22,Saharanpur,Kerala,India,2024-03-19,VIP
3592,Pratyush,Seth,Female,31,Morena,Delhi,India,2025-09-29,Regular
3593,Deepa,Rattan,Female,53,Satna,West Bengal,India,2022-04-15,Regular
3594,Madhavi,Bala,Male,53,Vijayawada,Gujarat,India,2023-03-21,Regular
3595,Avni,Chaudhry,Female,55,Serampore,Delhi,India,2025-12-29,Premium
3596,Zayan,Walla,Male,65,Allahabad,Andhra Pradesh,India,2021-10-07,Regular
3597,Alexander,Chokshi,Female,46,Giridih,Maharashtra,India,2026-02-07,Premium
3598,Meghana,Srivastava,Male,53,Karaikudi,Karnataka,India,2022-10-20,Regular
3599,Rohan,Buch,Male,63,Gangtok,Karnataka,India,2024-10-05,Regular
3600,Sachi,Arya,Male,33,Amroha,Gujarat,India,2022-11-11,Regular
3601,Nilima,Lall,Male,23,Khandwa,Gujarat,India,2022-05-12,VIP
3602,Manan,Choudhry,Female,29,Meerut,Maharashtra,India,2023-06-13,Regular
3603,Zayan,Karnik,Female,50,Tiruvottiyur,Delhi,India,2023-08-27,VIP
3604,Qushi,Pal,Male,25,Katihar,West Bengal,India,2022-02-14,Regular
3605,Triya,Palla,Female,49,Arrah,Andhra Pradesh,India,2023-12-19,Premium
3606,Yoshita,Gill,Female,39,Warangal,Telangana,India,2022-10-06,VIP
3607,Viraj,Thakur,Male,21,Nizamabad,Delhi,India,2024-10-16,Premium
3608,Amrita,Batta,Female,28,Haldia,Telangana,India,2023-11-17,Regular
3609,Dalaja,Pillai,Female,69,Bhind,West Bengal,India,2024-08-04,Regular
3610,Madhav,Hegde,Male,34,Gorakhpur,West Bengal,India,2022-11-26,VIP
3611,Rishi,Dube,Male,44,Baranagar,Maharashtra,India,2026-04-14,Premium
3612,Vyanjana,Chad,Male,39,Bahraich,Karnataka,India,2025-02-05,Regular
3613,Samuel,Kibe,Female,20,Rourkela,Gujarat,India,2025-11-16,Regular
3614,Omkaar,Balasubramanian,Female,23,Miryalaguda,Tamil Nadu,India,2026-04-19,VIP
3615,Ladli,Gara,Female,31,Fatehpur,Gujarat,India,2024-09-20,VIP
3616,Advik,Bhat,Male,64,Medininagar,Telangana,India,2025-01-02,VIP
3617,Yatin,Barman,Male,46,Ozhukarai,Rajasthan,India,2023-05-14,Regular
3618,Bachittar,Raju,Male,46,Anantapur,Delhi,India,2026-05-09,Premium
3619,Yahvi,Dhillon,Female,23,Berhampur,Maharashtra,India,2024-07-12,Regular
3620,Victor,Mody,Male,42,Vadodara,Rajasthan,India,2022-08-06,VIP
3621,Yutika,Biswas,Female,65,Gandhidham,Maharashtra,India,2025-09-30,Regular
3622,Yashasvi,Mangat,Male,33,Khandwa,Tamil Nadu,India,2024-08-25,VIP
3623,Orinder,Mallick,Female,57,Rohtak,Kerala,India,2024-10-08,Regular
3624,Advika,Lala,Female,45,Meerut,Delhi,India,2026-03-28,Premium
3625,Shivansh,Warrior,Male,61,Amritsar,Gujarat,India,2025-10-03,Premium
3626,Teerth,Seshadri,Male,59,Kanpur,Kerala,India,2024-06-09,VIP
3627,Wridesh,Dasgupta,Male,55,Jorhat,Delhi,India,2025-08-06,VIP
3628,Yadavi,Vala,Female,64,Siwan,Karnataka,India,2024-12-30,Premium
3629,Pavani,Wable,Male,49,Khora ,Andhra Pradesh,India,2022-03-26,VIP
3630,Damini,Murty,Female,59,Adoni,West Bengal,India,2022-11-04,Regular
3631,Varenya,Cheema,Female,25,Hospet,Andhra Pradesh,India,2022-11-19,VIP
3632,Zehaan,Puri,Male,63,Vadodara,Karnataka,India,2022-06-23,Regular
3633,Lakshmi,Krishnan,Female,66,Agartala,Tamil Nadu,India,2022-11-02,VIP
3634,Samar,Kara,Male,56,Ujjain,Telangana,India,2026-02-24,VIP
3635,Warinder,Khanna,Female,24,Saharanpur,Maharashtra,India,2022-09-03,VIP
3636,Xalak,Balan,Female,33,Sangli-Miraj & Kupwad,Tamil Nadu,India,2026-07-14,Regular
3637,Shivansh,Gera,Female,67,Gangtok,Kerala,India,2026-06-14,Regular
3638,Simon,Ganesh,Male,54,Bhilai,Kerala,India,2022-02-04,Regular
3639,Jackson,Aurora,Male,39,Berhampur,Kerala,India,2023-03-17,Regular
3640,Aarnav,Babu,Female,44,Nagaon,Gujarat,India,2024-12-30,Regular
3641,Triya,Saraf,Female,41,Raipur,Kerala,India,2022-02-05,VIP
3642,Ayushman,Trivedi,Female,20,Kharagpur,Tamil Nadu,India,2022-10-01,VIP
3643,Advay,Chacko,Male,48,Maheshtala,Andhra Pradesh,India,2024-11-18,Regular
3644,Leela,Chander,Female,47,Ghaziabad,Telangana,India,2023-09-18,Regular
3645,Bimala,Nagar,Female,40,Guwahati,Gujarat,India,2026-01-20,Regular
3646,Champak,Subramanian,Female,37,Bidar,Telangana,India,2026-05-24,Regular
3647,Lakshit,Hayer,Female,24,Tirupati,Tamil Nadu,India,2025-03-10,Premium
3648,Diya,Chaudhari,Female,47,Delhi,Gujarat,India,2023-05-27,Premium
3649,Anay,Shankar,Male,24,South Dumdum,Delhi,India,2021-09-28,VIP
3650,Kala,Mallick,Female,49,Giridih,Telangana,India,2024-12-09,Regular
3651,Raksha,Borde,Female,42,Jaipur,Delhi,India,2022-02-08,VIP
3652,Rajata,Sant,Male,45,Bhusawal,Andhra Pradesh,India,2023-12-31,Premium
3653,George,Borah,Male,35,Singrauli,Kerala,India,2024-11-13,VIP
3654,Chandani,Chadha,Male,28,Kamarhati,Gujarat,India,2024-02-11,Regular
3655,Aarav,Sekhon,Female,62,Salem,Gujarat,India,2025-02-08,Regular
3656,Amruta,Singh,Female,65,Nagaon,Gujarat,India,2021-11-03,Premium
3657,Jhalak,Hayer,Female,65,Gurgaon,Gujarat,India,2026-05-18,Premium
3658,Samaksh,Menon,Male,31,Burhanpur,Kerala,India,2026-04-04,Premium
3659,Nidhi,Dutta,Female,30,Medininagar,Rajasthan,India,2025-08-14,Premium
3660,Alexander,Wable,Female,31,Panvel,Maharashtra,India,2025-05-26,Regular
3661,Zinal,Dani,Female,25,Dehri,West Bengal,India,2025-11-03,Premium
3662,Elijah,Patla,Female,33,Uluberia,West Bengal,India,2025-05-12,Regular
3663,Pranit,Patil,Female,27,Solapur,Rajasthan,India,2026-07-22,VIP
3664,Suhani,Purohit,Male,44,Hindupur,Telangana,India,2023-09-23,Regular
3665,Jonathan,Bains,Male,67,Mira-Bhayandar,Andhra Pradesh,India,2025-05-20,Premium
3666,Jagrati,Sha,Male,53,Nadiad,Telangana,India,2021-11-02,Premium
3667,Chasmum,Brar,Female,66,Aurangabad,Rajasthan,India,2024-11-06,Premium
3668,Liam,Bora,Male,62,Karimnagar,Maharashtra,India,2024-07-26,Regular
3669,Yashvi,Murthy,Male,62,Jaunpur,Kerala,India,2025-11-07,Premium
3670,Tanmayi,Mannan,Male,25,Durgapur,Telangana,India,2025-11-13,VIP
3671,Chaman,Rajan,Female,55,Aurangabad,Delhi,India,2022-07-15,VIP
3672,Maanav,Mand,Male,18,Narasaraopet,Rajasthan,India,2025-02-20,Premium
3673,Lakshit,Sarin,Male,64,Belgaum,Tamil Nadu,India,2023-02-05,Premium
3674,Lohit,Sood,Male,30,Anand,Tamil Nadu,India,2022-05-07,Premium
3675,Shivani,Bera,Male,64,Ambarnath,Telangana,India,2023-12-24,Premium
3676,Kevin,Cheema,Male,69,Durg,Delhi,India,2024-11-19,VIP
3677,Vedika,Bath,Female,41,Raebareli,Delhi,India,2026-01-06,Regular
3678,Jonathan,Agate,Female,45,Cuttack,Delhi,India,2024-11-01,Regular
3679,Watika,Acharya,Male,55,Dhanbad,Karnataka,India,2022-04-02,VIP
3680,Mohini,Kanda,Male,38,Alappuzha,West Bengal,India,2024-01-20,Regular
3681,Chatresh,Sharaf,Male,35,Rajpur Sonarpur,Gujarat,India,2022-11-14,Premium
3682,Arya,Singhal,Female,34,Ambala,Delhi,India,2023-02-06,Premium
3683,Falak,Mammen,Female,32,Howrah,Kerala,India,2022-06-21,Premium
3684,Vedika,Venkatesh,Female,18,Nanded,Gujarat,India,2023-12-10,VIP
3685,Sneha,Khosla,Male,61,Bhavnagar,Karnataka,India,2025-04-13,VIP
3686,Elijah,Ramachandran,Male,34,Chennai,Maharashtra,India,2025-10-22,Premium
3687,Dominic,Bhargava,Male,65,Kishanganj,Karnataka,India,2022-03-20,Regular
3688,Gavin,D’Alia,Female,69,Mumbai,Andhra Pradesh,India,2023-03-25,Regular
3689,Ubika,Chopra,Female,64,Satna,Kerala,India,2023-04-18,VIP
3690,Prisha,Buch,Female,43,Mirzapur,Karnataka,India,2023-08-25,Regular
3691,Ridhi,Bera,Male,51,Kollam,Kerala,India,2022-02-01,Premium
3692,Bachittar,Shere,Female,69,Chinsurah,Tamil Nadu,India,2024-05-20,VIP
3693,Alexander,Agrawal,Female,50,Bardhaman,Tamil Nadu,India,2022-06-14,VIP
3694,Yamini,Muni,Male,31,Durg,Rajasthan,India,2023-08-24,VIP
3695,Lohit,Vig,Female,20,Haridwar,Tamil Nadu,India,2026-06-09,VIP
3696,Tanay,Sachar,Male,45,Mira-Bhayandar,Karnataka,India,2023-11-25,VIP
3697,Arya,Sodhi,Male,40,Haridwar,Kerala,India,2022-06-18,Premium
3698,Yutika,Dhaliwal,Female,59,Panihati,West Bengal,India,2024-05-10,VIP
3699,Fitan,Kala,Male,18,Vadodara,Tamil Nadu,India,2023-11-28,VIP
3700,Gaurangi,Bath,Female,67,Nagercoil,Karnataka,India,2026-06-28,Regular
3701,Neha,Kapadia,Male,50,Coimbatore,Andhra Pradesh,India,2025-09-11,Premium
3702,Chaman,Kala,Female,22,Bahraich,Karnataka,India,2023-11-22,Regular
3703,Wyatt,Nazareth,Female,32,Bidar,Maharashtra,India,2026-03-22,Regular
3704,Darpan,Ravi,Male,29,Bongaigaon,Delhi,India,2025-06-01,Premium
3705,Balvan,Sanghvi,Female,44,Jammu,Andhra Pradesh,India,2026-05-17,Regular
3706,Theodore,Krishnamurthy,Female,43,Hosur,Maharashtra,India,2025-12-29,Regular
3707,Robert,Mitter,Male,32,Ratlam,Karnataka,India,2023-08-26,Regular
3708,Lavanya,Misra,Male,19,Durgapur,Telangana,India,2026-04-23,VIP
3709,Champak,Narayanan,Female,33,Meerut,Gujarat,India,2025-07-03,Premium
3710,Sachi,Malhotra,Female,35,Singrauli,Telangana,India,2024-10-10,Premium
3711,Saumya,Nayak,Female,52,Vijayawada,Andhra Pradesh,India,2024-10-23,Premium
3712,Mekhala,Dutta,Male,33,Buxar,Gujarat,India,2023-04-08,VIP
3713,Aditya,Bandi,Male,60,Anantapur,Delhi,India,2022-08-16,Regular
3714,Brijesh,Tak,Female,41,Bhopal,Gujarat,India,2022-07-31,Premium
3715,Vivaan,Chaudhry,Female,57,Salem,Andhra Pradesh,India,2025-08-25,Premium
3716,Yashica,Rama,Female,23,Ghaziabad,Karnataka,India,2021-11-16,Regular
3717,Lucky,Narasimhan,Female,62,Raiganj,Kerala,India,2025-01-08,Premium
3718,Chatura,Goel,Female,38,Nagpur,Andhra Pradesh,India,2025-03-02,VIP
3719,Kamala,Kaur,Male,29,Agartala,Rajasthan,India,2022-06-03,VIP
3720,Peter,Acharya,Female,51,Bhavnagar,Kerala,India,2023-04-07,Regular
3721,Raksha,Murthy,Male,22,Allahabad,Karnataka,India,2021-10-20,VIP
3722,Nakul,Sahni,Female,56,Vijayawada,Andhra Pradesh,India,2024-06-06,Regular
3723,Indrajit,Nazareth,Male,41,South Dumdum,Delhi,India,2024-08-31,VIP
3724,Aashi,Sarraf,Male,44,Patna,Telangana,India,2025-06-10,Premium
3725,Barkha,Bassi,Male,54,Salem,Gujarat,India,2025-06-25,Premium
3726,Rayaan,Dayal,Male,41,Hindupur,Kerala,India,2026-05-26,Regular
3727,Chandran,Pandya,Female,64,Bhopal,Tamil Nadu,India,2023-09-04,Regular
3728,Dominic,Bava,Male,54,Singrauli,Tamil Nadu,India,2024-02-29,VIP
3729,Tarak,Modi,Male,31,Kurnool,Gujarat,India,2022-09-21,Regular
3730,Aarush,Mall,Male,21,Cuttack,West Bengal,India,2021-12-24,VIP
3731,Tanish,Sangha,Female,54,Guna,Karnataka,India,2024-02-18,VIP
3732,Devansh,Bora,Female,28,Srikakulam,Kerala,India,2022-07-06,Premium
3733,Timothy,Nayar,Male,22,Bongaigaon,Tamil Nadu,India,2024-10-07,Premium
3734,Hiral,Kohli,Male,59,Tezpur,Tamil Nadu,India,2024-08-10,Premium
3735,Manan,Bath,Male,41,Munger,West Bengal,India,2022-04-25,Regular
3736,Bahadurjit,Bhargava,Female,27,Morbi,Karnataka,India,2026-07-23,VIP
3737,Agastya,Bahl,Female,19,Aurangabad,Delhi,India,2025-05-11,VIP
3738,Daniel,Borah,Female,52,Bahraich,Telangana,India,2025-10-10,Regular
3739,Adya,Basu,Male,46,Nangloi Jat,Delhi,India,2025-12-22,Regular
3740,Amara,Dass,Male,50,Jammu,West Bengal,India,2026-07-25,Premium
3741,Bhavya,Mohanty,Female,27,Kamarhati,Delhi,India,2021-11-20,Premium
3742,Aarnav,Ramaswamy,Male,59,Berhampore,Delhi,India,2024-12-02,VIP
3743,Naksh,Natt,Female,20,Bangalore,Karnataka,India,2023-07-27,Premium
3744,Naveen,Pall,Male,26,Srinagar,Andhra Pradesh,India,2025-11-28,VIP
3745,Simon,Raghavan,Male,58,Rohtak,West Bengal,India,2022-10-26,Premium
3746,Mahika,Gour,Male,31,Aligarh,Andhra Pradesh,India,2025-08-15,Regular
3747,Aachal,Gour,Female,44,Gaya,Telangana,India,2026-08-02,Premium
3748,Mason,Kanda,Male,36,Aizawl,Tamil Nadu,India,2024-07-12,Premium
3749,Girish,Boase,Male,36,Patna,Andhra Pradesh,India,2026-07-29,Premium
3750,Balveer,Sama,Male,53,Raurkela Industrial Township,West Bengal,India,2023-10-16,Premium
3751,Abdul,Zachariah,Male,61,Sasaram,Kerala,India,2023-11-13,Premium
3752,Xavier,Atwal,Male,40,Bhiwandi,Telangana,India,2022-06-19,Regular
3753,Leena,Ramaswamy,Female,37,Muzaffarnagar,Tamil Nadu,India,2022-11-14,Premium
3754,Abeer,Manda,Female,35,Sirsa,Tamil Nadu,India,2024-07-21,Regular
3755,Shravya,Naik,Female,41,Chandigarh,Telangana,India,2023-03-03,VIP
3756,Pallavi,Muni,Female,20,Tenali,Karnataka,India,2022-02-09,Premium
3757,Vihaan,Khosla,Male,43,Mangalore,Tamil Nadu,India,2021-10-14,VIP
3758,Lohit,Shankar,Female,21,Raichur,Maharashtra,India,2026-02-21,VIP
3759,Rachit,Brahmbhatt,Male,18,Surendranagar Dudhrej,West Bengal,India,2025-08-27,VIP
3760,Aryan,Date,Male,24,Raiganj,Delhi,India,2022-09-08,VIP
3761,Gavin,Padmanabhan,Male,31,Kamarhati,Gujarat,India,2026-05-26,Premium
3762,Abeer,Golla,Female,66,Chinsurah,Andhra Pradesh,India,2023-02-22,Regular
3763,Hardik,Garg,Female,35,Nagercoil,Gujarat,India,2026-03-05,Regular
3764,Jeet,Vig,Male,55,Kolkata,West Bengal,India,2024-10-29,Premium
3765,Girindra,Saraf,Male,67,Gorakhpur,Delhi,India,2025-12-29,Premium
3766,Rajeshri,Kakar,Male,68,Thoothukudi,Maharashtra,India,2026-05-24,VIP
3767,Finn,Munshi,Female,42,Nandyal,Andhra Pradesh,India,2023-02-20,Premium
3768,Girindra,Raj,Female,22,Dhanbad,West Bengal,India,2024-08-08,Premium
3769,Warjas,Srinivas,Male,41,Jabalpur,West Bengal,India,2026-05-15,Regular
3770,Keya,Dubey,Female,23,Malegaon,Maharashtra,India,2026-01-16,VIP
3771,Anya,Narula,Male,61,Meerut,Delhi,India,2022-07-13,Premium
3772,Yoshita,Devi,Male,35,Morena,Kerala,India,2023-02-04,VIP
3773,Aarav,Bhagat,Male,26,Suryapet,Tamil Nadu,India,2023-07-14,Premium
3774,Chaitaly,Yadav,Male,25,Berhampur,Gujarat,India,2022-11-12,VIP
3775,Nachiket,Bhargava,Male,33,Hubli–Dharwad,Andhra Pradesh,India,2024-01-27,Premium
3776,Arya,Sur,Female,30,Rajpur Sonarpur,Rajasthan,India,2022-11-01,VIP
3777,Imaran,Bhatti,Female,54,Karimnagar,Karnataka,India,2026-08-16,Premium
3778,Rohan,Anne,Male,61,Ahmedabad,Tamil Nadu,India,2022-10-19,Premium
3779,Balendra,Johal,Female,36,Bally,Andhra Pradesh,India,2022-12-25,Premium
3780,Theodore,Deep,Male,34,Bahraich,Rajasthan,India,2025-12-13,Regular
3781,Jagrati,Datta,Male,26,Latur,Kerala,India,2024-11-19,Regular
3782,Rishi,Barman,Female,58,Ambala,Karnataka,India,2022-07-05,VIP
3783,Omisha,Nayak,Male,25,Vellore,Kerala,India,2023-11-14,Premium
3784,Meghana,Hegde,Male,37,Howrah,Kerala,India,2024-08-23,VIP
3785,Vihaan,Sarraf,Female,67,Jaunpur,Telangana,India,2024-09-27,VIP
3786,Mitali,Char,Female,36,Mira-Bhayandar,Kerala,India,2022-04-26,VIP
3787,Arin,Edwin,Female,57,Vijayanagaram,Kerala,India,2022-05-05,Regular
3788,Upasna,Misra,Female,53,Narasaraopet,Telangana,India,2022-01-22,Regular
3789,Nathan,Wali,Female,26,Jamshedpur,Andhra Pradesh,India,2021-12-17,Regular
3790,Adya,Kota,Male,45,Jabalpur,Karnataka,India,2025-01-02,Regular
3791,Manya,Gaba,Female,44,Tezpur,West Bengal,India,2022-05-28,Regular
3792,Samaksh,Dani,Male,26,Morbi,Maharashtra,India,2021-10-31,Regular
3793,Yachana,Bhalla,Female,19,Machilipatnam,Rajasthan,India,2026-06-15,Premium
3794,Jyoti,Sahni,Female,55,Jaunpur,Telangana,India,2022-01-22,Regular
3795,Leela,Kaur,Male,52,Jamnagar,Maharashtra,India,2022-06-06,Regular
3796,Yauvani,Ramesh,Female,26,Mirzapur,West Bengal,India,2022-03-24,Premium
3797,Chavvi,Mangat,Female,42,Dewas,Maharashtra,India,2022-01-08,Regular
3798,Ridhi,Sankar,Female,52,Thiruvananthapuram,Kerala,India,2024-04-26,VIP
3799,Ranbir,Kar,Female,30,Hapur,Maharashtra,India,2021-10-14,Premium
3800,Chasmum,Puri,Male,53,Malda,West Bengal,India,2023-04-30,Premium
3801,Kai,Ganguly,Female,25,Guntur,Andhra Pradesh,India,2025-05-27,Regular
3802,Jacob,Chakrabarti,Male,24,Siliguri,Rajasthan,India,2023-11-21,VIP
3803,Tarak,Roy,Female,21,Tiruvottiyur,Andhra Pradesh,India,2026-06-07,VIP
3804,Ekani,Lata,Female,46,Salem,Andhra Pradesh,India,2026-02-03,Regular
3805,Yochana,Baral,Female,33,Hindupur,Tamil Nadu,India,2022-07-19,Regular
3806,Nikita,Divan,Female,68,Bijapur,Karnataka,India,2022-06-07,Premium
3807,Lajita,Lall,Female,33,Kollam,Telangana,India,2026-06-22,Premium
3808,Hamsini,Khatri,Female,32,Ichalkaranji,Kerala,India,2025-08-20,Regular
3809,Rachit,Pau,Male,59,Bharatpur,Gujarat,India,2026-03-27,Regular
3810,Warinder,Kar,Female,63,Bhilwara,Telangana,India,2023-06-08,VIP
3811,Bakhshi,Khosla,Male,39,Vijayawada,Tamil Nadu,India,2024-10-28,VIP
3812,Xalak,Ravi,Female,63,Dindigul,Maharashtra,India,2023-12-26,Premium
3813,Kala,Sibal,Male,29,Phusro,Telangana,India,2023-12-31,Regular
3814,Xalak,Narayanan,Male,58,Rewa,Kerala,India,2023-12-30,VIP
3815,Gautami,Iyengar,Male,67,Mathura,Kerala,India,2025-06-05,Regular
3816,Kamala,Sodhi,Female,43,Singrauli,Delhi,India,2025-01-01,VIP
3817,Yadavi,Raja,Female,64,Chinsurah,Gujarat,India,2023-06-28,Regular
3818,Avni,Date,Female,19,Belgaum,West Bengal,India,2024-08-19,VIP
3819,Bhavika,Pingle,Male,23,Jorhat,Delhi,India,2021-10-12,Regular
3820,Gaurangi,Mohan,Male,50,Mau,Rajasthan,India,2023-04-16,Premium
3821,Mohini,Dhar,Female,43,Serampore,Kerala,India,2026-08-11,Regular
3822,Lakshmi,Ranganathan,Male,31,Amroha,Delhi,India,2023-04-05,VIP
3823,Isaiah,Khatri,Male,30,Malda,West Bengal,India,2024-01-24,VIP
3824,Laban,Khatri,Female,35,Giridih,Rajasthan,India,2022-09-21,VIP
3825,Amaira,Golla,Female,49,Bhilai,Gujarat,India,2024-02-23,Premium
3826,Charles,Lanka,Female,30,Shahjahanpur,Kerala,India,2023-01-20,Regular
3827,Ojasvi,Dada,Female,28,Ratlam,Telangana,India,2024-05-04,Premium
3828,Tanay,Bhalla,Female,34,Tezpur,West Bengal,India,2025-03-23,Premium
3829,Thomas,Shankar,Female,39,Vasai-Virar,Delhi,India,2021-11-13,VIP
3830,Ayushman,Walla,Female,30,Shimla,Andhra Pradesh,India,2026-03-25,VIP
3831,Ishani,Ganesh,Female,56,Jamshedpur,Kerala,India,2022-05-22,Regular
3832,Jyoti,Sekhon,Female,31,Proddatur,West Bengal,India,2024-02-07,Premium
3833,Eesha,Dugar,Male,45,Mirzapur,Karnataka,India,2024-02-02,Regular
3834,Patrick,Sant,Female,46,Rampur,Rajasthan,India,2023-12-26,Premium
3835,Wishi,Bava,Female,58,Mehsana,Maharashtra,India,2023-05-13,Regular
3836,Nihal,Bakshi,Male,31,Mau,Tamil Nadu,India,2022-12-20,Regular
3837,Tristan,Saxena,Female,49,Bidhannagar,Gujarat,India,2022-11-02,VIP
3838,Qushi,Ratta,Female,69,Vellore,Maharashtra,India,2023-04-26,VIP
3839,Robert,Sidhu,Male,33,Gorakhpur,Gujarat,India,2024-01-31,VIP
3840,David,Batra,Female,51,Jamnagar,Gujarat,India,2025-06-13,Regular
3841,Dev,Bakshi,Female,32,Anantapur,Karnataka,India,2026-02-16,Regular
3842,Chakradev,Bansal,Male,66,Saharanpur,West Bengal,India,2025-10-30,Regular
3843,Pranav,Dave,Male,44,Tirupati,Tamil Nadu,India,2023-04-19,Premium
3844,Ekaja,Sheth,Male,18,Jamshedpur,Rajasthan,India,2025-05-01,VIP
3845,Avi,Mitra,Female,61,Chapra,Telangana,India,2022-10-06,Regular
3846,Teerth,Rao,Male,35,Shimla,Kerala,India,2023-02-11,VIP
3847,Bakhshi,Issac,Male,32,Davanagere,Andhra Pradesh,India,2024-12-05,Premium
3848,Hiral,Panchal,Male,62,Kadapa,Kerala,India,2025-01-14,Regular
3849,Patrick,Bala,Female,34,Ramgarh,West Bengal,India,2025-11-01,Regular
3850,Yatin,Padmanabhan,Female,37,Dindigul,West Bengal,India,2024-09-16,Regular
3851,Tanay,Keer,Female,51,Gulbarga,Karnataka,India,2022-12-30,Premium
3852,Saanvi,Karan,Male,64,Nagaon,Andhra Pradesh,India,2023-03-13,VIP
3853,Aarav,Mani,Male,43,Bhalswa Jahangir Pur,Maharashtra,India,2023-08-08,Premium
3854,Irya,Kar,Female,37,Ambattur,Andhra Pradesh,India,2025-04-24,Premium
3855,Prisha,Chahal,Male,40,Visakhapatnam,Delhi,India,2025-09-15,Regular
3856,Mekhala,Chand,Female,36,Suryapet,Karnataka,India,2025-08-14,Regular
3857,Chakradev,Vaidya,Male,23,Pali,Andhra Pradesh,India,2025-12-12,Premium
3858,Jai,Tiwari,Female,55,Kollam,Delhi,India,2024-12-15,Regular
3859,Balvan,Chaudhary,Female,56,Pallavaram,Karnataka,India,2022-10-10,Regular
3860,Nachiket,Randhawa,Female,22,Raichur,Karnataka,India,2026-06-04,VIP
3861,Tristan,Goswami,Female,60,Kumbakonam,Karnataka,India,2025-05-30,VIP
3862,Adweta,Walla,Male,58,Sambhal,Delhi,India,2025-10-13,VIP
3863,Sai,Nair,Female,51,Firozabad,Tamil Nadu,India,2022-10-30,Premium
3864,Maanav,Kadakia,Male,39,Jamnagar,Kerala,India,2022-12-02,VIP
3865,Neel,Trivedi,Female,41,Aligarh,Maharashtra,India,2024-03-13,VIP
3866,Zehaan,Dube,Female,56,Karaikudi,Telangana,India,2026-07-12,VIP
3867,Mitesh,Gour,Female,65,Raichur,Tamil Nadu,India,2025-02-27,VIP
3868,Dakshesh,Purohit,Female,64,Tadipatri,Kerala,India,2024-08-01,Regular
3869,Siddharth,Prabhu,Male,47,Pali,Telangana,India,2023-10-10,Premium
3870,Varenya,Konda,Male,46,Raipur,Gujarat,India,2026-03-27,Regular
3871,Christopher,Magar,Male,31,Pallavaram,West Bengal,India,2024-01-22,Regular
3872,Henry,Keer,Female,54,Shivpuri,West Bengal,India,2024-05-24,VIP
3873,Veer,Mody,Male,49,Kishanganj,Maharashtra,India,2024-06-20,Premium
3874,Manthan,Arya,Male,65,Muzaffarnagar,Tamil Nadu,India,2024-12-28,VIP
3875,Owen,Rattan,Female,26,Danapur,Gujarat,India,2024-02-26,Regular
3876,Mohini,Karnik,Male,61,Ambarnath,Maharashtra,India,2024-12-30,Regular
3877,Dev,Murthy,Male,39,Fatehpur,Maharashtra,India,2022-02-04,Regular
3878,Janaki,Nagar,Female,63,Jehanabad,Karnataka,India,2022-05-01,VIP
3879,Owen,Bhavsar,Male,28,Chandigarh,West Bengal,India,2025-05-10,Premium
3880,Amrita,Bora,Female,55,Buxar,Delhi,India,2024-08-16,Regular
3881,Forum,Sangha,Female,47,Pune,Andhra Pradesh,India,2026-07-23,Premium
3882,Gavin,Prashad,Male,25,Gudivada,Kerala,India,2024-06-11,VIP
3883,Shravya,Taneja,Female,33,Udaipur,Rajasthan,India,2022-03-24,Regular
3884,Vansha,Acharya,Male,29,Surat,Gujarat,India,2023-11-14,Regular
3885,Om,Saran,Male,66,Kanpur,Karnataka,India,2022-04-26,Regular
3886,Watika,Char,Female,50,Hubli–Dharwad,Andhra Pradesh,India,2022-12-27,VIP
3887,Damyanti,Borah,Male,22,Aurangabad,Telangana,India,2023-10-14,Premium
3888,Qushi,Raval,Male,25,Katihar,Gujarat,India,2026-07-14,Regular
3889,Sudiksha,Ravi,Male,61,Buxar,Telangana,India,2026-03-01,VIP
3890,Urvi,Kale,Female,43,Dehradun,West Bengal,India,2025-05-04,VIP
3891,Vritti,Sule,Male,63,Vijayawada,West Bengal,India,2023-04-16,Regular
3892,Kevin,Sarma,Male,56,Bhopal,Tamil Nadu,India,2025-08-18,Regular
3893,Harinakshi,Wali,Female,30,Tinsukia,Maharashtra,India,2025-04-16,VIP
3894,Indira,Khalsa,Male,54,Aurangabad,Maharashtra,India,2024-05-04,Premium
3895,Samaksh,D’Alia,Female,62,Eluru,Gujarat,India,2024-07-05,Premium
3896,Dayamai,Guha,Male,34,Anand,Delhi,India,2026-08-19,Regular
3897,Gaurika,Gopal,Female,67,Amravati,West Bengal,India,2022-12-11,VIP
3898,Chakradev,Dutt,Male,62,Dharmavaram,Gujarat,India,2022-04-21,Regular
3899,Indira,Bajwa,Female,19,Shivpuri,Tamil Nadu,India,2024-12-05,VIP
3900,Anita,Mandal,Male,36,Anantapuram,Delhi,India,2025-10-18,Premium
3901,Abhimanyu,Bedi,Female,23,Kolhapur,Maharashtra,India,2025-04-17,Premium
3902,Ucchal,Randhawa,Male,56,Tirupati,Maharashtra,India,2026-05-07,Premium
3903,Radhika,Taneja,Male,24,Bihar Sharif,Tamil Nadu,India,2026-08-01,VIP
3904,Sara,Sengupta,Male,19,Hubli–Dharwad,Andhra Pradesh,India,2025-04-14,Regular
3905,Saksham,Rajan,Female,32,Purnia,West Bengal,India,2021-12-31,VIP
3906,Aarini,Narayanan,Male,31,Lucknow,Gujarat,India,2025-03-04,Premium
3907,Yash,Pandit,Female,31,Muzaffarnagar,Telangana,India,2025-09-18,Premium
3908,Rushil,Barad,Female,68,Darbhanga,Telangana,India,2026-07-09,VIP
3909,Pooja,Grewal,Female,49,Gandhidham,Rajasthan,India,2022-05-21,VIP
3910,Imaran,Parmar,Female,69,Jehanabad,Telangana,India,2024-12-12,VIP
3911,Udant,Nagi,Female,34,Dhanbad,Telangana,India,2024-11-13,Regular
3912,Unnati,Anand,Female,34,Arrah,Karnataka,India,2024-09-08,VIP
3913,Imaran,Edwin,Female,25,Surendranagar Dudhrej,Kerala,India,2025-03-25,Regular
3914,Samuel,Sandhu,Female,37,Noida,Gujarat,India,2022-05-19,VIP
3915,Dipta,Mann,Female,40,Pudukkottai,Rajasthan,India,2025-01-22,VIP
3916,Ikshita,Manda,Male,51,Raebareli,Telangana,India,2023-10-28,Premium
3917,Chanchal,Narayanan,Male,62,Jalna,Tamil Nadu,India,2023-08-06,Premium
3918,Damyanti,Kurian,Male,32,Farrukhabad,Rajasthan,India,2022-09-29,Premium
3919,Meghana,Konda,Female,56,Rampur,Telangana,India,2024-01-22,Premium
3920,Shravya,Mane,Female,23,Ramgarh,Delhi,India,2024-01-03,VIP
3921,Nimrat,Lalla,Female,50,Hajipur,Kerala,India,2026-06-28,Premium
3922,Onveer,Dhingra,Female,60,Nashik,West Bengal,India,2024-07-03,Premium
3923,Xiti,Salvi,Female,55,Mahbubnagar,Rajasthan,India,2025-10-09,VIP
3924,Tejas,Walia,Female,58,Salem,Kerala,India,2023-11-01,Regular
3925,Nakul,Chawla,Female,61,Aurangabad,Maharashtra,India,2025-07-03,Regular
3926,Kai,Bhat,Female,41,Raipur,Maharashtra,India,2025-10-14,Premium
3927,Caleb,Srinivas,Female,48,Barasat,West Bengal,India,2026-02-15,VIP
3928,Ijaya,Hans,Female,30,Haridwar,Gujarat,India,2024-11-12,VIP
3929,Gayathri,Sodhi,Male,61,Cuttack,Maharashtra,India,2022-01-11,Premium
3930,Yash,Anne,Female,67,Barasat,West Bengal,India,2024-01-30,Regular
3931,Rachita,Modi,Female,21,Rajkot,Delhi,India,2022-12-23,Premium
3932,Udant,Bhagat,Male,32,Ajmer,Delhi,India,2024-09-27,Premium
3933,Hredhaan,Deshpande,Female,69,Kurnool,West Bengal,India,2025-08-21,Regular
3934,Gauri,Ramaswamy,Female,33,Dehri,Tamil Nadu,India,2025-01-16,Regular
3935,Ranveer,Narayanan,Male,52,Chittoor,Maharashtra,India,2021-09-25,Regular
3936,Qushi,Brar,Male,35,Coimbatore,Tamil Nadu,India,2023-12-08,Premium
3937,Jalsa,Misra,Male,66,Rampur,Maharashtra,India,2024-06-30,VIP
3938,Mekhala,Rama,Male,19,Guwahati,West Bengal,India,2022-05-01,Premium
3939,Udant,Prabhakar,Male,19,Kurnool,Tamil Nadu,India,2024-03-27,Regular
3940,Qadim,Halder,Male,30,Sangli-Miraj & Kupwad,Gujarat,India,2022-11-13,Premium
3941,Bahadurjit,Kothari,Male,68,Tirupati,Delhi,India,2025-08-09,VIP
3942,Brinda,Goswami,Female,24,Vellore,Andhra Pradesh,India,2023-06-25,VIP
3943,Hritik,Bahl,Female,55,Ahmednagar,West Bengal,India,2025-07-19,Premium
3944,Ojasvi,Thaman,Male,65,Panvel,Kerala,India,2021-12-14,Premium
3945,Bachittar,Murthy,Female,34,Jehanabad,Kerala,India,2024-02-06,Premium
3946,Lakshmi,Bedi,Female,56,Hubli–Dharwad,Maharashtra,India,2025-11-09,VIP
3947,Raksha,Mangal,Male,64,Kirari Suleman Nagar,Maharashtra,India,2023-12-15,VIP
3948,Raghav,Barad,Male,58,Dhule,Karnataka,India,2024-06-03,Regular
3949,Dalbir,Dubey,Female,18,Jorhat,Maharashtra,India,2024-10-31,Premium
3950,Champak,Gade,Female,69,Karaikudi,Delhi,India,2024-02-05,VIP
3951,Pahal,Raman,Female,38,Bokaro,Tamil Nadu,India,2025-07-12,VIP
3952,Gayathri,Dutta,Male,67,Kollam,Tamil Nadu,India,2022-11-06,VIP
3953,Zinal,Dua,Male,57,Bangalore,Maharashtra,India,2022-11-15,VIP
3954,Amol,Desai,Female,65,Rewa,Delhi,India,2026-08-05,Regular
3955,Hritik,Kale,Female,28,Hyderabad,Kerala,India,2023-09-01,VIP
3956,Anthony,Kanda,Female,38,Nizamabad,Maharashtra,India,2025-03-09,VIP
3957,Upadhriti,Sastry,Male,55,Bhilai,West Bengal,India,2025-05-09,VIP
3958,Tanmayi,Patla,Female,47,Bahraich,Kerala,India,2025-05-06,Regular
3959,Lucky,Sridhar,Female,54,Satna,Maharashtra,India,2023-10-31,Regular
3960,Dakshesh,Ghose,Male,67,Uluberia,Kerala,India,2023-07-04,Premium
3961,Daksh,Brar,Male,54,Ahmednagar,West Bengal,India,2026-06-11,Regular
3962,Aarna,Sura,Male,25,Noida,Gujarat,India,2021-12-17,Regular
3963,Tarak,Madan,Male,19,Ranchi,Rajasthan,India,2022-10-17,Regular
3964,Chaman,Shanker,Male,67,Amaravati,Telangana,India,2021-11-07,Regular
3965,Gavin,Sha,Male,25,Ujjain,Tamil Nadu,India,2022-11-03,Premium
3966,Brinda,Ben,Female,62,Howrah,Tamil Nadu,India,2025-06-14,Regular
3967,Odika,Lad,Female,18,Kota,Rajasthan,India,2025-10-06,VIP
3968,Warhi,Nagi,Male,61,Haridwar,Andhra Pradesh,India,2022-08-12,Regular
3969,Qadim,Lalla,Male,61,Kharagpur,Maharashtra,India,2024-10-09,VIP
3970,Utkarsh,Yadav,Female,42,Jamnagar,Rajasthan,India,2025-09-14,Premium
3971,Manbir,Nori,Male,44,Bokaro,Rajasthan,India,2023-01-14,Premium
3972,Edhitha,Baria,Female,38,Kharagpur,Telangana,India,2025-01-24,Regular
3973,Baghyawati,Kumar,Female,59,Shahjahanpur,Karnataka,India,2025-11-04,Regular
3974,Zaid,Guha,Female,47,Chapra,Gujarat,India,2022-05-13,Premium
3975,Quincy,Chaudhry,Male,60,Guwahati,Telangana,India,2022-06-12,Regular
3976,Champak,Dar,Male,33,Anand,Telangana,India,2022-01-26,Regular
3977,Warinder,Pal,Male,28,Srikakulam,Gujarat,India,2022-02-20,VIP
3978,Ethan,Sha,Female,54,Shivpuri,Rajasthan,India,2024-03-11,Premium
3979,Balendra,Kar,Female,29,Nagercoil,Andhra Pradesh,India,2022-08-05,VIP
3980,Zayan,Pant,Male,22,Khora ,Rajasthan,India,2024-06-03,VIP
3981,Imaran,Tak,Female,43,Malegaon,Maharashtra,India,2023-03-17,Regular
3982,Lucky,Tailor,Female,38,Rohtak,Telangana,India,2023-11-03,Premium
3983,Thomas,Sha,Female,65,Ujjain,Andhra Pradesh,India,2021-11-23,Premium
3984,Jalsa,Mann,Male,34,Asansol,Andhra Pradesh,India,2022-09-04,Regular
3985,Keya,Goda,Male,50,Pondicherry,Rajasthan,India,2023-12-06,Regular
3986,Lavanya,Handa,Female,40,Mumbai,Maharashtra,India,2026-04-21,Premium
3987,Rohan,Jain,Female,40,Durg,Gujarat,India,2024-04-13,VIP
3988,Saanvi,Badami,Male,29,Ambala,Gujarat,India,2026-02-15,Premium
3989,Xalak,Trivedi,Male,52,Ahmedabad,Kerala,India,2024-01-07,Regular
3990,Ucchal,Bail,Female,45,Hyderabad,Gujarat,India,2024-11-23,Premium
3991,Krishna,Tripathi,Male,32,Madurai,West Bengal,India,2024-05-18,VIP
3992,Ranveer,Sem,Male,47,Bardhaman,Gujarat,India,2023-04-05,Premium
3993,Mekhala,Sane,Female,31,Kozhikode,Rajasthan,India,2024-05-28,Premium
3994,Oeshi,Kaul,Male,61,Udaipur,Andhra Pradesh,India,2025-07-24,Premium
3995,Widisha,Som,Male,66,Tirunelveli,Delhi,India,2023-01-28,Regular
3996,Jagrati,Dube,Male,57,Gurgaon,West Bengal,India,2022-05-26,Premium
3997,Mohini,Palla,Female,61,Ajmer,Delhi,India,2022-11-07,VIP
3998,Ayaan,Pillay,Male,40,Saharanpur,Gujarat,India,2024-02-23,Regular
3999,Jackson,Bora,Male,31,Bulandshahr,Telangana,India,2023-07-28,Premium
4000,Brijesh,Doshi,Female,56,Satna,Andhra Pradesh,India,2025-02-18,Premium
4001,Viraj,Sarin,Male,49,Madhyamgram,Rajasthan,India,2023-01-09,VIP
4002,Nilima,Gera,Female,38,Bokaro,Karnataka,India,2022-01-28,Premium
4003,Raagini,Purohit,Female,30,Thanjavur,West Bengal,India,2023-12-02,Premium
4004,Yoshita,Bala,Female,36,Jalandhar,Rajasthan,India,2023-05-15,Premium
4005,Samarth,Chhabra,Female,23,Siwan,Maharashtra,India,2022-01-21,VIP
4006,Caleb,Mahajan,Female,47,Sangli-Miraj & Kupwad,Gujarat,India,2022-04-05,Premium
4007,Fiyaz,Goel,Female,58,Bareilly,Rajasthan,India,2023-03-09,Premium
4008,Faraj,Pradhan,Female,66,Sasaram,Karnataka,India,2022-09-02,Premium
4009,Kashish,Yohannan,Female,25,Raebareli,Karnataka,India,2026-05-03,Regular
4010,Omisha,Wason,Male,37,Rewa,West Bengal,India,2024-03-31,Regular
4011,Abhiram,Chawla,Female,42,Bettiah,Tamil Nadu,India,2024-06-29,Regular
4012,Adweta,Yogi,Female,43,Pali,West Bengal,India,2024-05-05,Premium
4013,Dalaja,Deol,Female,21,Kalyan-Dombivli,Kerala,India,2025-01-06,Premium
4014,Peter,Thakkar,Female,36,Mango,Kerala,India,2026-03-05,VIP
4015,Varsha,Konda,Female,50,Saharsa,Telangana,India,2024-06-30,Premium
4016,Lipika,Ratti,Female,27,Silchar,Rajasthan,India,2024-05-10,Premium
4017,Jagat,Saran,Female,55,Bellary,Delhi,India,2024-03-26,VIP
4018,Pranit,Choudhury,Male,23,Junagadh,Rajasthan,India,2022-12-11,VIP
4019,Praneel,Borde,Male,61,South Dumdum,Tamil Nadu,India,2021-11-10,VIP
4020,Dalaja,Bhatt,Male,52,Anantapuram,Karnataka,India,2023-02-06,Regular
4021,Zehaan,Wali,Female,43,Gorakhpur,Tamil Nadu,India,2024-02-09,Premium
4022,Vedika,Vaidya,Male,52,Mysore,Andhra Pradesh,India,2025-09-20,Premium
4023,Sanya,Dube,Male,60,Giridih,Delhi,India,2024-01-28,VIP
4024,Gopal,Dyal,Male,65,Bhubaneswar,Delhi,India,2026-05-22,Regular
4025,Anmol,Bhandari,Male,61,Bhiwani,Kerala,India,2025-04-21,Regular
4026,Nimrat,Bail,Male,26,Delhi,Delhi,India,2022-03-30,Premium
4027,Abdul,Pall,Male,25,Nanded,Maharashtra,India,2026-04-20,Premium
4028,Gayathri,Hari,Female,68,Maheshtala,Rajasthan,India,2022-07-14,Regular
4029,Aarush,Nagy,Female,57,Khammam,West Bengal,India,2023-03-29,Regular
4030,Anamika,Konda,Female,61,Jamalpur,Rajasthan,India,2021-09-23,VIP
4031,Isha,Edwin,Male,66,Tadepalligudem,Karnataka,India,2023-03-03,VIP
4032,David,Bhasin,Male,35,Sikar,Kerala,India,2026-04-04,Premium
4033,Rachana,Gade,Male,35,Junagadh,West Bengal,India,2023-10-16,VIP
4034,Utkarsh,Goel,Male,64,Orai,Kerala,India,2024-12-28,Regular
4035,Samar,Kala,Male,18,Vellore,Maharashtra,India,2022-06-03,Regular
4036,Yashasvi,Nayar,Female,45,Hosur,Andhra Pradesh,India,2025-02-19,VIP
4037,Peter,Rao,Male,53,Vasai-Virar,Gujarat,India,2023-10-27,VIP
4038,Radha,Mody,Male,55,Mumbai,Tamil Nadu,India,2022-05-07,Premium
4039,Ranveer,Dubey,Female,58,Kollam,Gujarat,India,2023-08-19,Regular
4040,Michael,Chaudhary,Female,60,Karnal,Kerala,India,2023-04-21,Premium
4041,Triya,Bhatnagar,Female,22,Anantapur,Maharashtra,India,2021-11-18,VIP
4042,Nidra,Subramaniam,Male,33,Kharagpur,Rajasthan,India,2022-07-10,Premium
4043,Caleb,Sami,Male,46,Amaravati,Karnataka,India,2023-02-19,Premium
4044,Abeer,Yohannan,Female,41,Shimoga,Kerala,India,2023-10-26,Premium
4045,Falan,Datta,Male,53,Medininagar,Kerala,India,2025-06-30,Regular
4046,Nimrat,Dada,Female,55,Ambala,Gujarat,India,2022-08-27,Premium
4047,Indira,Saini,Female,25,Hosur,Kerala,India,2024-04-03,VIP
4048,Inaya,Tank,Male,63,Pune,Rajasthan,India,2022-12-30,VIP
4049,Mahika,Puri,Male,39,Silchar,Karnataka,India,2026-04-03,VIP
4050,Leena,Garde,Male,62,Ramgarh,Kerala,India,2022-07-07,Regular
4051,Lakshit,Naik,Female,47,Kurnool,Andhra Pradesh,India,2024-05-02,Premium
4052,Yashica,Gaba,Female,30,Anantapur,Gujarat,India,2023-08-13,Regular
4053,Anjali,Saran,Female,58,Raiganj,Rajasthan,India,2024-03-31,VIP
4054,Laban,Bajaj,Male,54,Agartala,Delhi,India,2025-10-03,Regular
4055,Luke,Sabharwal,Female,56,Gudivada,West Bengal,India,2024-04-21,Premium
4056,Dev,Sarma,Male,64,Shivpuri,West Bengal,India,2021-11-24,Regular
4057,Aarush,Shankar,Female,24,Mehsana,Tamil Nadu,India,2023-11-18,Premium
4058,Indira,Mane,Female,67,Bally,West Bengal,India,2022-05-09,Regular
4059,Yashodhara,Hari,Male,68,Gorakhpur,Gujarat,India,2025-03-17,VIP
4060,Turvi,Kibe,Female,34,Berhampore,Gujarat,India,2026-02-16,VIP
4061,Hemal,Jhaveri,Male,65,Amaravati,Maharashtra,India,2026-04-11,Regular
4062,Hredhaan,Rai,Male,50,Bhimavaram,Tamil Nadu,India,2026-04-03,VIP
4063,Ayaan,Lanka,Male,60,Satna,Delhi,India,2021-10-18,Premium
4064,Ojas,Varma,Male,60,Hyderabad,West Bengal,India,2024-06-28,Premium
4065,Onveer,Dani,Female,59,Ujjain,Andhra Pradesh,India,2025-02-07,Regular
4066,Liam,Shanker,Female,35,Sikar,Andhra Pradesh,India,2025-02-12,VIP
4067,Bimala,Bhat,Female,66,Tinsukia,Maharashtra,India,2023-03-28,Regular
4068,Anika,Warrior,Male,44,Secunderabad,Andhra Pradesh,India,2026-02-19,Premium
4069,Hemang,Kant,Male,39,Miryalaguda,West Bengal,India,2026-04-21,VIP
4070,Ranveer,Barman,Male,66,Karawal Nagar,Maharashtra,India,2024-04-22,VIP
4071,Warjas,Som,Female,58,Aligarh,Kerala,India,2026-06-03,VIP
4072,Idika,Sagar,Female,26,Kanpur,West Bengal,India,2022-12-26,Regular
4073,Sanya,Prabhakar,Male,63,Nashik,Kerala,India,2021-09-19,Regular
4074,Simon,Batra,Female,42,Pali,Andhra Pradesh,India,2025-02-22,Regular
4075,Harsh,Parekh,Male,62,Pune,Rajasthan,India,2024-10-02,VIP
4076,Lila,Master,Male,50,Proddatur,Telangana,India,2023-12-08,Regular
4077,Rehaan,Sarma,Female,26,Bhiwani,Gujarat,India,2025-07-13,Regular
4078,Charles,Thakkar,Female,45,Surat,West Bengal,India,2022-09-20,VIP
4079,Urmi,Edwin,Female,44,Visakhapatnam,Gujarat,India,2021-12-24,VIP
4080,Isaiah,Jani,Male,47,Serampore,Karnataka,India,2022-10-04,VIP
4081,Champak,Kashyap,Male,29,Sagar,Delhi,India,2024-04-16,Premium
4082,Zayyan,Deep,Male,55,Singrauli,Delhi,India,2025-10-30,Premium
4083,Anusha,Oza,Female,32,Karaikudi,Karnataka,India,2025-02-14,Regular
4084,Kavya,Gala,Female,55,Agra,Delhi,India,2024-12-04,Regular
4085,Lucky,Date,Male,68,North Dumdum,Karnataka,India,2024-08-22,Regular
4086,Rajata,Sridhar,Male,54,Satna,Gujarat,India,2025-05-01,VIP
4087,Pranav,Gour,Female,69,Amravati,Telangana,India,2021-10-12,Regular
4088,Garima,Keer,Male,20,Durg,Delhi,India,2025-06-14,VIP
4089,Ayushman,Kuruvilla,Male,36,Aizawl,Kerala,India,2025-10-19,VIP
4090,Lopa,Mitter,Female,69,Anantapur,Tamil Nadu,India,2024-11-17,Premium
4091,Udant,Sarkar,Male,44,Tirunelveli,Kerala,India,2022-07-14,VIP
4092,Vincent,Warrior,Male,63,Satara,Karnataka,India,2021-10-06,Regular
4093,Vrinda,Bumb,Female,48,Tumkur,Karnataka,India,2024-07-18,VIP
4094,Ijaya,Kamdar,Male,48,Rourkela,Gujarat,India,2022-03-12,Premium
4095,Aarush,Krish,Male,58,Warangal,Rajasthan,India,2023-04-15,Regular
4096,Gavin,Bir,Male,32,Patiala,Gujarat,India,2022-12-06,Premium
4097,Ubika,Talwar,Female,31,Khandwa,Gujarat,India,2024-01-07,Premium
4098,Yatin,Pal,Female,53,Pondicherry,Delhi,India,2026-06-05,Premium
4099,Ekta,Garg,Male,45,Bhimavaram,Gujarat,India,2024-04-23,VIP
4100,Onkar,Pal,Male,61,Satara,Kerala,India,2022-07-30,Regular
4101,Nidra,D’Alia,Female,34,Unnao,Maharashtra,India,2024-11-05,Regular
4102,Frado,Sen,Male,59,Pimpri-Chinchwad,Telangana,India,2024-07-27,Regular
4103,Charles,Wadhwa,Female,52,Mirzapur,Kerala,India,2024-05-03,Premium
4104,George,Kuruvilla,Female,21,Malda,Tamil Nadu,India,2024-04-29,Regular
4105,Amruta,Sinha,Male,26,Ambarnath,Gujarat,India,2023-07-17,Regular
4106,Ishanvi,Dhaliwal,Male,39,Bahraich,Maharashtra,India,2026-03-19,Premium
4107,Chakrika,Choudhury,Female,53,Kochi,West Bengal,India,2024-09-29,Regular
4108,Charita,Sharaf,Female,67,Bhilwara,Rajasthan,India,2024-03-05,Premium
4109,Samar,Bansal,Male,30,Ahmednagar,Karnataka,India,2025-11-13,VIP
4110,Yashvi,Warrior,Female,51,Korba,Gujarat,India,2023-05-17,VIP
4111,Jeet,Wagle,Female,65,Bidar,Kerala,India,2022-06-03,Regular
4112,Ekapad,Iyer,Male,36,Saharsa,Rajasthan,India,2023-04-07,Regular
4113,Prisha,Barad,Male,60,Guna,Maharashtra,India,2026-04-07,Regular
4114,Parth,Bir,Female,45,Akola,Maharashtra,India,2025-10-18,Premium
4115,Vaishnavi,Hegde,Male,52,Baranagar,Maharashtra,India,2026-06-07,Premium
4116,Radhika,Gour,Male,43,Rajkot,West Bengal,India,2024-05-18,VIP
4117,Pratyush,Das,Male,34,Farrukhabad,Gujarat,India,2025-03-10,Premium
4118,Eta,Kala,Female,29,Kamarhati,Karnataka,India,2025-10-26,Premium
4119,Yauvani,Bedi,Male,32,Anand,Delhi,India,2026-07-07,Regular
4120,Hredhaan,Parekh,Female,69,Morena,Rajasthan,India,2023-04-25,Regular
4121,Brinda,Mallick,Female,44,Mehsana,Rajasthan,India,2022-06-17,VIP
4122,Varenya,Savant,Male,18,Ujjain,Karnataka,India,2025-02-03,Regular
4123,Dhruv,Mukherjee,Male,25,Bhagalpur,Rajasthan,India,2025-01-30,Premium
4124,Laban,Kurian,Female,39,Chinsurah,Karnataka,India,2023-12-10,Premium
4125,Harita,Ben,Male,29,Vadodara,Tamil Nadu,India,2022-09-01,Regular
4126,Chanakya,Walia,Female,22,Nangloi Jat,Karnataka,India,2023-08-26,VIP
4127,Anay,Wali,Male,27,Mau,Rajasthan,India,2023-02-08,VIP
4128,Girish,Chada,Female,54,Nagaon,Maharashtra,India,2024-03-08,VIP
4129,Bhavna,Garde,Female,41,Pali,Andhra Pradesh,India,2024-01-26,Regular
4130,Yoshita,Varughese,Female,63,Udupi,Andhra Pradesh,India,2025-08-10,Premium
4131,Kamala,Sarma,Female,34,Kishanganj,Delhi,India,2024-11-13,Premium
4132,Vritti,Narasimhan,Female,65,Saharsa,Rajasthan,India,2022-10-15,VIP
4133,Zarna,Choudhry,Female,27,Mangalore,West Bengal,India,2022-12-07,Premium
4134,Ekbal,Sastry,Male,39,Siwan,Kerala,India,2022-05-05,VIP
4135,Laksh,Mistry,Female,26,Narasaraopet,West Bengal,India,2025-07-22,Regular
4136,Finn,Shere,Male,37,Ozhukarai,Kerala,India,2026-03-19,VIP
4137,Chandani,Lala,Female,24,Navi Mumbai,Tamil Nadu,India,2023-12-23,VIP
4138,Samuel,Sandal,Female,61,Kozhikode,Kerala,India,2026-03-01,VIP
4139,Mahika,Virk,Female,42,Gwalior,Rajasthan,India,2023-04-07,VIP
4140,Teerth,Balan,Male,56,Dehri,West Bengal,India,2025-12-28,Premium
4141,Harita,Saraf,Male,34,Jodhpur,Gujarat,India,2026-08-19,Premium
4142,Yatan,Swamy,Female,25,Panipat,Telangana,India,2024-07-29,Regular
4143,Advay,Bajaj,Female,41,Vasai-Virar,Gujarat,India,2025-07-02,Premium
4144,Upadhriti,Batta,Female,19,Satna,Kerala,India,2022-12-21,Regular
4145,Pavani,Sampath,Male,29,Korba,Kerala,India,2024-11-21,Premium
4146,Gaurav,Munshi,Male,21,Madhyamgram,Andhra Pradesh,India,2021-10-24,Premium
4147,Eiravati,Hayer,Male,18,Tenali,Telangana,India,2021-11-19,VIP
4148,Jairaj,Dara,Female,65,Bhimavaram,Delhi,India,2022-05-23,VIP
4149,Advaith,Kothari,Male,63,Chapra,Karnataka,India,2025-09-30,VIP
4150,Damyanti,Desai,Male,33,Karnal,West Bengal,India,2022-09-29,Premium
4151,Yagnesh,Sandhu,Male,56,Chapra,Rajasthan,India,2022-03-20,Premium
4152,Falak,Warrior,Female,67,Ambala,Rajasthan,India,2022-10-05,Premium
4153,Brijesh,Mander,Female,31,Ghaziabad,Rajasthan,India,2022-11-13,VIP
4154,Chandani,Kala,Male,49,Tiruppur,Karnataka,India,2025-02-13,Premium
4155,Ekaraj,Oza,Female,18,Tiruppur,Andhra Pradesh,India,2024-12-08,Regular
4156,Neelima,Dey,Female,27,Vijayawada,Andhra Pradesh,India,2023-07-24,VIP
4157,Ikshita,Upadhyay,Female,51,Tezpur,West Bengal,India,2023-10-20,Regular
4158,Shaurya,Pandit,Male,50,Tadipatri,Maharashtra,India,2022-03-24,VIP
4159,Abhimanyu,Nath,Male,33,Chinsurah,Delhi,India,2022-06-25,Premium
4160,Jeevika,Manne,Female,40,Shahjahanpur,Karnataka,India,2022-06-12,Regular
4161,Gaurika,Raju,Male,68,Mathura,West Bengal,India,2025-11-10,VIP
4162,Quincy,Parikh,Female,68,Bhiwandi,Telangana,India,2022-07-29,Regular
4163,Ladli,Mannan,Male,44,Singrauli,Maharashtra,India,2022-01-28,Regular
4164,Krish,Trivedi,Female,49,Chittoor,West Bengal,India,2025-11-06,Regular
4165,Qabil,Shan,Female,36,Kozhikode,Gujarat,India,2026-05-07,VIP
4166,Oviya,Radhakrishnan,Female,58,Kolkata,Delhi,India,2024-08-19,Regular
4167,Zaid,Merchant,Female,39,Saharsa,Andhra Pradesh,India,2022-05-31,Premium
4168,Krishna,Kumer,Female,69,Coimbatore,Telangana,India,2025-03-21,Regular
4169,Faraj,Banerjee,Female,43,Surendranagar Dudhrej,Delhi,India,2024-06-18,Regular
4170,Samarth,Natt,Female,36,Alappuzha,Delhi,India,2023-12-22,Regular
4171,Brijesh,Prakash,Male,63,Agra,West Bengal,India,2023-04-27,Regular
4172,Aarav,Deshmukh,Male,58,Kakinada,West Bengal,India,2021-10-13,Regular
4173,Aishani,Dhar,Male,36,Gurgaon,Kerala,India,2023-06-27,Regular
4174,Pahal,Desai,Male,54,Firozabad,Rajasthan,India,2023-12-02,Premium
4175,Anika,Setty,Female,19,Dehri,Rajasthan,India,2023-09-02,Premium
4176,Edhitha,Kakar,Male,54,Ramgarh,Tamil Nadu,India,2025-03-20,Premium
4177,Chaitanya,Sahota,Female,23,Rewa,Maharashtra,India,2023-12-05,Regular
4178,Aarush,Ghose,Female,59,Dibrugarh,Karnataka,India,2026-04-12,Regular
4179,Arunima,Upadhyay,Male,26,Gopalpur,Rajasthan,India,2024-06-07,Premium
4180,Indali,Choudhury,Female,63,Ozhukarai,Rajasthan,India,2026-04-15,VIP
4181,Sudiksha,Deshpande,Male,27,Amravati,Gujarat,India,2025-07-28,Regular
4182,Amaira,Hegde,Male,26,Khandwa,Delhi,India,2026-06-01,VIP
4183,Jagdish,Cherian,Male,59,Gopalpur,Telangana,India,2022-01-05,Premium
4184,Samaksh,Mody,Female,56,Gudivada,Delhi,India,2025-12-31,Regular
4185,Dhruv,Tripathi,Female,43,Tiruppur,Delhi,India,2026-05-18,Premium
4186,Upma,Savant,Female,65,Anand,Andhra Pradesh,India,2023-08-10,VIP
4187,Vivaan,Kala,Male,51,Anantapuram,Tamil Nadu,India,2025-10-02,Premium
4188,Shivani,Atwal,Male,19,Bareilly,Maharashtra,India,2023-09-10,Regular
4189,Abhiram,Arora,Male,42,Karnal,Tamil Nadu,India,2023-05-10,VIP
4190,Yauvani,Saini,Female,54,Gaya,Gujarat,India,2026-05-08,VIP
4191,Joshua,Randhawa,Male,49,Karnal,Tamil Nadu,India,2023-12-18,VIP
4192,Ojas,Baral,Male,25,Jabalpur,Maharashtra,India,2023-03-01,Premium
4193,Viraj,Chada,Female,21,Raurkela Industrial Township,Karnataka,India,2025-07-17,VIP
4194,Triya,Desai,Female,37,Agartala,Andhra Pradesh,India,2024-02-03,Regular
4195,Dominic,Bahri,Female,43,Shimla,Gujarat,India,2024-01-11,Regular
4196,Harish,Kale,Female,58,Gopalpur,Rajasthan,India,2024-11-14,Premium
4197,Wriddhish,Borra,Male,36,Karawal Nagar,Delhi,India,2024-05-06,VIP
4198,Hardik,Dhawan,Male,54,Bally,Delhi,India,2026-05-05,Premium
4199,Udyati,Bala,Female,33,Saharanpur,Rajasthan,India,2025-01-10,VIP
4200,Aadhya,Ray,Male,31,South Dumdum,Gujarat,India,2023-03-23,Regular
4201,Kashvi,Brar,Male,69,Bihar Sharif,West Bengal,India,2022-12-09,Premium
4202,Qasim,Mann,Female,18,Bilaspur,Andhra Pradesh,India,2023-07-14,Regular
4203,Orinder,Saini,Male,22,Moradabad,Gujarat,India,2026-04-02,VIP
4204,Charan,Banik,Male,67,Farrukhabad,Karnataka,India,2024-12-19,Premium
4205,Raagini,Chaudhary,Male,31,Thrissur,Karnataka,India,2022-02-21,Regular
4206,Vaishnavi,Arora,Male,31,Bongaigaon,Delhi,India,2025-02-09,VIP
4207,Saumya,Gara,Female,22,Saharanpur,Delhi,India,2022-01-05,Regular
4208,Azad,Nayak,Female,49,Katni,Maharashtra,India,2025-03-27,VIP
4209,Krishna,Boase,Male,39,Thiruvananthapuram,Karnataka,India,2025-03-12,Regular
4210,Azaan,Anne,Female,42,Kirari Suleman Nagar,West Bengal,India,2025-10-05,Regular
4211,Dhriti,Balan,Female,45,Jalandhar,Rajasthan,India,2025-12-03,Premium
4212,Yagnesh,Deshpande,Male,35,Phusro,West Bengal,India,2021-10-26,Premium
4213,Atharv,Shenoy,Female,35,Tadepalligudem,Telangana,India,2025-08-21,VIP
4214,Gaurav,Gupta,Female,51,Bidhannagar,Andhra Pradesh,India,2023-03-05,Regular
4215,Naveen,Chander,Male,20,Kurnool,Tamil Nadu,India,2026-04-24,Regular
4216,Lajita,Barman,Female,52,Aurangabad,Gujarat,India,2025-01-11,Premium
4217,Warhi,Dhar,Female,62,Jamshedpur,Tamil Nadu,India,2021-12-04,Premium
4218,Zehaan,Mutti,Male,52,Vellore,Maharashtra,India,2022-08-31,Premium
4219,Warhi,Choudhry,Female,37,Motihari,West Bengal,India,2022-04-18,VIP
4220,Urvi,Ahuja,Female,68,Bardhaman,Tamil Nadu,India,2024-04-26,Regular
4221,Yash,Ray,Female,30,Ulhasnagar,Andhra Pradesh,India,2023-08-19,Regular
4222,Charvi,Memon,Male,47,Udaipur,Karnataka,India,2024-10-12,Premium
4223,Maanas,Chander,Male,41,Kanpur,Telangana,India,2022-12-09,Regular
4224,Hema,Golla,Male,27,Dharmavaram,Karnataka,India,2024-01-04,VIP
4225,Fitan,Dhar,Male,36,Ballia,West Bengal,India,2024-01-09,VIP
4226,Dalaja,Sehgal,Male,59,Bokaro,Kerala,India,2024-11-28,Premium
4227,Arin,Joshi,Female,22,Bidar,Rajasthan,India,2024-09-19,VIP
4228,Diya,Chandra,Female,54,Bikaner,Kerala,India,2025-09-18,VIP
4229,Nilima,Brar,Male,31,Madanapalle,West Bengal,India,2024-04-07,Regular
4230,Arjun,Desai,Male,35,Hapur,Tamil Nadu,India,2024-10-07,Premium
4231,Indali,Choudhury,Female,24,Vadodara,Karnataka,India,2022-10-31,Premium
4232,Hitesh,Cherian,Male,33,Imphal,Karnataka,India,2026-04-13,Premium
4233,Gavin,Garde,Female,35,Panvel,Maharashtra,India,2025-02-26,Regular
4234,Bhavika,Wason,Female,52,Rohtak,Kerala,India,2025-10-15,Premium
4235,Priya,Varkey,Male,55,Cuttack,Tamil Nadu,India,2023-07-14,VIP
4236,Ubika,Raghavan,Female,37,Bangalore,Kerala,India,2025-12-20,VIP
4237,Amruta,Muni,Female,57,Rampur,Kerala,India,2021-11-30,Premium
4238,Yasti,Kashyap,Male,23,Proddatur,Andhra Pradesh,India,2022-06-20,Regular
4239,Imaran,Bali,Female,63,Jalna,Rajasthan,India,2026-07-16,VIP
4240,Kalpit,Chada,Male,67,Dewas,Telangana,India,2022-01-31,Premium
4241,Chandresh,Raval,Male,28,Singrauli,Karnataka,India,2022-10-20,VIP
4242,Rudra,Nanda,Male,32,Alwar,Rajasthan,India,2026-04-23,Regular
4243,Amruta,Uppal,Male,36,Gopalpur,Telangana,India,2025-07-14,VIP
4244,Balveer,Thaman,Male,27,Kochi,Andhra Pradesh,India,2023-08-14,Premium
4245,Nirja,Nagar,Female,53,Bhiwani,Karnataka,India,2023-04-23,Premium
4246,Manbir,Andra,Male,68,Amritsar,Delhi,India,2023-02-17,Premium
4247,Ryan,Swamy,Male,28,Kanpur,Andhra Pradesh,India,2024-10-08,Premium
4248,Falguni,Agarwal,Female,55,Bellary,Kerala,India,2021-09-24,Premium
4249,Darsh,Bail,Female,34,Motihari,Gujarat,India,2026-02-16,VIP
4250,Krisha,Kothari,Male,34,Sambhal,West Bengal,India,2025-07-27,Premium
4251,Wriddhish,Choudhry,Female,63,Delhi,Maharashtra,India,2026-02-07,Premium
4252,Gautam,Dara,Female,53,Kochi,Gujarat,India,2025-03-03,Premium
4253,Aarnav,Bajaj,Male,38,Yamunanagar,Andhra Pradesh,India,2026-07-17,Premium
4254,Max,Keer,Male,57,Shimla,West Bengal,India,2023-06-06,VIP
4255,Tanmayi,Wali,Male,42,Tadipatri,Delhi,India,2022-02-03,Premium
4256,Lipika,Andra,Male,68,Dewas,West Bengal,India,2026-05-03,Regular
4257,Fitan,Sandal,Male,53,Rampur,Rajasthan,India,2025-01-07,Regular
4258,Yash,Baria,Male,49,Lucknow,West Bengal,India,2026-02-04,VIP
4259,Aradhana,Kanda,Male,32,Raebareli,Delhi,India,2022-09-21,VIP
4260,Gunbir,Konda,Male,23,Gwalior,Tamil Nadu,India,2022-07-13,Regular
4261,Frederick,Nadkarni,Female,34,Mahbubnagar,Andhra Pradesh,India,2026-06-09,VIP
4262,Kala,Lad,Male,48,Orai,Andhra Pradesh,India,2022-12-01,VIP
4263,Dayamai,Doctor,Male,20,Maheshtala,Tamil Nadu,India,2023-12-04,Premium
4264,Advik,Biswas,Male,60,Kurnool,Maharashtra,India,2024-06-20,Premium
4265,William,Mall,Male,39,Bulandshahr,Karnataka,India,2021-12-20,Regular
4266,Sanya,Nagy,Male,56,Ramgarh,Andhra Pradesh,India,2023-11-04,Regular
4267,Bhanumati,Mahajan,Male,69,Bhiwani,Andhra Pradesh,India,2025-06-21,Regular
4268,Manbir,Bera,Male,40,Howrah,Karnataka,India,2026-05-25,VIP
4269,Lakshit,Loke,Male,21,Kolhapur,Maharashtra,India,2026-04-19,Regular
4270,Gavin,Tripathi,Female,20,Durgapur,Delhi,India,2023-08-10,Regular
4271,Yochana,Sekhon,Female,21,Mumbai,Telangana,India,2022-12-25,VIP
4272,Mahika,Dhaliwal,Male,50,Bettiah,Gujarat,India,2024-08-30,VIP
4273,Xiti,Boase,Male,61,Firozabad,Telangana,India,2024-06-22,VIP
4274,Laban,Sibal,Male,62,Secunderabad,Andhra Pradesh,India,2023-05-09,Premium
4275,Nisha,Muni,Male,45,Korba,Gujarat,India,2024-08-23,Premium
4276,Suhani,Badal,Female,61,Durg,Maharashtra,India,2022-06-15,VIP
4277,Nathaniel,Chandra,Female,59,Suryapet,Maharashtra,India,2024-07-15,VIP
4278,Hredhaan,D’Alia,Male,58,Coimbatore,Karnataka,India,2023-03-20,VIP
4279,Falak,Pal,Male,61,Baranagar,Delhi,India,2025-02-04,Regular
4280,Ishwar,Balay,Female,32,Madhyamgram,West Bengal,India,2023-03-09,Regular
4281,Theodore,Bhakta,Female,62,Purnia,Telangana,India,2025-03-09,Regular
4282,Arjun,Bhagat,Female,65,Warangal,Andhra Pradesh,India,2026-06-28,Premium
4283,Xavier,Vig,Female,53,Berhampore,Telangana,India,2022-06-14,VIP
4284,Ayushman,Chakraborty,Female,22,Kollam,Karnataka,India,2022-10-18,Regular
4285,Prisha,Biswas,Male,24,Hubli–Dharwad,Telangana,India,2022-10-11,Premium
4286,Ayushman,Lalla,Male,39,Hyderabad,Delhi,India,2025-12-12,VIP
4287,Pushti,Saran,Female,67,Rajahmundry,Rajasthan,India,2023-11-30,Regular
4288,Devika,Raj,Male,55,Farrukhabad,Karnataka,India,2023-03-24,VIP
4289,Maanas,Sarraf,Male,49,Muzaffarnagar,Delhi,India,2024-04-06,VIP
4290,Leela,Bakshi,Female,43,Hubli–Dharwad,Karnataka,India,2024-07-18,Premium
4291,Warjas,Amble,Male,37,Panchkula,Karnataka,India,2023-06-16,VIP
4292,Dayamai,Swamy,Male,24,Rampur,Tamil Nadu,India,2023-09-17,Regular
4293,Inaya,Sama,Male,63,Pallavaram,West Bengal,India,2025-03-14,Regular
4294,Omkaar,Gade,Male,40,Salem,Gujarat,India,2022-10-15,Regular
4295,Tara,Goswami,Female,20,Bidhannagar,Karnataka,India,2021-09-29,VIP
4296,Yashodhara,Ramanathan,Female,40,Munger,West Bengal,India,2024-09-12,Regular
4297,Mugdha,Dua,Male,24,Bally,Rajasthan,India,2022-05-13,Regular
4298,Riya,Rege,Female,63,Sasaram,Tamil Nadu,India,2024-01-03,VIP
4299,Chaaya,Solanki,Male,41,Jodhpur,Maharashtra,India,2023-01-26,Premium
4300,Darpan,Johal,Female,22,Kanpur,Tamil Nadu,India,2022-01-09,VIP
4301,Nitara,Chopra,Female,31,Orai,Maharashtra,India,2026-07-11,Premium
4302,Vasudha,Mitra,Male,48,Cuttack,Gujarat,India,2023-09-19,VIP
4303,Dhriti,Magar,Male,46,Aizawl,Tamil Nadu,India,2022-03-03,VIP
4304,Damyanti,Saini,Male,45,Motihari,Andhra Pradesh,India,2023-01-04,Premium
4305,Indrajit,Dora,Male,65,Naihati,Andhra Pradesh,India,2025-05-24,Regular
4306,Zayyan,Parekh,Female,20,Raurkela Industrial Township,Delhi,India,2023-11-24,Regular
4307,Orinder,Badal,Female,30,Bally,West Bengal,India,2024-02-14,Regular
4308,Gaurang,Dasgupta,Female,33,Pudukkottai,Delhi,India,2025-11-27,Regular
4309,Rohan,Buch,Male,29,Madhyamgram,Tamil Nadu,India,2023-10-31,Regular
4310,Aarnav,Sanghvi,Female,68,Aizawl,Delhi,India,2023-08-19,VIP
4311,Geetika,Mani,Female,23,Amritsar,Rajasthan,India,2026-03-17,Regular
4312,Zansi,Malhotra,Female,31,Jorhat,Gujarat,India,2021-11-29,Regular
4313,Nidhi,Ravel,Female,51,Surat,West Bengal,India,2024-09-01,VIP
4314,Guneet,Chaudhuri,Male,59,South Dumdum,Gujarat,India,2022-06-28,Premium
4315,Naveen,Prabhakar,Male,37,Thiruvananthapuram,Delhi,India,2024-02-01,Premium
4316,Fitan,Grewal,Female,48,Ludhiana,Andhra Pradesh,India,2022-09-21,Premium
4317,Neelima,Behl,Male,23,Phagwara,Kerala,India,2026-03-16,Regular
4318,Panini,Agrawal,Female,31,Mehsana,Delhi,India,2022-12-04,VIP
4319,Harish,Tiwari,Female,66,Meerut,Karnataka,India,2022-03-18,Regular
4320,Samaksh,Gade,Female,68,Panihati,Gujarat,India,2022-08-10,VIP
4321,Sanya,Bawa,Male,58,Hubli–Dharwad,Delhi,India,2024-01-23,VIP
4322,Bachittar,Arya,Female,64,Bihar Sharif,Karnataka,India,2025-10-02,VIP
4323,Jackson,Khosla,Female,49,Mehsana,Delhi,India,2022-07-22,VIP
4324,Unnati,Sachdeva,Male,46,Vasai-Virar,Karnataka,India,2025-01-05,Regular
4325,Nachiket,Pant,Female,66,Guna,Maharashtra,India,2023-11-29,VIP
4326,Guneet,Mane,Male,63,Loni,Tamil Nadu,India,2024-07-05,Premium
4327,Janya,Andra,Female,55,Solapur,Gujarat,India,2023-06-20,Premium
4328,Raksha,Oak,Male,34,Naihati,Delhi,India,2026-03-22,VIP
4329,Noah,Dar,Female,32,Chittoor,Andhra Pradesh,India,2023-02-17,VIP
4330,Sachi,Virk,Male,41,Chittoor,Kerala,India,2022-11-19,VIP
4331,Upadhriti,Bhalla,Female,27,Bhind,Andhra Pradesh,India,2022-08-31,Premium
4332,Ojasvi,Cherian,Female,48,Bhopal,Gujarat,India,2026-05-31,Regular
4333,Yauvani,Choudhry,Male,64,Bhatpara,Tamil Nadu,India,2022-10-26,VIP
4334,Samaksh,Rajagopalan,Male,53,Ongole,Delhi,India,2025-11-19,VIP
4335,Jai,Wason,Female,43,Shivpuri,West Bengal,India,2024-08-05,VIP
4336,Utkarsh,Baria,Male,65,Gurgaon,Andhra Pradesh,India,2026-06-22,Premium
4337,Hitesh,Amble,Male,26,Baranagar,Andhra Pradesh,India,2026-05-14,Premium
4338,Alexander,Peri,Female,61,Kirari Suleman Nagar,Maharashtra,India,2025-12-21,Regular
4339,Azad,Aurora,Female,18,Bardhaman,Gujarat,India,2024-03-16,VIP
4340,Rishi,Deshmukh,Female,28,Tenali,Delhi,India,2023-04-19,Premium
4341,Nicholas,Dara,Female,64,Bhimavaram,Karnataka,India,2022-01-14,Regular
4342,Leena,Raja,Male,47,Sirsa,Telangana,India,2023-12-03,Premium
4343,Mitali,Sodhi,Female,63,Pali,Delhi,India,2025-06-23,VIP
4344,Ishanvi,Bhatti,Female,44,Udupi,West Bengal,India,2022-09-20,Regular
4345,Yatan,Patla,Male,45,Hubli–Dharwad,Gujarat,India,2024-06-13,Regular
4346,Christopher,D’Alia,Female,37,Bihar Sharif,Karnataka,India,2022-12-13,Premium
4347,Lipika,Bora,Male,40,Nangloi Jat,Telangana,India,2021-10-17,Regular
4348,Teerth,Hora,Female,38,Ranchi,Karnataka,India,2026-02-27,Premium
4349,Aarna,Dugar,Male,20,Rajpur Sonarpur,Telangana,India,2022-09-02,Regular
4350,Tristan,Devan,Female,43,Hosur,Kerala,India,2024-03-15,Premium
4351,Yahvi,Bhatti,Female,25,Nagpur,Kerala,India,2021-10-19,Premium
4352,Charvi,Chhabra,Female,62,Ghaziabad,West Bengal,India,2022-05-07,VIP
4353,Alexander,Mutti,Female,46,Ranchi,Kerala,India,2022-12-19,VIP
4354,Harrison,Pillay,Female,27,Burhanpur,Telangana,India,2025-10-06,Regular
4355,Janya,Rama,Male,46,Sambhal,Tamil Nadu,India,2023-10-19,VIP
4356,Vihaan,Narayan,Male,54,Tirupati,Gujarat,India,2026-05-23,Premium
4357,Gautam,Chander,Female,52,Anantapur,Gujarat,India,2021-11-10,VIP
4358,Jagat,Majumdar,Female,22,Bidar,Rajasthan,India,2023-12-03,VIP
4359,Nachiket,Swaminathan,Female,44,Bhilai,Gujarat,India,2024-06-08,VIP
4360,Urmi,Koshy,Male,38,Pondicherry,Gujarat,India,2022-08-29,Premium
4361,Laksh,Bose,Male,28,Kumbakonam,Rajasthan,India,2024-07-07,Regular
4362,Guneet,Desai,Male,56,Guntakal,Kerala,India,2024-11-17,VIP
4363,Widisha,Toor,Female,38,Mau,Telangana,India,2024-10-17,Regular
4364,Aashi,Dubey,Female,25,Ranchi,Delhi,India,2025-08-22,Premium
4365,Naveen,Karan,Male,25,Surat,Telangana,India,2023-01-07,VIP
4366,Chakrika,Master,Female,47,Uluberia,Maharashtra,India,2024-02-05,VIP
4367,Pahal,Shere,Female,44,Ajmer,Delhi,India,2022-01-09,Premium
4368,Ishita,Bhattacharyya,Female,47,Kota,Kerala,India,2021-12-11,VIP
4369,Triveni,Jani,Male,33,Orai,Kerala,India,2025-08-29,VIP
4370,Jason,Pathak,Male,44,Firozabad,Kerala,India,2025-10-20,VIP
4371,Victor,Srivastava,Male,45,Thrissur,Tamil Nadu,India,2022-07-18,VIP
4372,Vidhi,Nadkarni,Female,67,Ambattur,Karnataka,India,2026-03-22,VIP
4373,Amol,Grewal,Female,37,Sagar,Gujarat,India,2022-05-02,Regular
4374,Charvi,Thakur,Female,49,Jaunpur,Andhra Pradesh,India,2023-04-03,Premium
4375,Leela,Bedi,Male,37,Phusro,Karnataka,India,2023-03-08,Premium
4376,Gaurangi,Lad,Male,69,Dehri,Gujarat,India,2025-02-20,VIP
4377,Manbir,Seshadri,Female,38,Miryalaguda,Karnataka,India,2026-02-07,Regular
4378,Charita,Bath,Male,35,Erode,Kerala,India,2025-05-11,Regular
4379,Zashil,Deshpande,Female,58,Amroha,Rajasthan,India,2024-12-03,Regular
4380,Samuel,Dhawan,Male,58,Jabalpur,Gujarat,India,2023-06-21,Regular
4381,Hamsini,Joshi,Female,21,Fatehpur,Maharashtra,India,2025-04-07,Premium
4382,Lakshit,Parmar,Female,67,Bellary,Tamil Nadu,India,2026-03-19,Premium
4383,Raagini,Thaman,Female,42,Medininagar,Andhra Pradesh,India,2022-02-26,Regular
4384,Niharika,Balan,Female,45,Hazaribagh,Delhi,India,2026-03-01,VIP
4385,Maya,Kaur,Female,25,Howrah,Delhi,India,2024-07-23,Premium
4386,Kamala,Keer,Male,57,Chennai,Rajasthan,India,2024-08-30,Premium
4387,Atharv,Vohra,Male,66,Bhalswa Jahangir Pur,Maharashtra,India,2023-06-01,VIP
4388,Omya,Chacko,Male,44,Kavali,Telangana,India,2025-07-15,Premium
4389,Pushti,Kurian,Male,67,Satara,Delhi,India,2023-05-07,Regular
4390,Ekanta,Sabharwal,Male,51,Howrah,Karnataka,India,2025-09-28,VIP
4391,Xiti,Sheth,Male,20,Sonipat,Telangana,India,2024-08-22,Premium
4392,Aachal,Dutt,Female,63,Solapur,Gujarat,India,2021-12-12,VIP
4393,Wyatt,Vyas,Male,65,Siliguri,Maharashtra,India,2023-04-03,Regular
4394,Vansha,Kade,Male,34,Bikaner,Karnataka,India,2025-08-03,Premium
4395,Samuel,Gole,Female,51,Belgaum,Karnataka,India,2023-03-17,VIP
4396,Manan,Subramaniam,Male,44,Aligarh,Andhra Pradesh,India,2022-05-09,Premium
4397,Ucchal,Prabhakar,Female,29,Purnia,Gujarat,India,2022-09-27,VIP
4398,Vyanjana,Chhabra,Female,68,Dehradun,Telangana,India,2022-03-14,VIP
4399,Chaitaly,Dugar,Male,29,Raipur,Rajasthan,India,2024-03-03,Regular
4400,Amrita,Raval,Male,54,Patna,Telangana,India,2024-11-25,Premium
4401,Parth,Chawla,Male,21,Adoni,Tamil Nadu,India,2021-10-12,VIP
4402,Sarthak,Gola,Female,40,Ludhiana,Kerala,India,2023-03-31,VIP
4403,Odika,Atwal,Female,47,Shimoga,Andhra Pradesh,India,2023-04-13,VIP
4404,Mitali,Luthra,Female,35,Solapur,Maharashtra,India,2022-03-25,VIP
4405,Pahal,Bakshi,Male,39,Hospet,Tamil Nadu,India,2025-08-31,VIP
4406,Anirudh,Kalita,Male,64,Silchar,Gujarat,India,2023-05-13,Regular
4407,Sanaya,Baral,Female,65,Hyderabad,Telangana,India,2021-12-29,Regular
4408,Bishakha,Issac,Male,43,Udaipur,West Bengal,India,2025-03-24,Premium
4409,Tara,Goswami,Female,55,Parbhani,Andhra Pradesh,India,2024-12-01,Premium
4410,Udarsh,Chowdhury,Male,43,Kozhikode,Maharashtra,India,2026-07-03,Regular
4411,Arya,Sawhney,Female,63,New Delhi,Tamil Nadu,India,2026-06-08,Regular
4412,Abdul,Zacharia,Female,69,Phusro,Karnataka,India,2021-12-28,Premium
4413,Mitali,Nair,Female,34,Ghaziabad,Andhra Pradesh,India,2023-01-16,Premium
4414,Inaya,Nair,Female,36,Mahbubnagar,Andhra Pradesh,India,2023-07-30,Regular
4415,Umang,Datta,Male,41,Sangli-Miraj & Kupwad,Maharashtra,India,2025-11-28,Regular
4416,Pranit,Zachariah,Female,48,Kozhikode,Karnataka,India,2026-08-01,VIP
4417,Jacob,Ram,Male,29,Karnal,Andhra Pradesh,India,2022-02-13,VIP
4418,Chanchal,Sanghvi,Male,39,Cuttack,Kerala,India,2025-05-17,VIP
4419,Oni,Sethi,Male,43,Bathinda,Tamil Nadu,India,2023-03-05,VIP
4420,Sudiksha,Ganesan,Female,62,Raurkela Industrial Township,West Bengal,India,2023-06-18,Regular
4421,Vrinda,Lanka,Male,25,Lucknow,Karnataka,India,2025-07-25,Regular
4422,Aadi,Tiwari,Female,44,Barasat,Maharashtra,India,2021-09-26,VIP
4423,Omya,Tandon,Male,22,Haridwar,Kerala,India,2021-11-24,Premium
4424,Omkaar,Basu,Male,24,Kota,Rajasthan,India,2026-07-09,Premium
4425,Onveer,Batra,Female,43,Gaya,Maharashtra,India,2022-05-17,Premium
4426,Kamya,Mistry,Female,31,Udupi,Rajasthan,India,2021-12-28,Regular
4427,Ati,Lad,Male,62,Bhimavaram,West Bengal,India,2023-08-18,VIP
4428,Oscar,Dugar,Male,26,Nellore,Tamil Nadu,India,2023-10-26,Premium
4429,Samuel,Ghose,Female,38,Rourkela,Tamil Nadu,India,2023-10-18,VIP
4430,Ishita,Bhavsar,Male,27,Jamnagar,Telangana,India,2024-11-23,Premium
4431,Garima,Padmanabhan,Male,69,Raipur,Gujarat,India,2023-08-21,Premium
4432,Geetika,Mander,Male,57,Visakhapatnam,Telangana,India,2023-08-21,Regular
4433,Nidhi,Thaman,Female,21,Dhule,Delhi,India,2023-05-12,Premium
4434,Yatan,Hans,Female,37,Durg,Rajasthan,India,2023-10-23,VIP
4435,Meera,Gade,Male,35,Mira-Bhayandar,Telangana,India,2021-10-10,Regular
4436,Avi,Palan,Male,32,Bhilai,Karnataka,India,2022-10-15,Premium
4437,Amruta,Madan,Male,44,Nanded,Gujarat,India,2022-03-15,VIP
4438,Sachi,Nath,Male,51,Satara,Kerala,India,2022-11-08,VIP
4439,Daksh,Dalal,Male,41,Latur,West Bengal,India,2025-12-08,VIP
4440,Neelima,Hora,Male,24,Ongole,Rajasthan,India,2025-08-16,VIP
4441,Dayamai,Prabhu,Male,46,Kozhikode,Karnataka,India,2022-04-09,Regular
4442,Alexander,Rajagopalan,Female,49,Hindupur,Kerala,India,2023-12-30,VIP
4443,Girik,Jani,Male,54,Tiruvottiyur,Maharashtra,India,2022-07-18,Premium
4444,Kevin,Golla,Female,37,Amroha,Karnataka,India,2022-05-12,Regular
4445,Veer,Chaudhry,Male,50,Serampore,Maharashtra,India,2023-09-09,VIP
4446,Nandini,Dave,Female,42,Panipat,Rajasthan,India,2025-09-27,Premium
4447,Eiravati,Dora,Male,34,Chandrapur,Delhi,India,2024-12-21,VIP
4448,Harshil,Dhar,Male,27,Udupi,Gujarat,India,2025-05-02,VIP
4449,Jai,Sen,Female,69,Indore,Tamil Nadu,India,2021-10-02,Regular
4450,Nathan,Walia,Male,32,Satna,Andhra Pradesh,India,2022-11-18,Regular
4451,Anamika,Bhat,Male,24,Rourkela,Gujarat,India,2022-08-13,Regular
4452,Dev,Pandya,Female,34,Bathinda,Maharashtra,India,2024-09-23,VIP
4453,Advaith,Nadkarni,Female,28,Gopalpur,West Bengal,India,2023-07-02,VIP
4454,Liam,Chaudhry,Female,52,Dewas,Karnataka,India,2023-09-26,VIP
4455,Chandran,Varughese,Female,47,Shivpuri,Maharashtra,India,2025-08-20,Regular
4456,Logan,Lal,Female,46,Mahbubnagar,Kerala,India,2022-10-17,Regular
4457,Kavya,Krishnamurthy,Female,38,Jamnagar,Andhra Pradesh,India,2022-07-05,Regular
4458,Yachana,Keer,Female,47,Pondicherry,Tamil Nadu,India,2026-04-21,Regular
4459,Imaran,Gole,Female,31,Barasat,Gujarat,India,2026-05-01,Regular
4460,Vasudha,Tailor,Male,66,Chinsurah,Maharashtra,India,2025-11-26,VIP
4461,Lavanya,Issac,Female,64,Noida,Gujarat,India,2023-02-28,Premium
4462,Qushi,Pandya,Female,63,Secunderabad,Gujarat,India,2022-03-14,Regular
4463,Noah,Oak,Female,58,Hosur,Kerala,India,2024-03-06,VIP
4464,Rachita,Maharaj,Male,19,Saharsa,Karnataka,India,2024-07-20,Premium
4465,Yahvi,Parmer,Male,68,Hosur,Maharashtra,India,2023-03-05,Premium
4466,Ekani,Sarkar,Female,20,Bhavnagar,Kerala,India,2025-02-25,VIP
4467,Orinder,Badami,Female,46,Sikar,Kerala,India,2025-10-25,Regular
4468,Jeremiah,Ganguly,Male,53,Farrukhabad,Kerala,India,2023-07-23,Regular
4469,Eiravati,Prakash,Female,65,Bhimavaram,Karnataka,India,2025-01-17,Premium
4470,Om,Dutt,Male,35,South Dumdum,Andhra Pradesh,India,2024-09-10,Premium
4471,Abhiram,Cherian,Female,60,Nagercoil,West Bengal,India,2025-03-01,VIP
4472,Om,Mital,Female,66,Malegaon,Telangana,India,2026-05-31,Premium
4473,Nisha,Gulati,Female,23,Bokaro,West Bengal,India,2021-10-27,Regular
4474,Gautam,Gara,Female,49,Sambalpur,Tamil Nadu,India,2024-01-15,Premium
4475,Gagan,Mani,Female,21,Hindupur,Karnataka,India,2021-10-23,VIP
4476,Agastya,Sahni,Female,41,Tirunelveli,West Bengal,India,2025-06-26,VIP
4477,Balveer,Desai,Female,42,Silchar,Maharashtra,India,2021-09-18,VIP
4478,Adweta,Oommen,Female,64,Amaravati,Telangana,India,2024-10-14,Premium
4479,Qushi,Hari,Male,33,Jabalpur,Delhi,India,2025-10-09,VIP
4480,Bhavani,Baral,Female,23,Ahmednagar,Andhra Pradesh,India,2022-05-08,Regular
4481,Chandresh,Chad,Male,56,Sambalpur,Rajasthan,India,2024-11-12,Regular
4482,Sai,Yohannan,Female,31,Guntur,Kerala,India,2023-01-29,Regular
4483,Chanchal,Sheth,Male,54,Chandigarh,Karnataka,India,2023-08-09,VIP
4484,Lavanya,Ahluwalia,Male,37,Gurgaon,West Bengal,India,2021-11-23,VIP
4485,Maanas,Shenoy,Male,58,Agra,Tamil Nadu,India,2024-06-09,Regular
4486,Mugdha,Mand,Female,48,Bhubaneswar,Gujarat,India,2025-04-08,Premium
4487,Christopher,Som,Female,60,Bikaner,Andhra Pradesh,India,2025-01-14,VIP
4488,Baghyawati,Kamdar,Male,61,Hyderabad,Kerala,India,2021-11-02,VIP
4489,Eshana,Kari,Male,38,Malegaon,Andhra Pradesh,India,2023-06-01,VIP
4490,Anika,Sampath,Male,34,Raiganj,West Bengal,India,2025-05-02,VIP
4491,Manan,Kapoor,Male,20,Tiruppur,Tamil Nadu,India,2023-05-26,Premium
4492,Nirja,Contractor,Male,46,Tadipatri,Karnataka,India,2023-12-01,Premium
4493,Barkha,Chander,Female,31,Dewas,Tamil Nadu,India,2022-11-18,Premium
4494,Ryan,Chaudhary,Female,43,Karnal,Kerala,India,2024-01-23,VIP
4495,Bhavna,Dada,Male,22,Jaunpur,Tamil Nadu,India,2023-03-27,Premium
4496,Ucchal,Singhal,Male,69,Nagaon,Maharashtra,India,2024-10-16,VIP
4497,Vansha,Salvi,Female,57,Bhusawal,Delhi,India,2023-06-27,Regular
4498,Zayan,Master,Female,25,Ranchi,Telangana,India,2024-01-27,Regular
4499,Priya,Boase,Female,21,Khammam,Karnataka,India,2024-08-09,Premium
4500,Harish,Vaidya,Male,47,Jaipur,Gujarat,India,2022-06-13,VIP
4501,Warda,Gulati,Male,33,Dewas,West Bengal,India,2023-04-08,Regular
4502,Benjamin,Ganguly,Male,51,Karaikudi,Maharashtra,India,2023-07-31,VIP
4503,Sai,Morar,Male,22,Shimoga,Tamil Nadu,India,2022-05-17,Premium
4504,Watika,Ganguly,Male,20,Agartala,Delhi,India,2024-08-25,VIP
4505,Priya,Nayak,Female,45,Orai,Andhra Pradesh,India,2025-01-07,Regular
4506,Aadhya,Sen,Female,42,Dehradun,Tamil Nadu,India,2024-10-07,Premium
4507,Chaaya,Wason,Female,56,Kamarhati,Gujarat,India,2024-12-06,Premium
4508,Laksh,Sahota,Male,67,Parbhani,Kerala,India,2025-09-09,Regular
4509,Oscar,Hora,Male,42,Shimoga,Maharashtra,India,2022-04-02,VIP
4510,Advik,Aggarwal,Female,56,Ambattur,Andhra Pradesh,India,2025-12-22,VIP
4511,Geetika,Munshi,Female,49,Agartala,Telangana,India,2023-03-13,Premium
4512,Gavin,Raman,Female,59,Noida,Kerala,India,2024-06-12,VIP
4513,Amol,Bali,Female,18,Morena,Rajasthan,India,2026-04-02,Premium
4514,Faras,Lala,Female,62,Dhanbad,Andhra Pradesh,India,2024-04-21,Regular
4515,Vrinda,Roy,Male,49,Durg,West Bengal,India,2023-08-09,Premium
4516,Tamanna,Tiwari,Female,60,Bally,West Bengal,India,2023-07-09,Premium
4517,Tanvi,Behl,Male,56,Gandhinagar,Kerala,India,2022-05-31,Premium
4518,Siya,Panchal,Female,42,Bardhaman,Karnataka,India,2025-03-27,VIP
4519,Unni,Deep,Male,27,Muzaffarpur,Tamil Nadu,India,2025-02-24,Premium
4520,Ekalinga,Pillai,Male,32,Chandigarh,Karnataka,India,2026-02-17,Regular
4521,Kashish,Varughese,Female,67,Allahabad,Telangana,India,2022-12-25,Premium
4522,Sneha,Soman,Male,58,Gangtok,Delhi,India,2022-08-25,VIP
4523,Advay,Varughese,Female,58,Thanjavur,Andhra Pradesh,India,2022-01-23,Premium
4524,Suhani,Rajan,Male,53,Ramagundam,Maharashtra,India,2023-09-21,Regular
4525,Januja,Sabharwal,Male,20,Visakhapatnam,Telangana,India,2024-08-01,Regular
4526,Balhaar,Kari,Male,44,Raiganj,Telangana,India,2023-12-26,Regular
4527,Pavani,Upadhyay,Male,65,Rajpur Sonarpur,Karnataka,India,2021-12-11,Premium
4528,Meghana,Subramanian,Female,34,Rajpur Sonarpur,Tamil Nadu,India,2021-11-26,Premium
4529,Nidhi,Sinha,Female,42,Motihari,Karnataka,India,2022-11-13,Premium
4530,Qadim,Goswami,Female,48,Bulandshahr,Rajasthan,India,2025-10-03,Premium
4531,Avni,Bumb,Female,38,Anand,Rajasthan,India,2025-07-23,Premium
4532,Yashoda,Tripathi,Female,61,Ozhukarai,Rajasthan,India,2023-07-27,Regular
4533,Yadavi,Narayan,Male,61,Munger,Andhra Pradesh,India,2025-09-19,Regular
4534,Samesh,Sachdeva,Male,33,Avadi,Delhi,India,2023-02-25,Premium
4535,Yutika,Thakur,Female,26,Silchar,Kerala,India,2021-12-01,VIP
4536,Divya,Naidu,Male,48,Barasat,Tamil Nadu,India,2026-07-28,VIP
4537,Lakshit,Dewan,Male,44,Sirsa,Delhi,India,2022-03-19,VIP
4538,Adweta,Sami,Male,24,Bongaigaon,Gujarat,India,2025-02-16,Premium
4539,Saanvi,Balan,Male,40,Katni,Karnataka,India,2023-06-19,Regular
4540,Rachit,Bhat,Female,21,Rewa,Karnataka,India,2023-02-05,VIP
4541,Alexander,Som,Male,51,Amaravati,Karnataka,India,2023-03-22,VIP
4542,Yashodhara,Buch,Male,45,Pallavaram,Karnataka,India,2022-09-25,VIP
4543,Mitesh,Sahota,Male,30,Kurnool,Telangana,India,2023-09-13,Regular
4544,Ubika,Chana,Male,19,Chennai,Karnataka,India,2026-04-03,Regular
4545,Pallavi,Morar,Male,54,Tirunelveli,Maharashtra,India,2025-02-27,Premium
4546,Bishakha,Dugar,Female,45,Tiruppur,Tamil Nadu,India,2026-04-08,Premium
4547,Wahab,Chahal,Female,35,Khammam,Delhi,India,2024-04-14,VIP
4548,Anirudh,Chowdhury,Male,44,Secunderabad,Andhra Pradesh,India,2026-07-11,Regular
4549,Omya,Sengupta,Female,28,Nadiad,Karnataka,India,2023-03-30,VIP
4550,Devansh,Oak,Female,38,Jhansi,Delhi,India,2021-09-24,Premium
4551,Jhalak,Kuruvilla,Male,36,Darbhanga,Maharashtra,India,2023-09-08,Regular
4552,Yauvani,Mall,Female,69,Meerut,Rajasthan,India,2022-12-17,Regular
4553,Faqid,Shukla,Female,44,Vijayanagaram,Tamil Nadu,India,2025-09-21,Regular
4554,Yadavi,Ahluwalia,Male,55,Gandhinagar,Tamil Nadu,India,2024-01-08,Regular
4555,Tristan,Comar,Female,34,Dehri,Delhi,India,2022-02-25,Premium
4556,Harshil,Raghavan,Male,67,Amaravati,Kerala,India,2022-12-02,VIP
4557,Yasti,Chander,Female,66,Mumbai,Maharashtra,India,2023-05-31,Regular
4558,Saumya,Batra,Female,21,Fatehpur,Delhi,India,2022-03-06,Regular
4559,Nachiket,Sachar,Male,24,Kalyan-Dombivli,Rajasthan,India,2025-07-05,Regular
4560,Chanakya,Jani,Female,35,Anand,Gujarat,India,2026-04-20,VIP
4561,Azad,Vasa,Male,23,Malda,Karnataka,India,2023-01-26,Regular
4562,Neelima,Doctor,Female,62,Ghaziabad,Kerala,India,2025-03-29,Premium
4563,Owen,Minhas,Male,62,Hajipur,Tamil Nadu,India,2024-06-27,VIP
4564,Ayushman,Bahl,Male,33,Siliguri,Tamil Nadu,India,2026-02-08,Regular
4565,Yashica,Nori,Female,44,Bhind,Telangana,India,2024-01-22,VIP
4566,Gaurang,Borra,Male,33,Panvel,Andhra Pradesh,India,2021-09-24,Premium
4567,Pallavi,Chowdhury,Female,65,Bhubaneswar,Tamil Nadu,India,2023-03-04,VIP
4568,Urmi,Ravi,Female,22,Mira-Bhayandar,Maharashtra,India,2021-11-05,Regular
4569,Bachittar,Wali,Female,39,Pune,Kerala,India,2023-10-03,Premium
4570,Jagdish,Shan,Male,26,Akola,Telangana,India,2025-04-18,Regular
4571,Robert,Lalla,Male,41,Agartala,Telangana,India,2023-07-28,Premium
4572,Eshana,Raj,Female,26,Nizamabad,Telangana,India,2024-07-21,Regular
4573,Vedhika,Ahuja,Female,31,Mangalore,Tamil Nadu,India,2021-10-22,VIP
4574,Chakrika,Dhar,Male,20,Ujjain,Telangana,India,2024-11-22,VIP
4575,Tanveer,Reddy,Male,59,Bhimavaram,Karnataka,India,2022-06-24,Premium
4576,Nachiket,Kapoor,Male,21,Bharatpur,Telangana,India,2023-10-30,Regular
4577,Aditya,Goswami,Female,47,Jehanabad,West Bengal,India,2025-07-21,VIP
4578,Nidhi,Bhargava,Female,41,Phagwara,Maharashtra,India,2024-12-01,Premium
4579,Saumya,Acharya,Male,46,Durg,Tamil Nadu,India,2023-10-10,VIP
4580,Keya,Nadkarni,Male,53,Aizawl,Tamil Nadu,India,2022-01-26,Premium
4581,Indira,Pant,Male,40,Khandwa,Kerala,India,2023-11-21,Premium
4582,Yachana,Buch,Male,61,Arrah,Maharashtra,India,2024-01-30,VIP
4583,Amol,Kibe,Female,30,Darbhanga,West Bengal,India,2026-01-19,Regular
4584,Manan,Dani,Male,48,Jehanabad,Maharashtra,India,2025-07-22,Regular
4585,Wishi,Kothari,Female,69,Bally,Gujarat,India,2025-02-11,VIP
4586,Nirja,Doshi,Female,65,Warangal,Kerala,India,2023-09-05,VIP
4587,Priya,Barad,Male,30,Sambhal,Delhi,India,2025-08-28,VIP
4588,Nikita,Mander,Female,57,Bikaner,Kerala,India,2024-11-19,Premium
4589,Dayita,Sundaram,Male,39,Bhavnagar,Kerala,India,2022-02-21,VIP
4590,Aahana,Grewal,Female,47,Udaipur,Karnataka,India,2023-02-15,Premium
4591,Nirja,Dave,Female,35,Yamunanagar,Andhra Pradesh,India,2025-04-05,VIP
4592,Mitali,Bora,Female,43,Jehanabad,Kerala,India,2025-03-09,VIP
4593,Peter,Gulati,Male,18,Burhanpur,Karnataka,India,2023-01-10,Regular
4594,Yug,Kale,Male,57,Begusarai,West Bengal,India,2025-10-10,Premium
4595,Mugdha,Varma,Female,34,Shimla,Gujarat,India,2025-07-20,VIP
4596,Rachit,Pradhan,Male,65,Ahmedabad,West Bengal,India,2024-04-10,VIP
4597,Jairaj,Koshy,Female,32,Loni,Tamil Nadu,India,2023-03-08,Premium
4598,Chandran,Virk,Female,25,Narasaraopet,Andhra Pradesh,India,2023-10-25,VIP
4599,Girish,Narang,Female,30,Madanapalle,West Bengal,India,2026-03-16,Premium
4600,Ranveer,Chad,Female,28,Cuttack,Gujarat,India,2025-02-19,Premium
4601,Advaith,Balan,Female,42,Jabalpur,Telangana,India,2024-03-05,Regular
4602,Chameli,Bawa,Female,49,Silchar,Telangana,India,2022-12-18,VIP
4603,Ekalinga,Mody,Female,41,Visakhapatnam,Kerala,India,2024-02-18,Regular
4604,Ekavir,Kalla,Female,38,Kochi,Andhra Pradesh,India,2021-11-08,VIP
4605,Samarth,Varty,Male,54,Pondicherry,Andhra Pradesh,India,2023-01-04,Regular
4606,Upma,Deo,Male,61,Gudivada,Telangana,India,2026-04-23,Regular
4607,Radhika,Narang,Male,34,Bihar Sharif,Karnataka,India,2023-01-27,Regular
4608,Krishna,Minhas,Female,58,Ozhukarai,Maharashtra,India,2023-01-01,Regular
4609,Christopher,Venkataraman,Female,24,Muzaffarpur,Rajasthan,India,2024-07-30,VIP
4610,Vincent,Balasubramanian,Male,50,Purnia,Maharashtra,India,2025-05-10,Regular
4611,Harsh,Lal,Female,59,Cuttack,Karnataka,India,2026-07-19,VIP
4612,Bahadurjit,Pingle,Male,41,Deoghar,Tamil Nadu,India,2022-11-01,Regular
4613,Aayush,Chada,Male,26,Bharatpur,Telangana,India,2023-10-22,Regular
4614,Aarnav,Sen,Female,30,Alappuzha,Tamil Nadu,India,2022-07-27,VIP
4615,Qushi,Nath,Female,24,Jamnagar,Andhra Pradesh,India,2024-03-08,VIP
4616,Abeer,Mukherjee,Female,60,Aizawl,Andhra Pradesh,India,2025-11-20,Regular
4617,Aarini,Dara,Male,61,Ratlam,Andhra Pradesh,India,2023-08-19,VIP
4618,Elijah,Hari,Male,68,Tadipatri,Tamil Nadu,India,2024-05-25,Premium
4619,Nidhi,Chatterjee,Male,54,Faridabad,West Bengal,India,2025-12-07,Premium
4620,Vrishti,Tandon,Female,29,Gulbarga,Delhi,India,2022-05-03,VIP
4621,Watika,Palla,Female,54,Kamarhati,Andhra Pradesh,India,2025-04-11,Premium
4622,Gabriel,Gola,Female,44,Siliguri,Delhi,India,2024-07-20,VIP
4623,Ekavir,Issac,Female,40,Jammu,Karnataka,India,2023-07-02,Premium
4624,Tripti,Baria,Male,55,Bihar Sharif,Kerala,India,2023-04-12,Regular
4625,Chaaya,Mukherjee,Male,21,Sultan Pur Majra,Andhra Pradesh,India,2024-02-25,VIP
4626,Aadi,Madan,Male,31,Chinsurah,West Bengal,India,2021-12-06,VIP
4627,Sachi,Warrior,Female,41,Warangal,Karnataka,India,2023-08-19,VIP
4628,Divya,Bhatti,Male,34,Nandyal,West Bengal,India,2025-03-25,VIP
4629,Ekanta,Bose,Male,44,Chittoor,Delhi,India,2022-01-01,Premium
4630,Ishanvi,Chakraborty,Female,62,Mathura,Andhra Pradesh,India,2023-02-17,Premium
4631,Idika,Brar,Female,39,Nagercoil,Telangana,India,2024-12-22,Regular
4632,Reyansh,Kumer,Male,69,Mahbubnagar,Maharashtra,India,2022-05-03,VIP
4633,Irya,Upadhyay,Male,57,Hapur,West Bengal,India,2024-08-28,Regular
4634,Farhan,Chandran,Female,35,Bidhannagar,Tamil Nadu,India,2023-12-06,Regular
4635,Anika,Ramanathan,Female,20,Kulti,Maharashtra,India,2022-09-16,Premium
4636,Mitali,Batta,Male,27,Bhalswa Jahangir Pur,Maharashtra,India,2021-09-26,Regular
4637,Chandresh,Mane,Female,48,Dharmavaram,Karnataka,India,2023-10-21,VIP
4638,Advik,Mukhopadhyay,Male,54,Bijapur,Kerala,India,2022-09-17,Regular
4639,Anya,Badami,Female,38,Mahbubnagar,West Bengal,India,2026-05-11,VIP
4640,Mason,Gokhale,Female,65,Panvel,West Bengal,India,2021-12-01,Regular
4641,Shaurya,Raja,Male,27,Nanded,Telangana,India,2022-01-19,Regular
4642,William,Varkey,Female,19,Tinsukia,Rajasthan,India,2026-06-07,VIP
4643,Mohini,Mallick,Male,34,Raiganj,Karnataka,India,2026-04-04,Premium
4644,Advik,Doshi,Male,22,Pondicherry,Maharashtra,India,2023-01-20,Regular
4645,Hamsini,Chana,Male,26,Ichalkaranji,Kerala,India,2025-06-07,VIP
4646,Samuel,Jani,Female,44,Tiruvottiyur,West Bengal,India,2025-04-07,Premium
4647,Kevin,Iyengar,Male,45,Jhansi,Kerala,India,2025-09-12,Premium
4648,Charita,Lall,Male,22,Ambala,Rajasthan,India,2026-01-10,VIP
4649,Chatresh,Sankaran,Female,21,Kalyan-Dombivli,Kerala,India,2026-01-05,Regular
4650,Vasudha,Basak,Male,32,Kalyan-Dombivli,Karnataka,India,2022-09-18,Regular
4651,George,Zachariah,Female,65,Korba,Kerala,India,2022-05-21,Premium
4652,George,Iyengar,Female,56,Pali,Karnataka,India,2024-12-07,Premium
4653,Harish,Char,Female,42,Siwan,Gujarat,India,2024-01-22,VIP
4654,Hamsini,Batta,Male,22,Ujjain,Telangana,India,2025-02-09,VIP
4655,Wridesh,Grewal,Female,20,Gorakhpur,West Bengal,India,2025-02-21,Regular
4656,Bachittar,Merchant,Male,64,Kozhikode,Andhra Pradesh,India,2022-12-17,Premium
4657,Andrew,Murthy,Female,22,Ghaziabad,Tamil Nadu,India,2025-09-18,Regular
4658,Abhimanyu,Soni,Male,18,Darbhanga,Gujarat,India,2024-10-20,Premium
4659,Arya,Minhas,Male,43,Howrah,Karnataka,India,2026-03-28,Regular
4660,Laksh,Hegde,Male,60,Raiganj,Rajasthan,India,2022-04-03,VIP
4661,Bimala,Ramakrishnan,Male,62,Tadipatri,Andhra Pradesh,India,2026-08-01,Premium
4662,Harinakshi,Kohli,Female,55,Bidar,West Bengal,India,2025-11-05,VIP
4663,Lila,Reddy,Female,33,Vellore,Delhi,India,2023-03-30,Regular
4664,Yuvraj,Narain,Female,28,Delhi,Gujarat,India,2024-10-20,VIP
4665,Vincent,Arya,Female,19,Yamunanagar,Gujarat,India,2022-05-04,VIP
4666,Charvi,Babu,Female,48,Dindigul,Telangana,India,2025-11-06,Premium
4667,Saumya,Ahuja,Female,18,Munger,Delhi,India,2026-02-10,VIP
4668,Nandini,Bava,Female,65,Faridabad,Tamil Nadu,India,2025-01-22,Premium
4669,Warjas,Barman,Female,40,Tenali,Karnataka,India,2023-09-29,VIP
4670,Radha,Anand,Female,49,Varanasi,Delhi,India,2022-10-24,VIP
4671,Gagan,Sanghvi,Female,60,Bangalore,Tamil Nadu,India,2026-05-08,Premium
4672,Jai,Apte,Female,60,Dharmavaram,Maharashtra,India,2022-02-01,Regular
4673,Jagat,Gala,Female,20,Patiala,Rajasthan,India,2021-12-16,Premium
4674,Luke,Patla,Male,64,Lucknow,West Bengal,India,2023-12-11,Premium
4675,Harinakshi,Dugar,Male,56,Jaunpur,Andhra Pradesh,India,2024-11-13,Regular
4676,Unni,Peri,Female,63,Gorakhpur,Telangana,India,2026-08-07,Premium
4677,Rachit,Ramanathan,Male,55,Dhanbad,Gujarat,India,2026-04-02,Premium
4678,Qushi,Bassi,Female,22,Madhyamgram,Tamil Nadu,India,2024-09-05,Premium
4679,Waida,Merchant,Male,26,Bardhaman,Tamil Nadu,India,2024-01-15,VIP
4680,Laksh,Bassi,Male,35,Baranagar,Tamil Nadu,India,2026-06-14,Premium
4681,Baghyawati,Mangal,Female,55,Kamarhati,Kerala,India,2026-01-31,Regular
4682,Gautam,Dash,Female,35,Kishanganj,Gujarat,India,2022-09-28,VIP
4683,Lopa,Pall,Male,68,Bettiah,Rajasthan,India,2023-07-06,VIP
4684,Bhanumati,Mandal,Male,29,Sikar,Maharashtra,India,2025-03-02,Premium
4685,Naksh,Ganesh,Female,57,Jalgaon,Rajasthan,India,2022-10-06,Regular
4686,Wakeeta,Talwar,Female,59,Satna,Telangana,India,2025-03-06,VIP
4687,Lajita,Arora,Male,67,Alappuzha,West Bengal,India,2022-08-02,Premium
4688,Osha,Dewan,Male,45,Hosur,Tamil Nadu,India,2025-04-24,Regular
4689,Azaan,Sem,Male,27,Sagar,Delhi,India,2025-07-13,Premium
4690,Mitesh,Sama,Male,26,Pune,Gujarat,India,2022-10-30,Premium
4691,Ronith,Pandit,Male,59,Ambarnath,Kerala,India,2025-12-31,VIP
4692,Janya,Bala,Female,36,Dindigul,Delhi,India,2023-05-29,Regular
4693,Aayush,Bir,Male,27,Berhampur,Telangana,India,2022-06-25,Premium
4694,Pallavi,Taneja,Male,49,Satna,Delhi,India,2025-04-24,Premium
4695,Chatura,Palan,Female,35,Aurangabad,Telangana,India,2022-03-29,Premium
4696,Kashvi,Dayal,Female,19,Rohtak,Tamil Nadu,India,2024-04-13,VIP
4697,Falan,Kadakia,Female,51,Gudivada,Maharashtra,India,2024-06-28,Premium
4698,Damyanti,Sathe,Male,68,Pimpri-Chinchwad,Delhi,India,2024-11-27,Premium
4699,Aishani,Pau,Male,49,Jalandhar,Maharashtra,India,2024-06-07,Premium
4700,Unni,Bhagat,Male,53,Jaunpur,Kerala,India,2022-10-05,Premium
4701,Fariq,Vohra,Male,39,Raebareli,Rajasthan,India,2024-04-08,Premium
4702,Nidhi,Kala,Male,27,Bathinda,West Bengal,India,2025-01-06,VIP
4703,Jatin,Keer,Female,31,North Dumdum,Maharashtra,India,2025-12-03,Premium
4704,Aishani,Sharma,Male,23,Motihari,Delhi,India,2021-10-09,Premium
4705,Kavya,Sidhu,Male,36,Gaya,Kerala,India,2023-10-12,Premium
4706,Vanya,Som,Male,69,Hosur,Delhi,India,2023-12-21,VIP
4707,Yash,Ahuja,Male,41,Phusro,West Bengal,India,2023-04-17,Premium
4708,Nihal,Bal,Female,39,Bhiwani,Maharashtra,India,2025-11-14,Regular
4709,Wyatt,Kalla,Female,19,Asansol,West Bengal,India,2025-10-15,Regular
4710,Simon,Deol,Male,55,Buxar,Andhra Pradesh,India,2025-02-26,Regular
4711,Bimala,Lad,Male,51,Gaya,Tamil Nadu,India,2026-06-25,Regular
4712,Kiaan,Nagy,Male,59,Ujjain,Andhra Pradesh,India,2025-01-26,Premium
4713,Triveni,Puri,Female,38,Rampur,Delhi,India,2023-02-13,Regular
4714,Reva,Solanki,Male,22,Kozhikode,Rajasthan,India,2023-08-14,Premium
4715,Hamsini,Dhaliwal,Female,66,Bhavnagar,West Bengal,India,2023-09-28,Regular
4716,Qabil,Bains,Male,49,Chandrapur,Gujarat,India,2021-09-18,Regular
4717,Dhruv,Sampath,Female,38,Ambattur,Kerala,India,2023-03-16,VIP
4718,Zaitra,Mallick,Male,56,Durgapur,Gujarat,India,2023-07-09,VIP
4719,Chameli,Talwar,Female,26,Mahbubnagar,Karnataka,India,2026-03-07,VIP
4720,Manthan,Andra,Male,35,Bathinda,Gujarat,India,2024-06-11,Premium
4721,Frado,Narasimhan,Female,67,Tiruvottiyur,Telangana,India,2022-10-17,VIP
4722,Lopa,Bhandari,Male,31,North Dumdum,Maharashtra,India,2025-06-04,Regular
4723,Ekaraj,Jaggi,Female,33,Amravati,Gujarat,India,2021-12-18,Regular
4724,Aarush,Ramaswamy,Female,42,Sambalpur,Gujarat,India,2023-07-13,Premium
4725,Mohammed,Gour,Female,55,Saharanpur,Kerala,India,2022-10-21,VIP
4726,Waida,Sengupta,Female,65,Bhind,Rajasthan,India,2023-07-28,Premium
4727,Samar,Borra,Male,30,Guna,Tamil Nadu,India,2021-12-31,Premium
4728,Mitali,Ratti,Male,18,Morena,West Bengal,India,2021-12-14,VIP
4729,Saanvi,Aggarwal,Female,38,Proddatur,Gujarat,India,2024-10-15,VIP
4730,Charles,Khanna,Male,54,Visakhapatnam,Telangana,India,2024-07-24,VIP
4731,Dhriti,Gara,Male,18,Bhavnagar,Kerala,India,2024-02-28,Regular
4732,Frado,Barad,Male,69,Bihar Sharif,Rajasthan,India,2022-03-03,VIP
4733,Kevin,Tandon,Male,24,Surat,Rajasthan,India,2025-05-29,Premium
4734,Urvashi,Peri,Female,66,Haldia,Gujarat,India,2025-07-27,Regular
4735,Osha,Devi,Male,29,Jehanabad,Maharashtra,India,2021-09-25,Premium
4736,Qushi,Dutta,Female,54,Thane,Delhi,India,2023-10-19,Regular
4737,Nidhi,Halder,Female,60,Sambhal,West Bengal,India,2023-12-12,Regular
4738,Nisha,Bobal,Male,46,Chapra,Delhi,India,2025-07-10,Regular
4739,Amara,Murty,Female,34,Dharmavaram,Kerala,India,2023-06-28,VIP
4740,Hemang,Virk,Male,26,Dharmavaram,Karnataka,India,2026-07-27,VIP
4741,Vedhika,Mall,Female,68,Bardhaman,Maharashtra,India,2026-01-07,Regular
4742,Prisha,Banerjee,Male,24,Satara,Andhra Pradesh,India,2021-11-01,VIP
4743,Baghyawati,Johal,Male,68,Erode,West Bengal,India,2025-06-05,Regular
4744,Chaman,Kalita,Female,63,Mira-Bhayandar,Karnataka,India,2023-08-10,Premium
4745,Aarini,Raj,Male,43,Bikaner,Telangana,India,2022-07-28,Premium
4746,Naksh,Walla,Male,55,Vasai-Virar,Rajasthan,India,2024-07-07,Premium
4747,Bhavya,Nori,Female,18,Chandrapur,West Bengal,India,2021-11-07,VIP
4748,Aayush,Bora,Male,65,Hospet,West Bengal,India,2025-06-06,Regular
4749,Nihal,Devan,Female,34,Gudivada,Rajasthan,India,2026-03-25,Premium
4750,Daksha,Tank,Male,29,Malegaon,Rajasthan,India,2023-02-02,VIP
4751,Harita,Rao,Female,42,Dibrugarh,Maharashtra,India,2025-11-23,Premium
4752,Devansh,Varghese,Female,55,Warangal,Telangana,India,2023-06-17,Premium
4753,Shravya,Vora,Female,53,Howrah,Andhra Pradesh,India,2024-07-08,VIP
4754,Bina,Bir,Female,33,Nagaon,Rajasthan,India,2022-02-18,Regular
4755,Leena,Bose,Female,46,Rohtak,West Bengal,India,2026-08-11,Premium
4756,Kala,Rattan,Male,56,Bhind,Telangana,India,2026-08-09,VIP
4757,Anika,Raman,Female,20,Anantapur,Telangana,India,2026-02-05,Regular
4758,Priya,Sawhney,Male,38,Tezpur,Telangana,India,2025-01-01,Premium
4759,Reyansh,Khurana,Female,63,Udupi,Maharashtra,India,2025-06-30,VIP
4760,Mitesh,Jaggi,Male,61,Jamshedpur,Rajasthan,India,2022-02-22,Regular
4761,Daniel,Dhaliwal,Male,32,Gwalior,Andhra Pradesh,India,2024-12-24,VIP
4762,Nandini,Deo,Male,69,Navi Mumbai,Maharashtra,India,2025-04-10,Regular
4763,Ekantika,Parekh,Female,18,Hospet,Telangana,India,2026-01-08,Premium
4764,Niharika,Mall,Female,64,Panchkula,Karnataka,India,2026-02-28,Regular
4765,Mohini,Naidu,Female,39,Secunderabad,Gujarat,India,2025-11-29,Premium
4766,Indira,Chaudhry,Female,26,Rohtak,Delhi,India,2025-09-18,VIP
4767,Raagini,Maharaj,Female,60,Chennai,Gujarat,India,2022-02-27,Premium
4768,Libni,Viswanathan,Male,24,Naihati,West Bengal,India,2026-02-22,Regular
4769,Oeshi,Wali,Male,40,Jalna,Tamil Nadu,India,2022-03-15,Premium
4770,Ishanvi,Bora,Male,52,Eluru,Maharashtra,India,2024-09-18,Premium
4771,Aadhya,Nair,Female,56,Jamnagar,Maharashtra,India,2023-03-16,Premium
4772,Aahana,Mittal,Female,47,Coimbatore,Gujarat,India,2026-01-26,Premium
4773,Urmi,Minhas,Male,66,Asansol,Andhra Pradesh,India,2023-06-06,Premium
4774,Saksham,Wadhwa,Male,49,Deoghar,Andhra Pradesh,India,2025-05-02,Premium
4775,Anay,Vala,Male,43,Ratlam,Telangana,India,2025-09-17,VIP
4776,Benjamin,Bhatt,Female,68,Jaipur,Tamil Nadu,India,2023-10-19,Regular
4777,Nilima,Hari,Female,44,Bihar Sharif,Gujarat,India,2023-12-28,VIP
4778,Mitesh,Kala,Female,51,Ghaziabad,Maharashtra,India,2023-03-10,Regular
4779,Chakradev,Natarajan,Female,21,Panvel,Delhi,India,2026-04-06,Regular
4780,Udant,Balasubramanian,Female,25,Coimbatore,Gujarat,India,2023-07-10,Premium
4781,Amruta,Arora,Male,39,Amritsar,Delhi,India,2025-10-04,VIP
4782,Vedhika,Sur,Male,20,Darbhanga,Kerala,India,2024-07-29,Regular
4783,Michael,Luthra,Female,22,Bhagalpur,Kerala,India,2024-10-18,VIP
4784,Lopa,Madan,Female,42,Bihar Sharif,West Bengal,India,2024-06-01,VIP
4785,Brijesh,Shetty,Male,19,Raichur,Gujarat,India,2024-12-04,VIP
4786,Vyanjana,Mistry,Female,25,Chapra,Maharashtra,India,2024-06-14,Premium
4787,Wishi,Kapoor,Male,40,Surat,Karnataka,India,2024-07-30,Premium
4788,Chakradev,Dey,Male,46,Mumbai,Kerala,India,2023-02-23,Regular
4789,Zashil,Madan,Female,64,Varanasi,Karnataka,India,2023-09-12,Premium
4790,Gautam,Pandya,Female,50,Thoothukudi,Kerala,India,2026-02-21,VIP
4791,Avni,Badal,Female,18,Jhansi,West Bengal,India,2024-05-14,VIP
4792,Mitesh,Baria,Female,56,Jalandhar,Tamil Nadu,India,2026-07-04,VIP
4793,Ria,Sharaf,Male,41,Baranagar,Delhi,India,2026-03-30,VIP
4794,Rajeshri,Sharma,Male,18,Phagwara,Telangana,India,2024-10-26,VIP
4795,Ishaan,More,Male,67,Anand,West Bengal,India,2025-05-01,Regular
4796,Amara,Virk,Female,45,Panihati,Delhi,India,2021-09-29,Regular
4797,Xiti,Vig,Female,26,Medininagar,Karnataka,India,2024-06-08,VIP
4798,Zinal,Randhawa,Male,50,Aligarh,Tamil Nadu,India,2026-07-26,Premium
4799,Osha,Dutt,Male,59,Muzaffarnagar,Karnataka,India,2023-02-22,VIP
4800,Pushti,Balasubramanian,Male,69,Motihari,Karnataka,India,2024-12-01,VIP
4801,Ati,Gandhi,Female,49,Bidar,Andhra Pradesh,India,2025-10-20,Regular
4802,Brinda,Varty,Female,25,Navi Mumbai,Andhra Pradesh,India,2025-06-26,Premium
4803,Reyansh,Agate,Male,58,Sambhal,Maharashtra,India,2023-04-05,VIP
4804,Tanay,Chadha,Male,25,Tiruchirappalli,Karnataka,India,2026-03-21,Regular
4805,Gautam,Sidhu,Male,58,Durg,West Bengal,India,2022-12-17,VIP
4806,Lakshmi,Pathak,Male,22,Phusro,Tamil Nadu,India,2024-05-15,Regular
4807,Oeshi,Bajaj,Female,66,Jamnagar,Rajasthan,India,2023-09-19,VIP
4808,Kiaan,Sharma,Female,69,Muzaffarnagar,Tamil Nadu,India,2025-09-28,Premium
4809,Jagat,Seshadri,Male,38,Saharanpur,Kerala,India,2023-03-04,Premium
4810,Vedant,Sinha,Female,32,Vadodara,Gujarat,India,2025-05-11,Premium
4811,Diya,Mahajan,Female,66,Pimpri-Chinchwad,Telangana,India,2026-05-30,Regular
4812,Avni,Shukla,Female,53,Amaravati,Maharashtra,India,2024-06-17,Regular
4813,Aashi,Bobal,Female,68,Bidar,Telangana,India,2025-12-08,Regular
4814,Dipta,Murthy,Female,29,Guntakal,Rajasthan,India,2026-03-06,VIP
4815,Faras,Zachariah,Female,29,Bidhannagar,West Bengal,India,2023-07-02,Regular
4816,Turvi,Varkey,Male,31,Nagercoil,Karnataka,India,2022-04-07,Regular
4817,Ekani,Tak,Male,52,Proddatur,Kerala,India,2024-04-14,Regular
4818,Kala,Uppal,Male,67,Rourkela,Karnataka,India,2025-02-27,VIP
4819,Shivansh,Tiwari,Female,36,Jamalpur,Tamil Nadu,India,2026-01-24,Premium
4820,Saanvi,Roy,Male,36,Loni,Kerala,India,2021-11-28,Regular
4821,Nachiket,Badal,Female,29,Silchar,Tamil Nadu,India,2022-05-22,VIP
4822,Matthew,Khanna,Female,53,Moradabad,Karnataka,India,2023-04-01,Regular
4823,Ishwar,Bala,Male,65,Hubli–Dharwad,Karnataka,India,2026-05-15,Regular
4824,Harish,Dubey,Male,35,Navi Mumbai,Rajasthan,India,2026-01-21,Regular
4825,Krish,Bala,Male,22,Chennai,Rajasthan,India,2025-02-17,Regular
4826,Lipika,Bansal,Female,55,Nashik,Telangana,India,2025-07-31,Premium
4827,Kevin,Kanda,Male,50,Siliguri,Kerala,India,2026-06-07,Premium
4828,Maanas,Ram,Female,28,Rajahmundry,West Bengal,India,2024-01-20,VIP
4829,Yasti,Sarkar,Female,38,Narasaraopet,Maharashtra,India,2025-07-29,Regular
4830,Chakradhar,Kibe,Female,42,Varanasi,Maharashtra,India,2025-04-17,VIP
4831,Vritti,Narang,Male,61,Sasaram,West Bengal,India,2025-03-26,Premium
4832,Zilmil,Kar,Female,23,Sonipat,Delhi,India,2024-09-22,Premium
4833,Sanaya,Arya,Female,21,Mango,Kerala,India,2023-09-21,Regular
4834,Harrison,Garde,Male,48,Salem,Rajasthan,India,2024-06-17,Premium
4835,Forum,Oak,Female,18,Ratlam,Delhi,India,2025-06-15,VIP
4836,Bachittar,Parmar,Female,67,Tiruchirappalli,Maharashtra,India,2026-03-06,Premium
4837,Vanya,Kapadia,Female,32,Parbhani,Gujarat,India,2023-12-15,Premium
4838,Chaitanya,Mukhopadhyay,Female,67,Danapur,Maharashtra,India,2026-04-14,Premium
4839,Shaurya,Cheema,Male,32,Bijapur,Karnataka,India,2022-04-04,Premium
4840,Darika,Subramanian,Male,46,Kota,Delhi,India,2023-01-04,VIP
4841,Utkarsh,Naidu,Female,48,Davanagere,Gujarat,India,2025-02-13,VIP
4842,Sachi,Comar,Female,24,Singrauli,Gujarat,India,2026-04-03,Premium
4843,Falan,Barad,Female,18,Hospet,Tamil Nadu,India,2025-07-05,VIP
4844,Chatresh,Dhar,Female,29,Barasat,Maharashtra,India,2023-12-26,VIP
4845,Ishanvi,Sandhu,Male,47,Firozabad,Karnataka,India,2025-03-21,Regular
4846,Urvashi,Memon,Male,21,Ahmednagar,Telangana,India,2025-04-25,Regular
4847,Prisha,Misra,Male,32,Amritsar,Gujarat,India,2025-05-22,VIP
4848,Tejas,Desai,Male,67,Nangloi Jat,Kerala,India,2023-07-29,Premium
4849,Wishi,Toor,Female,33,Kochi,Karnataka,India,2024-09-25,VIP
4850,Wishi,Pau,Female,47,Nanded,Kerala,India,2022-12-19,Premium
4851,Reva,Kaur,Male,43,Danapur,Rajasthan,India,2025-01-22,Regular
4852,Sathvik,Barad,Male,19,Buxar,Tamil Nadu,India,2022-06-20,Premium
4853,Garima,Pillay,Female,51,Ujjain,Gujarat,India,2023-08-23,VIP
4854,Utkarsh,Gill,Female,67,Mysore,Rajasthan,India,2024-11-28,Regular
4855,Kashish,Biswas,Male,31,Rohtak,Kerala,India,2026-04-15,Regular
4856,Yug,Sant,Male,19,Nagpur,Gujarat,India,2025-09-06,VIP
4857,Sarthak,Mital,Female,64,Yamunanagar,Gujarat,India,2025-09-20,Regular
4858,Aachal,Ramachandran,Female,68,Bhilai,Andhra Pradesh,India,2024-08-26,VIP
4859,Ishanvi,Mander,Female,54,Morbi,Rajasthan,India,2023-12-28,VIP
4860,Ishwar,Samra,Male,56,Mango,Kerala,India,2021-09-27,Regular
4861,Gayathri,Arya,Female,67,Dehradun,Delhi,India,2022-05-14,VIP
4862,Yochana,Chandra,Male,21,Buxar,Telangana,India,2026-05-29,Premium
4863,Ekbal,Mangat,Male,64,Ambattur,Tamil Nadu,India,2024-04-06,VIP
4864,Anusha,Srinivasan,Male,53,Howrah,Karnataka,India,2023-11-19,VIP
4865,Samar,Sur,Male,47,Tumkur,Delhi,India,2021-12-07,VIP
4866,Kabir,Dass,Female,58,Tumkur,Maharashtra,India,2023-10-07,Regular
4867,Saksham,Balakrishnan,Male,62,Khandwa,Andhra Pradesh,India,2024-09-02,VIP
4868,Ayushman,Rajagopalan,Female,47,Bhiwandi,Maharashtra,India,2026-06-17,Regular
4869,Ranbir,Sagar,Male,57,Bidhannagar,Maharashtra,India,2025-08-16,Regular
4870,Jatin,Purohit,Male,22,Haridwar,Gujarat,India,2025-06-02,Premium
4871,Faras,Agarwal,Female,49,Satara,Gujarat,India,2025-01-24,Premium
4872,Wridesh,Mall,Female,54,Patna,Delhi,India,2022-11-09,Regular
4873,Kabir,Deol,Male,41,Agartala,Maharashtra,India,2026-05-05,VIP
4874,Balveer,Bora,Female,26,Bahraich,Delhi,India,2025-04-25,VIP
4875,Timothy,Sama,Male,37,Secunderabad,Andhra Pradesh,India,2021-11-07,Premium
4876,Girindra,Som,Female,28,Srikakulam,Delhi,India,2022-04-30,Regular
4877,Falak,Doctor,Male,28,Bally,Tamil Nadu,India,2025-02-22,Premium
4878,Jai,Mahal,Female,40,Indore,Delhi,India,2023-02-10,Regular
4879,Siddharth,Korpal,Male,20,Rajkot,Maharashtra,India,2025-08-10,Premium
4880,Daksha,Rana,Female,22,Raebareli,Telangana,India,2024-04-29,VIP
4881,Logan,Puri,Female,31,Bhubaneswar,Rajasthan,India,2026-05-22,VIP
4882,Leela,Koshy,Male,25,Warangal,West Bengal,India,2024-12-10,VIP
4883,Tejas,Bhavsar,Female,48,Eluru,Rajasthan,India,2024-07-24,VIP
4884,Ishani,Dugar,Male,30,Shivpuri,West Bengal,India,2025-06-11,VIP
4885,Keya,Lall,Female,68,Bihar Sharif,Delhi,India,2022-02-04,Regular
4886,Atharv,Kalita,Male,45,Delhi,Maharashtra,India,2023-03-27,Premium
4887,Gaurika,Oza,Male,68,Dhule,Delhi,India,2024-01-08,Premium
4888,Bhavya,Kumer,Female,20,Ongole,West Bengal,India,2022-11-29,Regular
4889,Pranit,Walla,Male,46,Chapra,West Bengal,India,2021-09-20,VIP
4890,Charita,Singh,Female,48,Muzaffarpur,Andhra Pradesh,India,2022-04-11,Premium
4891,Zayyan,Patel,Female,35,Burhanpur,Rajasthan,India,2022-06-05,VIP
4892,Kashvi,Subramaniam,Female,55,Amaravati,Kerala,India,2023-05-26,Regular
4893,Manthan,Parmar,Female,68,Raipur,Tamil Nadu,India,2023-12-07,Premium
4894,Tanvi,Vora,Female,53,Giridih,Maharashtra,India,2024-05-29,Premium
4895,Tanay,Bhatt,Male,57,Bangalore,Tamil Nadu,India,2024-03-05,Regular
4896,Akshay,Nagy,Male,50,Latur,Maharashtra,India,2025-06-18,Premium
4897,Warhi,Saran,Female,69,Bareilly,Tamil Nadu,India,2026-01-31,Premium
4898,Rishi,Ben,Female,39,Ambala,Rajasthan,India,2022-02-25,Premium
4899,Darpan,Chaudhry,Male,46,Latur,West Bengal,India,2022-06-11,Premium
4900,Devika,Jhaveri,Male,69,Anantapur,Delhi,India,2022-07-01,VIP
4901,Dhruv,Krishna,Female,26,Bhiwani,Gujarat,India,2025-10-22,Premium
4902,Nitara,Garde,Male,37,Kanpur,West Bengal,India,2025-11-05,VIP
4903,Faras,Shan,Female,59,Ranchi,Maharashtra,India,2025-02-28,Premium
4904,Ekaja,Sampath,Male,26,Warangal,Gujarat,India,2024-07-11,Regular
4905,Suhani,Bera,Male,26,Motihari,Delhi,India,2021-09-25,Premium
4906,Luke,Sangha,Male,25,Sambalpur,Andhra Pradesh,India,2022-04-30,VIP
4907,Kashish,Lall,Female,30,Thiruvananthapuram,Maharashtra,India,2021-10-26,VIP
4908,Netra,Bandi,Female,54,Udaipur,Andhra Pradesh,India,2023-05-17,VIP
4909,Chatura,Goyal,Male,46,Thanjavur,West Bengal,India,2024-07-25,VIP
4910,Anirudh,Narain,Male,58,Gulbarga,Rajasthan,India,2024-03-01,Premium
4911,Girish,Char,Female,19,Jamnagar,Maharashtra,India,2021-12-11,Regular
4912,Netra,Rege,Female,66,Vadodara,Delhi,India,2022-08-04,Premium
4913,Divya,Borra,Female,62,Imphal,West Bengal,India,2026-07-13,Premium
4914,Lucky,Bahl,Female,61,Rewa,Rajasthan,India,2025-04-28,VIP
4915,Zaid,Jha,Female,50,Warangal,Maharashtra,India,2022-11-13,VIP
4916,Laban,Mall,Female,52,Patna,Tamil Nadu,India,2024-06-06,Regular
4917,Vincent,De,Male,48,Belgaum,Andhra Pradesh,India,2022-02-11,VIP
4918,Kashish,Purohit,Female,51,Bhopal,Tamil Nadu,India,2022-07-12,VIP
4919,Chakradhar,Borra,Female,56,Dhule,West Bengal,India,2023-11-22,Regular
4920,Damyanti,Kadakia,Female,60,Ramgarh,Gujarat,India,2022-07-28,Premium
4921,Reyansh,Kari,Male,60,Bharatpur,Telangana,India,2023-04-05,Regular
4922,Zansi,Radhakrishnan,Female,34,Kakinada,Delhi,India,2023-01-22,Premium
4923,Yagnesh,Kumar,Female,55,Bulandshahr,Rajasthan,India,2024-02-15,Regular
4924,Gauri,Date,Female,19,Avadi,Tamil Nadu,India,2023-04-17,Premium
4925,Xiti,Ratta,Female,63,Bihar Sharif,West Bengal,India,2025-06-24,Regular
4926,Priya,Ahluwalia,Male,63,Bilaspur,Tamil Nadu,India,2026-01-25,VIP
4927,Qushi,Sanghvi,Male,32,Agartala,Gujarat,India,2023-03-12,VIP
4928,Chatura,Parikh,Male,21,Junagadh,Gujarat,India,2025-07-28,VIP
4929,Urvashi,Kibe,Female,44,Chapra,Tamil Nadu,India,2026-05-24,Premium
4930,Jalsa,Goel,Female,59,Ahmednagar,Gujarat,India,2024-09-28,Regular
4931,Nidhi,Chanda,Male,51,Belgaum,Maharashtra,India,2024-12-22,Regular
4932,Netra,Prabhakar,Male,62,Phusro,Maharashtra,India,2022-04-12,Premium
4933,Amara,Sura,Female,68,Sangli-Miraj & Kupwad,Tamil Nadu,India,2024-11-09,Regular
4934,Yatin,Vaidya,Female,28,Udupi,Andhra Pradesh,India,2025-04-04,Regular
4935,Omaja,Mital,Female,35,Shimoga,Tamil Nadu,India,2025-09-25,Premium
4936,Kala,Kanda,Male,67,Machilipatnam,Tamil Nadu,India,2024-11-13,VIP
4937,Nathaniel,Mani,Male,45,Gopalpur,Gujarat,India,2025-01-23,VIP
4938,Radha,Nadkarni,Female,24,Sonipat,Andhra Pradesh,India,2023-06-27,VIP
4939,Nikita,Datta,Male,46,Kulti,Andhra Pradesh,India,2023-01-09,Premium
4940,Bimala,Jain,Male,68,Kumbakonam,Telangana,India,2022-12-30,VIP
4941,Chameli,Chauhan,Female,43,Fatehpur,Rajasthan,India,2022-05-30,Regular
4942,Naksh,Shankar,Male,22,Thiruvananthapuram,Maharashtra,India,2026-05-14,Regular
4943,Udarsh,Naik,Male,48,Rajpur Sonarpur,Tamil Nadu,India,2024-02-25,Regular
4944,Nirja,Narasimhan,Male,43,Shahjahanpur,Karnataka,India,2026-08-18,Regular
4945,Atharv,Sachar,Female,27,Singrauli,Karnataka,India,2026-04-17,VIP
4946,Manan,Minhas,Female,52,Gudivada,Kerala,India,2023-09-22,VIP
4947,Faras,Sagar,Female,58,Raichur,Tamil Nadu,India,2023-08-16,Premium
4948,Xiti,Chacko,Female,68,Singrauli,Karnataka,India,2026-02-04,VIP
4949,Ronith,Shenoy,Female,38,Bhopal,Tamil Nadu,India,2023-10-18,Regular
4950,Arin,Tank,Male,44,Bhalswa Jahangir Pur,West Bengal,India,2022-10-29,VIP
4951,Ladli,Bhargava,Female,63,Rourkela,Telangana,India,2021-09-30,Premium
4952,Girish,Mahal,Male,34,Ongole,Andhra Pradesh,India,2026-06-04,Premium
4953,Anirudh,Dey,Female,57,Panipat,Kerala,India,2026-08-05,Premium
4954,Sarthak,Dalal,Female,18,Bhilai,Rajasthan,India,2024-02-21,VIP
4955,Mitali,Hegde,Male,69,Mango,Tamil Nadu,India,2025-02-02,VIP
4956,Qarin,Naik,Male,22,Asansol,Maharashtra,India,2026-08-19,Regular
4957,Nitesh,Rama,Male,69,Hapur,Andhra Pradesh,India,2025-02-28,Regular
4958,Samesh,Halder,Female,51,Jaunpur,West Bengal,India,2022-11-22,Regular
4959,Charita,Apte,Male,53,Tenali,Tamil Nadu,India,2026-08-02,Regular
4960,Adweta,Tiwari,Male,22,Bhubaneswar,Delhi,India,2023-04-04,VIP
4961,Odika,Rajagopal,Female,69,Tezpur,Telangana,India,2025-08-17,VIP
4962,Gaurang,Rout,Male,51,Indore,Kerala,India,2025-03-20,Regular
4963,Udarsh,Kamdar,Male,20,Muzaffarnagar,Gujarat,India,2022-08-28,Premium
4964,Bachittar,Cheema,Female,60,Moradabad,Karnataka,India,2023-02-27,Premium
4965,Inaya,Bala,Female,59,Rewa,Delhi,India,2023-10-25,Premium
4966,Anita,Bandi,Male,38,Jammu,West Bengal,India,2023-08-22,Premium
4967,Vincent,Magar,Female,64,Thrissur,Delhi,India,2025-10-06,VIP
4968,Oni,Subramaniam,Female,38,Panipat,Delhi,India,2026-04-02,Regular
4969,Harish,Manda,Male,34,Phusro,Tamil Nadu,India,2026-05-09,VIP
4970,Alka,Chakrabarti,Female,36,Madurai,Karnataka,India,2025-05-28,Premium
4971,Wakeeta,Kalita,Female,62,Srinagar,Telangana,India,2023-11-06,Premium
4972,Gavin,Chawla,Male,22,Hyderabad,Kerala,India,2024-02-14,Regular
4973,Fiyaz,Bakshi,Male,68,Bijapur,Gujarat,India,2023-02-01,Regular
4974,Balvan,Dora,Male,60,Erode,Kerala,India,2022-09-22,VIP
4975,Netra,Bali,Female,42,Udupi,Telangana,India,2022-01-18,Regular
4976,Yatin,Manne,Male,31,Bhilai,Delhi,India,2023-06-03,Premium
4977,Aarna,Thaker,Female,40,Barasat,West Bengal,India,2026-06-03,Regular
4978,Advika,Dugal,Female,44,Bhagalpur,Gujarat,India,2024-06-05,Regular
4979,Rudra,Borde,Female,62,Ghaziabad,Karnataka,India,2025-10-12,VIP
4980,Gopal,Sunder,Male,53,Tiruppur,Telangana,India,2026-05-03,Regular
4981,Lavanya,Bhargava,Male,20,North Dumdum,Maharashtra,India,2025-10-20,VIP
4982,Hardik,Chadha,Male,63,Bhiwandi,Maharashtra,India,2023-06-11,Regular
4983,Krishna,Chaudhari,Female,27,Pune,Gujarat,India,2022-11-12,VIP
4984,Chavvi,Shetty,Female,34,Nanded,Maharashtra,India,2026-02-21,Regular
4985,Gaurang,Mann,Male,61,Jamshedpur,Andhra Pradesh,India,2022-11-03,Premium
4986,Tripti,Mistry,Female,69,Bhavnagar,Gujarat,India,2025-11-01,VIP
4987,Falan,Kala,Female,40,Fatehpur,Tamil Nadu,India,2026-01-19,Premium
4988,Jyoti,Swaminathan,Male,48,Durg,Maharashtra,India,2025-05-11,VIP
4989,Raghav,Bora,Female,20,Begusarai,Karnataka,India,2022-05-23,VIP
4990,Baljiwan,Tata,Male,27,Srikakulam,Telangana,India,2022-08-29,VIP
4991,Ladli,Das,Male,26,Gulbarga,Maharashtra,India,2023-11-02,VIP
4992,Max,Dani,Male,65,Anantapuram,West Bengal,India,2022-02-13,Regular
4993,Faqid,Khanna,Male,18,Thanjavur,Kerala,India,2023-07-26,Regular
4994,Garima,Behl,Male,35,Kavali,Telangana,India,2025-05-26,VIP
4995,Qasim,Rama,Male,24,Vellore,Telangana,India,2026-05-17,VIP
4996,Zehaan,Padmanabhan,Male,23,Rourkela,Gujarat,India,2024-06-18,VIP
4997,Parth,Taneja,Male,60,Aurangabad,Telangana,India,2021-09-24,VIP
4998,Liam,Patla,Female,39,Morbi,West Bengal,India,2022-04-07,Regular
4999,Unnati,Majumdar,Male,43,Purnia,Tamil Nadu,India,2025-01-13,VIP
5000,Barkha,Toor,Female,41,Howrah,Maharashtra,India,2021-12-22,Regular
